"ecosystem","component","version","usage","complete","without_informix","license","evidence","source","decision","note"
"asset","Inter","archivo local","landing","no; solo web","no; solo web","SIL OFL 1.1","landing/assets/inter-LICENSE.txt","archivo versionado","PENDIENTE REVISION","Confirmar correspondencia entre fuente binaria y aviso."
"asset","JetBrains Mono","archivo local","landing","no; solo web","no; solo web","SIL OFL 1.1","landing/assets/jetbrains-mono-LICENSE.txt","archivo versionado","PENDIENTE REVISION","Confirmar correspondencia entre fuente binaria y aviso."
"asset","Marca e iconos Druse","archivo local","landing y shell","si","si","NO DETERMINADA","landing/assets/druse.png; shells/desktop-tauri/icons","repositorio","PENDIENTE REVISION","Pendiente procedencia y derechos del titular."
"Cargo","adler2","2.0.1","lock multiplataforma: runtime/build por resolver","posible; requiere cargo tree objetivo","igual shell; no depende del proveedor","0BSD OR MIT OR Apache-2.0","Cargo registry:adler2-2.0.1/Cargo.toml","https://crates.io/crates/adler2/2.0.1","PENDIENTE REVISION",""
"Cargo","aho-corasick","1.1.5","lock multiplataforma: runtime/build por resolver","posible; requiere cargo tree objetivo","igual shell; no depende del proveedor","Unlicense OR MIT","Cargo registry:aho-corasick-1.1.5/Cargo.toml","https://crates.io/crates/aho-corasick/1.1.5","PENDIENTE REVISION",""
"Cargo","alloc-no-stdlib","2.0.4","lock multiplataforma: runtime/build por resolver","posible; requiere cargo tree objetivo","igual shell; no depende del proveedor","BSD-3-Clause","Cargo registry:alloc-no-stdlib-2.0.4/Cargo.toml","https://crates.io/crates/alloc-no-stdlib/2.0.4","PENDIENTE REVISION",""
"Cargo","alloc-stdlib","0.2.4","lock multiplataforma: runtime/build por resolver","posible; requiere cargo tree objetivo","igual shell; no depende del proveedor","BSD-3-Clause","Cargo registry:alloc-stdlib-0.2.4/Cargo.toml","https://crates.io/crates/alloc-stdlib/0.2.4","PENDIENTE REVISION",""
"Cargo","android_system_properties","0.1.6","lock multiplataforma: runtime/build por resolver","posible; requiere cargo tree objetivo","igual shell; no depende del proveedor","MIT OR Apache-2.0","Cargo registry:android_system_properties-0.1.6/Cargo.toml","https://crates.io/crates/android_system_properties/0.1.6","PENDIENTE REVISION",""
"Cargo","anyhow","1.0.104","lock multiplataforma: runtime/build por resolver","posible; requiere cargo tree objetivo","igual shell; no depende del proveedor","MIT OR Apache-2.0","Cargo registry:anyhow-1.0.104/Cargo.toml","https://crates.io/crates/anyhow/1.0.104","PENDIENTE REVISION",""
"Cargo","arbitrary","1.4.2","lock multiplataforma: runtime/build por resolver","posible; requiere cargo tree objetivo","igual shell; no depende del proveedor","MIT OR Apache-2.0","Cargo registry:arbitrary-1.4.2/Cargo.toml","https://crates.io/crates/arbitrary/1.4.2","PENDIENTE REVISION",""
"Cargo","atk-sys","0.18.2","lock multiplataforma: runtime/build por resolver","posible; requiere cargo tree objetivo","igual shell; no depende del proveedor","MIT","Cargo registry:atk-sys-0.18.2/Cargo.toml","https://crates.io/crates/atk-sys/0.18.2","PENDIENTE REVISION",""
"Cargo","atk","0.18.2","lock multiplataforma: runtime/build por resolver","posible; requiere cargo tree objetivo","igual shell; no depende del proveedor","MIT","Cargo registry:atk-0.18.2/Cargo.toml","https://crates.io/crates/atk/0.18.2","PENDIENTE REVISION",""
"Cargo","atomic-waker","1.1.2","lock multiplataforma: runtime/build por resolver","posible; requiere cargo tree objetivo","igual shell; no depende del proveedor","Apache-2.0 OR MIT","Cargo registry:atomic-waker-1.1.2/Cargo.toml","https://crates.io/crates/atomic-waker/1.1.2","PENDIENTE REVISION",""
"Cargo","autocfg","1.5.1","lock multiplataforma: runtime/build por resolver","posible; requiere cargo tree objetivo","igual shell; no depende del proveedor","Apache-2.0 OR MIT","Cargo registry:autocfg-1.5.1/Cargo.toml","https://crates.io/crates/autocfg/1.5.1","PENDIENTE REVISION",""
"Cargo","base64","0.21.7","lock multiplataforma: runtime/build por resolver","posible; requiere cargo tree objetivo","igual shell; no depende del proveedor","MIT OR Apache-2.0","Cargo registry:base64-0.21.7/Cargo.toml","https://crates.io/crates/base64/0.21.7","PENDIENTE REVISION",""
"Cargo","base64","0.22.1","lock multiplataforma: runtime/build por resolver","posible; requiere cargo tree objetivo","igual shell; no depende del proveedor","MIT OR Apache-2.0","Cargo registry:base64-0.22.1/Cargo.toml","https://crates.io/crates/base64/0.22.1","PENDIENTE REVISION",""
"Cargo","bit-set","0.8.0","lock multiplataforma: runtime/build por resolver","posible; requiere cargo tree objetivo","igual shell; no depende del proveedor","Apache-2.0 OR MIT","Cargo registry:bit-set-0.8.0/Cargo.toml","https://crates.io/crates/bit-set/0.8.0","PENDIENTE REVISION",""
"Cargo","bit-vec","0.8.0","lock multiplataforma: runtime/build por resolver","posible; requiere cargo tree objetivo","igual shell; no depende del proveedor","Apache-2.0 OR MIT","Cargo registry:bit-vec-0.8.0/Cargo.toml","https://crates.io/crates/bit-vec/0.8.0","PENDIENTE REVISION",""
"Cargo","bitflags","1.3.2","lock multiplataforma: runtime/build por resolver","posible; requiere cargo tree objetivo","igual shell; no depende del proveedor","MIT/Apache-2.0","Cargo registry:bitflags-1.3.2/Cargo.toml","https://crates.io/crates/bitflags/1.3.2","PENDIENTE REVISION",""
"Cargo","bitflags","2.13.1","lock multiplataforma: runtime/build por resolver","posible; requiere cargo tree objetivo","igual shell; no depende del proveedor","MIT OR Apache-2.0","Cargo registry:bitflags-2.13.1/Cargo.toml","https://crates.io/crates/bitflags/2.13.1","PENDIENTE REVISION",""
"Cargo","block-buffer","0.10.4","lock multiplataforma: runtime/build por resolver","posible; requiere cargo tree objetivo","igual shell; no depende del proveedor","MIT OR Apache-2.0","Cargo registry:block-buffer-0.10.4/Cargo.toml","https://crates.io/crates/block-buffer/0.10.4","PENDIENTE REVISION",""
"Cargo","block2","0.6.2","lock multiplataforma: runtime/build por resolver","posible; requiere cargo tree objetivo","igual shell; no depende del proveedor","MIT","Cargo registry:block2-0.6.2/Cargo.toml","https://crates.io/crates/block2/0.6.2","PENDIENTE REVISION",""
"Cargo","brotli-decompressor","5.0.3","lock multiplataforma: runtime/build por resolver","posible; requiere cargo tree objetivo","igual shell; no depende del proveedor","BSD-3-Clause/MIT","Cargo registry:brotli-decompressor-5.0.3/Cargo.toml","https://crates.io/crates/brotli-decompressor/5.0.3","PENDIENTE REVISION",""
"Cargo","brotli","8.0.4","lock multiplataforma: runtime/build por resolver","posible; requiere cargo tree objetivo","igual shell; no depende del proveedor","BSD-3-Clause AND MIT","Cargo registry:brotli-8.0.4/Cargo.toml","https://crates.io/crates/brotli/8.0.4","PENDIENTE REVISION",""
"Cargo","bs58","0.5.1","lock multiplataforma: runtime/build por resolver","posible; requiere cargo tree objetivo","igual shell; no depende del proveedor","MIT/Apache-2.0","Cargo registry:bs58-0.5.1/Cargo.toml","https://crates.io/crates/bs58/0.5.1","PENDIENTE REVISION",""
"Cargo","bumpalo","3.20.3","lock multiplataforma: runtime/build por resolver","posible; requiere cargo tree objetivo","igual shell; no depende del proveedor","MIT OR Apache-2.0","Cargo registry:bumpalo-3.20.3/Cargo.toml","https://crates.io/crates/bumpalo/3.20.3","PENDIENTE REVISION",""
"Cargo","bytemuck","1.25.2","lock multiplataforma: runtime/build por resolver","posible; requiere cargo tree objetivo","igual shell; no depende del proveedor","Zlib OR Apache-2.0 OR MIT","Cargo registry:bytemuck-1.25.2/Cargo.toml","https://crates.io/crates/bytemuck/1.25.2","PENDIENTE REVISION",""
"Cargo","byteorder","1.5.0","lock multiplataforma: runtime/build por resolver","posible; requiere cargo tree objetivo","igual shell; no depende del proveedor","Unlicense OR MIT","Cargo registry:byteorder-1.5.0/Cargo.toml","https://crates.io/crates/byteorder/1.5.0","PENDIENTE REVISION",""
"Cargo","bytes","1.12.1","lock multiplataforma: runtime/build por resolver","posible; requiere cargo tree objetivo","igual shell; no depende del proveedor","MIT","Cargo registry:bytes-1.12.1/Cargo.toml","https://crates.io/crates/bytes/1.12.1","PENDIENTE REVISION",""
"Cargo","cairo-rs","0.18.5","lock multiplataforma: runtime/build por resolver","posible; requiere cargo tree objetivo","igual shell; no depende del proveedor","MIT","Cargo registry:cairo-rs-0.18.5/Cargo.toml","https://crates.io/crates/cairo-rs/0.18.5","PENDIENTE REVISION",""
"Cargo","cairo-sys-rs","0.18.2","lock multiplataforma: runtime/build por resolver","posible; requiere cargo tree objetivo","igual shell; no depende del proveedor","MIT","Cargo registry:cairo-sys-rs-0.18.2/Cargo.toml","https://crates.io/crates/cairo-sys-rs/0.18.2","PENDIENTE REVISION",""
"Cargo","camino","1.2.5","lock multiplataforma: runtime/build por resolver","posible; requiere cargo tree objetivo","igual shell; no depende del proveedor","MIT OR Apache-2.0","Cargo registry:camino-1.2.5/Cargo.toml","https://crates.io/crates/camino/1.2.5","PENDIENTE REVISION",""
"Cargo","cargo_metadata","0.19.2","lock multiplataforma: runtime/build por resolver","posible; requiere cargo tree objetivo","igual shell; no depende del proveedor","MIT","Cargo registry:cargo_metadata-0.19.2/Cargo.toml","https://crates.io/crates/cargo_metadata/0.19.2","PENDIENTE REVISION",""
"Cargo","cargo_toml","0.22.3","lock multiplataforma: runtime/build por resolver","posible; requiere cargo tree objetivo","igual shell; no depende del proveedor","Apache-2.0 OR MIT","Cargo registry:cargo_toml-0.22.3/Cargo.toml","https://crates.io/crates/cargo_toml/0.22.3","PENDIENTE REVISION",""
"Cargo","cargo-platform","0.1.9","lock multiplataforma: runtime/build por resolver","posible; requiere cargo tree objetivo","igual shell; no depende del proveedor","MIT OR Apache-2.0","Cargo registry:cargo-platform-0.1.9/Cargo.toml","https://crates.io/crates/cargo-platform/0.1.9","PENDIENTE REVISION",""
"Cargo","cc","1.4.2","lock multiplataforma: runtime/build por resolver","posible; requiere cargo tree objetivo","igual shell; no depende del proveedor","MIT OR Apache-2.0","Cargo registry:cc-1.4.2/Cargo.toml","https://crates.io/crates/cc/1.4.2","PENDIENTE REVISION",""
"Cargo","cesu8","1.1.0","lock multiplataforma: runtime/build por resolver","posible; requiere cargo tree objetivo","igual shell; no depende del proveedor","Apache-2.0/MIT","Cargo registry:cesu8-1.1.0/Cargo.toml","https://crates.io/crates/cesu8/1.1.0","PENDIENTE REVISION",""
"Cargo","cfb","0.7.3","lock multiplataforma: runtime/build por resolver","posible; requiere cargo tree objetivo","igual shell; no depende del proveedor","MIT","Cargo registry:cfb-0.7.3/Cargo.toml","https://crates.io/crates/cfb/0.7.3","PENDIENTE REVISION",""
"Cargo","cfg-expr","0.15.8","lock multiplataforma: runtime/build por resolver","posible; requiere cargo tree objetivo","igual shell; no depende del proveedor","MIT OR Apache-2.0","Cargo registry:cfg-expr-0.15.8/Cargo.toml","https://crates.io/crates/cfg-expr/0.15.8","PENDIENTE REVISION",""
"Cargo","cfg-if","1.0.4","lock multiplataforma: runtime/build por resolver","posible; requiere cargo tree objetivo","igual shell; no depende del proveedor","MIT OR Apache-2.0","Cargo registry:cfg-if-1.0.4/Cargo.toml","https://crates.io/crates/cfg-if/1.0.4","PENDIENTE REVISION",""
"Cargo","chrono","0.4.45","lock multiplataforma: runtime/build por resolver","posible; requiere cargo tree objetivo","igual shell; no depende del proveedor","MIT OR Apache-2.0","Cargo registry:chrono-0.4.45/Cargo.toml","https://crates.io/crates/chrono/0.4.45","PENDIENTE REVISION",""
"Cargo","combine","4.6.7","lock multiplataforma: runtime/build por resolver","posible; requiere cargo tree objetivo","igual shell; no depende del proveedor","MIT","Cargo registry:combine-4.6.7/Cargo.toml","https://crates.io/crates/combine/4.6.7","PENDIENTE REVISION",""
"Cargo","cookie","0.18.2","lock multiplataforma: runtime/build por resolver","posible; requiere cargo tree objetivo","igual shell; no depende del proveedor","MIT OR Apache-2.0","Cargo registry:cookie-0.18.2/Cargo.toml","https://crates.io/crates/cookie/0.18.2","PENDIENTE REVISION",""
"Cargo","core-foundation-sys","0.8.7","lock multiplataforma: runtime/build por resolver","posible; requiere cargo tree objetivo","igual shell; no depende del proveedor","MIT OR Apache-2.0","Cargo registry:core-foundation-sys-0.8.7/Cargo.toml","https://crates.io/crates/core-foundation-sys/0.8.7","PENDIENTE REVISION",""
"Cargo","core-foundation","0.10.1","lock multiplataforma: runtime/build por resolver","posible; requiere cargo tree objetivo","igual shell; no depende del proveedor","MIT OR Apache-2.0","Cargo registry:core-foundation-0.10.1/Cargo.toml","https://crates.io/crates/core-foundation/0.10.1","PENDIENTE REVISION",""
"Cargo","core-graphics-types","0.2.0","lock multiplataforma: runtime/build por resolver","posible; requiere cargo tree objetivo","igual shell; no depende del proveedor","MIT OR Apache-2.0","Cargo registry:core-graphics-types-0.2.0/Cargo.toml","https://crates.io/crates/core-graphics-types/0.2.0","PENDIENTE REVISION",""
"Cargo","core-graphics","0.25.0","lock multiplataforma: runtime/build por resolver","posible; requiere cargo tree objetivo","igual shell; no depende del proveedor","MIT OR Apache-2.0","Cargo registry:core-graphics-0.25.0/Cargo.toml","https://crates.io/crates/core-graphics/0.25.0","PENDIENTE REVISION",""
"Cargo","cpufeatures","0.2.17","lock multiplataforma: runtime/build por resolver","posible; requiere cargo tree objetivo","igual shell; no depende del proveedor","MIT OR Apache-2.0","Cargo registry:cpufeatures-0.2.17/Cargo.toml","https://crates.io/crates/cpufeatures/0.2.17","PENDIENTE REVISION",""
"Cargo","crc32fast","1.5.0","lock multiplataforma: runtime/build por resolver","posible; requiere cargo tree objetivo","igual shell; no depende del proveedor","MIT OR Apache-2.0","Cargo registry:crc32fast-1.5.0/Cargo.toml","https://crates.io/crates/crc32fast/1.5.0","PENDIENTE REVISION",""
"Cargo","crossbeam-channel","0.5.16","lock multiplataforma: runtime/build por resolver","posible; requiere cargo tree objetivo","igual shell; no depende del proveedor","MIT OR Apache-2.0","Cargo registry:crossbeam-channel-0.5.16/Cargo.toml","https://crates.io/crates/crossbeam-channel/0.5.16","PENDIENTE REVISION",""
"Cargo","crossbeam-utils","0.8.22","lock multiplataforma: runtime/build por resolver","posible; requiere cargo tree objetivo","igual shell; no depende del proveedor","MIT OR Apache-2.0","Cargo registry:crossbeam-utils-0.8.22/Cargo.toml","https://crates.io/crates/crossbeam-utils/0.8.22","PENDIENTE REVISION",""
"Cargo","crypto-common","0.1.7","lock multiplataforma: runtime/build por resolver","posible; requiere cargo tree objetivo","igual shell; no depende del proveedor","MIT OR Apache-2.0","Cargo registry:crypto-common-0.1.7/Cargo.toml","https://crates.io/crates/crypto-common/0.1.7","PENDIENTE REVISION",""
"Cargo","cssparser-macros","0.6.1","lock multiplataforma: runtime/build por resolver","posible; requiere cargo tree objetivo","igual shell; no depende del proveedor","MPL-2.0","Cargo registry:cssparser-macros-0.6.1/Cargo.toml","https://crates.io/crates/cssparser-macros/0.6.1","PENDIENTE REVISION",""
"Cargo","cssparser","0.36.0","lock multiplataforma: runtime/build por resolver","posible; requiere cargo tree objetivo","igual shell; no depende del proveedor","MPL-2.0","Cargo registry:cssparser-0.36.0/Cargo.toml","https://crates.io/crates/cssparser/0.36.0","PENDIENTE REVISION",""
"Cargo","ctor-proc-macro","0.0.7","lock multiplataforma: runtime/build por resolver","posible; requiere cargo tree objetivo","igual shell; no depende del proveedor","Apache-2.0 OR MIT","Cargo registry:ctor-proc-macro-0.0.7/Cargo.toml","https://crates.io/crates/ctor-proc-macro/0.0.7","PENDIENTE REVISION",""
"Cargo","ctor","0.8.0","lock multiplataforma: runtime/build por resolver","posible; requiere cargo tree objetivo","igual shell; no depende del proveedor","Apache-2.0 OR MIT","Cargo registry:ctor-0.8.0/Cargo.toml","https://crates.io/crates/ctor/0.8.0","PENDIENTE REVISION",""
"Cargo","darling_core","0.23.0","lock multiplataforma: runtime/build por resolver","posible; requiere cargo tree objetivo","igual shell; no depende del proveedor","MIT","Cargo registry:darling_core-0.23.0/Cargo.toml","https://crates.io/crates/darling_core/0.23.0","PENDIENTE REVISION",""
"Cargo","darling_macro","0.23.0","lock multiplataforma: runtime/build por resolver","posible; requiere cargo tree objetivo","igual shell; no depende del proveedor","MIT","Cargo registry:darling_macro-0.23.0/Cargo.toml","https://crates.io/crates/darling_macro/0.23.0","PENDIENTE REVISION",""
"Cargo","darling","0.23.0","lock multiplataforma: runtime/build por resolver","posible; requiere cargo tree objetivo","igual shell; no depende del proveedor","MIT","Cargo registry:darling-0.23.0/Cargo.toml","https://crates.io/crates/darling/0.23.0","PENDIENTE REVISION",""
"Cargo","dbus","0.9.12","lock multiplataforma: runtime/build por resolver","posible; requiere cargo tree objetivo","igual shell; no depende del proveedor","Apache-2.0/MIT","Cargo registry:dbus-0.9.12/Cargo.toml","https://crates.io/crates/dbus/0.9.12","PENDIENTE REVISION",""
"Cargo","defmt-macros","1.1.1","lock multiplataforma: runtime/build por resolver","posible; requiere cargo tree objetivo","igual shell; no depende del proveedor","MIT OR Apache-2.0","Cargo registry:defmt-macros-1.1.1/Cargo.toml","https://crates.io/crates/defmt-macros/1.1.1","PENDIENTE REVISION",""
"Cargo","defmt-parser","1.0.0","lock multiplataforma: runtime/build por resolver","posible; requiere cargo tree objetivo","igual shell; no depende del proveedor","MIT OR Apache-2.0","Cargo registry:defmt-parser-1.0.0/Cargo.toml","https://crates.io/crates/defmt-parser/1.0.0","PENDIENTE REVISION",""
"Cargo","defmt","1.1.1","lock multiplataforma: runtime/build por resolver","posible; requiere cargo tree objetivo","igual shell; no depende del proveedor","MIT OR Apache-2.0","Cargo registry:defmt-1.1.1/Cargo.toml","https://crates.io/crates/defmt/1.1.1","PENDIENTE REVISION",""
"Cargo","deranged","0.5.8","lock multiplataforma: runtime/build por resolver","posible; requiere cargo tree objetivo","igual shell; no depende del proveedor","MIT OR Apache-2.0","Cargo registry:deranged-0.5.8/Cargo.toml","https://crates.io/crates/deranged/0.5.8","PENDIENTE REVISION",""
"Cargo","derive_arbitrary","1.4.2","lock multiplataforma: runtime/build por resolver","posible; requiere cargo tree objetivo","igual shell; no depende del proveedor","MIT OR Apache-2.0","Cargo registry:derive_arbitrary-1.4.2/Cargo.toml","https://crates.io/crates/derive_arbitrary/1.4.2","PENDIENTE REVISION",""
"Cargo","derive_more-impl","2.1.1","lock multiplataforma: runtime/build por resolver","posible; requiere cargo tree objetivo","igual shell; no depende del proveedor","MIT","Cargo registry:derive_more-impl-2.1.1/Cargo.toml","https://crates.io/crates/derive_more-impl/2.1.1","PENDIENTE REVISION",""
"Cargo","derive_more","2.1.1","lock multiplataforma: runtime/build por resolver","posible; requiere cargo tree objetivo","igual shell; no depende del proveedor","MIT","Cargo registry:derive_more-2.1.1/Cargo.toml","https://crates.io/crates/derive_more/2.1.1","PENDIENTE REVISION",""
"Cargo","digest","0.10.7","lock multiplataforma: runtime/build por resolver","posible; requiere cargo tree objetivo","igual shell; no depende del proveedor","MIT OR Apache-2.0","Cargo registry:digest-0.10.7/Cargo.toml","https://crates.io/crates/digest/0.10.7","PENDIENTE REVISION",""
"Cargo","dirs-sys","0.4.1","lock multiplataforma: runtime/build por resolver","posible; requiere cargo tree objetivo","igual shell; no depende del proveedor","MIT OR Apache-2.0","Cargo registry:dirs-sys-0.4.1/Cargo.toml","https://crates.io/crates/dirs-sys/0.4.1","PENDIENTE REVISION",""
"Cargo","dirs-sys","0.5.0","lock multiplataforma: runtime/build por resolver","posible; requiere cargo tree objetivo","igual shell; no depende del proveedor","MIT OR Apache-2.0","Cargo registry:dirs-sys-0.5.0/Cargo.toml","https://crates.io/crates/dirs-sys/0.5.0","PENDIENTE REVISION",""
"Cargo","dirs","5.0.1","lock multiplataforma: runtime/build por resolver","posible; requiere cargo tree objetivo","igual shell; no depende del proveedor","MIT OR Apache-2.0","Cargo registry:dirs-5.0.1/Cargo.toml","https://crates.io/crates/dirs/5.0.1","PENDIENTE REVISION",""
"Cargo","dirs","6.0.0","lock multiplataforma: runtime/build por resolver","posible; requiere cargo tree objetivo","igual shell; no depende del proveedor","MIT OR Apache-2.0","Cargo registry:dirs-6.0.0/Cargo.toml","https://crates.io/crates/dirs/6.0.0","PENDIENTE REVISION",""
"Cargo","dispatch2","0.3.1","lock multiplataforma: runtime/build por resolver","posible; requiere cargo tree objetivo","igual shell; no depende del proveedor","Zlib OR Apache-2.0 OR MIT","Cargo registry:dispatch2-0.3.1/Cargo.toml","https://crates.io/crates/dispatch2/0.3.1","PENDIENTE REVISION",""
"Cargo","displaydoc","0.2.7","lock multiplataforma: runtime/build por resolver","posible; requiere cargo tree objetivo","igual shell; no depende del proveedor","MIT OR Apache-2.0","Cargo registry:displaydoc-0.2.7/Cargo.toml","https://crates.io/crates/displaydoc/0.2.7","PENDIENTE REVISION",""
"Cargo","dlopen2_derive","0.4.3","lock multiplataforma: runtime/build por resolver","posible; requiere cargo tree objetivo","igual shell; no depende del proveedor","MIT","Cargo registry:dlopen2_derive-0.4.3/Cargo.toml","https://crates.io/crates/dlopen2_derive/0.4.3","PENDIENTE REVISION",""
"Cargo","dlopen2","0.8.2","lock multiplataforma: runtime/build por resolver","posible; requiere cargo tree objetivo","igual shell; no depende del proveedor","MIT","Cargo registry:dlopen2-0.8.2/Cargo.toml","https://crates.io/crates/dlopen2/0.8.2","PENDIENTE REVISION",""
"Cargo","dom_query","0.27.0","lock multiplataforma: runtime/build por resolver","posible; requiere cargo tree objetivo","igual shell; no depende del proveedor","MIT","Cargo registry:dom_query-0.27.0/Cargo.toml","https://crates.io/crates/dom_query/0.27.0","PENDIENTE REVISION",""
"Cargo","dpi","0.1.2","lock multiplataforma: runtime/build por resolver","posible; requiere cargo tree objetivo","igual shell; no depende del proveedor","Apache-2.0 AND MIT","Cargo registry:dpi-0.1.2/Cargo.toml","https://crates.io/crates/dpi/0.1.2","PENDIENTE REVISION",""
"Cargo","dtoa-short","0.3.5","lock multiplataforma: runtime/build por resolver","posible; requiere cargo tree objetivo","igual shell; no depende del proveedor","MPL-2.0","Cargo registry:dtoa-short-0.3.5/Cargo.toml","https://crates.io/crates/dtoa-short/0.3.5","PENDIENTE REVISION",""
"Cargo","dtoa","1.0.11","lock multiplataforma: runtime/build por resolver","posible; requiere cargo tree objetivo","igual shell; no depende del proveedor","MIT OR Apache-2.0","Cargo registry:dtoa-1.0.11/Cargo.toml","https://crates.io/crates/dtoa/1.0.11","PENDIENTE REVISION",""
"Cargo","dtor-proc-macro","0.0.6","lock multiplataforma: runtime/build por resolver","posible; requiere cargo tree objetivo","igual shell; no depende del proveedor","Apache-2.0 OR MIT","Cargo registry:dtor-proc-macro-0.0.6/Cargo.toml","https://crates.io/crates/dtor-proc-macro/0.0.6","PENDIENTE REVISION",""
"Cargo","dtor","0.3.0","lock multiplataforma: runtime/build por resolver","posible; requiere cargo tree objetivo","igual shell; no depende del proveedor","Apache-2.0 OR MIT","Cargo registry:dtor-0.3.0/Cargo.toml","https://crates.io/crates/dtor/0.3.0","PENDIENTE REVISION",""
"Cargo","dunce","1.0.5","lock multiplataforma: runtime/build por resolver","posible; requiere cargo tree objetivo","igual shell; no depende del proveedor","CC0-1.0 OR MIT-0 OR Apache-2.0","Cargo registry:dunce-1.0.5/Cargo.toml","https://crates.io/crates/dunce/1.0.5","PENDIENTE REVISION",""
"Cargo","dyn-clone","1.0.20","lock multiplataforma: runtime/build por resolver","posible; requiere cargo tree objetivo","igual shell; no depende del proveedor","MIT OR Apache-2.0","Cargo registry:dyn-clone-1.0.20/Cargo.toml","https://crates.io/crates/dyn-clone/1.0.20","PENDIENTE REVISION",""
"Cargo","embed_plist","1.2.2","lock multiplataforma: runtime/build por resolver","posible; requiere cargo tree objetivo","igual shell; no depende del proveedor","MIT OR Apache-2.0","Cargo registry:embed_plist-1.2.2/Cargo.toml","https://crates.io/crates/embed_plist/1.2.2","PENDIENTE REVISION",""
"Cargo","embed-resource","3.0.11","lock multiplataforma: runtime/build por resolver","posible; requiere cargo tree objetivo","igual shell; no depende del proveedor","MIT","Cargo registry:embed-resource-3.0.11/Cargo.toml","https://crates.io/crates/embed-resource/3.0.11","PENDIENTE REVISION",""
"Cargo","equivalent","1.0.2","lock multiplataforma: runtime/build por resolver","posible; requiere cargo tree objetivo","igual shell; no depende del proveedor","Apache-2.0 OR MIT","Cargo registry:equivalent-1.0.2/Cargo.toml","https://crates.io/crates/equivalent/1.0.2","PENDIENTE REVISION",""
"Cargo","erased-serde","0.4.10","lock multiplataforma: runtime/build por resolver","posible; requiere cargo tree objetivo","igual shell; no depende del proveedor","MIT OR Apache-2.0","Cargo registry:erased-serde-0.4.10/Cargo.toml","https://crates.io/crates/erased-serde/0.4.10","PENDIENTE REVISION",""
"Cargo","errno","0.3.14","lock multiplataforma: runtime/build por resolver","posible; requiere cargo tree objetivo","igual shell; no depende del proveedor","MIT OR Apache-2.0","Cargo registry:errno-0.3.14/Cargo.toml","https://crates.io/crates/errno/0.3.14","PENDIENTE REVISION",""
"Cargo","fastrand","2.5.0","lock multiplataforma: runtime/build por resolver","posible; requiere cargo tree objetivo","igual shell; no depende del proveedor","Apache-2.0 OR MIT","Cargo registry:fastrand-2.5.0/Cargo.toml","https://crates.io/crates/fastrand/2.5.0","PENDIENTE REVISION",""
"Cargo","fdeflate","0.3.7","lock multiplataforma: runtime/build por resolver","posible; requiere cargo tree objetivo","igual shell; no depende del proveedor","MIT OR Apache-2.0","Cargo registry:fdeflate-0.3.7/Cargo.toml","https://crates.io/crates/fdeflate/0.3.7","PENDIENTE REVISION",""
"Cargo","field-offset","0.3.6","lock multiplataforma: runtime/build por resolver","posible; requiere cargo tree objetivo","igual shell; no depende del proveedor","MIT OR Apache-2.0","Cargo registry:field-offset-0.3.6/Cargo.toml","https://crates.io/crates/field-offset/0.3.6","PENDIENTE REVISION",""
"Cargo","filetime","0.2.29","lock multiplataforma: runtime/build por resolver","posible; requiere cargo tree objetivo","igual shell; no depende del proveedor","MIT/Apache-2.0","Cargo registry:filetime-0.2.29/Cargo.toml","https://crates.io/crates/filetime/0.2.29","PENDIENTE REVISION",""
"Cargo","find-msvc-tools","0.1.10","lock multiplataforma: runtime/build por resolver","posible; requiere cargo tree objetivo","igual shell; no depende del proveedor","MIT OR Apache-2.0","Cargo registry:find-msvc-tools-0.1.10/Cargo.toml","https://crates.io/crates/find-msvc-tools/0.1.10","PENDIENTE REVISION",""
"Cargo","flate2","1.1.9","lock multiplataforma: runtime/build por resolver","posible; requiere cargo tree objetivo","igual shell; no depende del proveedor","MIT OR Apache-2.0","Cargo registry:flate2-1.1.9/Cargo.toml","https://crates.io/crates/flate2/1.1.9","PENDIENTE REVISION",""
"Cargo","fnv","1.0.7","lock multiplataforma: runtime/build por resolver","posible; requiere cargo tree objetivo","igual shell; no depende del proveedor","Apache-2.0 / MIT","Cargo registry:fnv-1.0.7/Cargo.toml","https://crates.io/crates/fnv/1.0.7","PENDIENTE REVISION",""
"Cargo","foldhash","0.2.0","lock multiplataforma: runtime/build por resolver","posible; requiere cargo tree objetivo","igual shell; no depende del proveedor","Zlib","Cargo registry:foldhash-0.2.0/Cargo.toml","https://crates.io/crates/foldhash/0.2.0","PENDIENTE REVISION",""
"Cargo","foreign-types-macros","0.2.4","lock multiplataforma: runtime/build por resolver","posible; requiere cargo tree objetivo","igual shell; no depende del proveedor","MIT/Apache-2.0","Cargo registry:foreign-types-macros-0.2.4/Cargo.toml","https://crates.io/crates/foreign-types-macros/0.2.4","PENDIENTE REVISION",""
"Cargo","foreign-types-shared","0.3.1","lock multiplataforma: runtime/build por resolver","posible; requiere cargo tree objetivo","igual shell; no depende del proveedor","MIT/Apache-2.0","Cargo registry:foreign-types-shared-0.3.1/Cargo.toml","https://crates.io/crates/foreign-types-shared/0.3.1","PENDIENTE REVISION",""
"Cargo","foreign-types","0.5.0","lock multiplataforma: runtime/build por resolver","posible; requiere cargo tree objetivo","igual shell; no depende del proveedor","MIT/Apache-2.0","Cargo registry:foreign-types-0.5.0/Cargo.toml","https://crates.io/crates/foreign-types/0.5.0","PENDIENTE REVISION",""
"Cargo","form_urlencoded","1.2.2","lock multiplataforma: runtime/build por resolver","posible; requiere cargo tree objetivo","igual shell; no depende del proveedor","MIT OR Apache-2.0","Cargo registry:form_urlencoded-1.2.2/Cargo.toml","https://crates.io/crates/form_urlencoded/1.2.2","PENDIENTE REVISION",""
"Cargo","futures-channel","0.3.34","lock multiplataforma: runtime/build por resolver","posible; requiere cargo tree objetivo","igual shell; no depende del proveedor","MIT OR Apache-2.0","Cargo registry:futures-channel-0.3.34/Cargo.toml","https://crates.io/crates/futures-channel/0.3.34","PENDIENTE REVISION",""
"Cargo","futures-core","0.3.34","lock multiplataforma: runtime/build por resolver","posible; requiere cargo tree objetivo","igual shell; no depende del proveedor","MIT OR Apache-2.0","Cargo registry:futures-core-0.3.34/Cargo.toml","https://crates.io/crates/futures-core/0.3.34","PENDIENTE REVISION",""
"Cargo","futures-executor","0.3.34","lock multiplataforma: runtime/build por resolver","posible; requiere cargo tree objetivo","igual shell; no depende del proveedor","MIT OR Apache-2.0","Cargo registry:futures-executor-0.3.34/Cargo.toml","https://crates.io/crates/futures-executor/0.3.34","PENDIENTE REVISION",""
"Cargo","futures-io","0.3.34","lock multiplataforma: runtime/build por resolver","posible; requiere cargo tree objetivo","igual shell; no depende del proveedor","MIT OR Apache-2.0","Cargo registry:futures-io-0.3.34/Cargo.toml","https://crates.io/crates/futures-io/0.3.34","PENDIENTE REVISION",""
"Cargo","futures-macro","0.3.34","lock multiplataforma: runtime/build por resolver","posible; requiere cargo tree objetivo","igual shell; no depende del proveedor","MIT OR Apache-2.0","Cargo registry:futures-macro-0.3.34/Cargo.toml","https://crates.io/crates/futures-macro/0.3.34","PENDIENTE REVISION",""
"Cargo","futures-sink","0.3.34","lock multiplataforma: runtime/build por resolver","posible; requiere cargo tree objetivo","igual shell; no depende del proveedor","MIT OR Apache-2.0","Cargo registry:futures-sink-0.3.34/Cargo.toml","https://crates.io/crates/futures-sink/0.3.34","PENDIENTE REVISION",""
"Cargo","futures-task","0.3.34","lock multiplataforma: runtime/build por resolver","posible; requiere cargo tree objetivo","igual shell; no depende del proveedor","MIT OR Apache-2.0","Cargo registry:futures-task-0.3.34/Cargo.toml","https://crates.io/crates/futures-task/0.3.34","PENDIENTE REVISION",""
"Cargo","futures-util","0.3.34","lock multiplataforma: runtime/build por resolver","posible; requiere cargo tree objetivo","igual shell; no depende del proveedor","MIT OR Apache-2.0","Cargo registry:futures-util-0.3.34/Cargo.toml","https://crates.io/crates/futures-util/0.3.34","PENDIENTE REVISION",""
"Cargo","gdk-pixbuf-sys","0.18.0","lock multiplataforma: runtime/build por resolver","posible; requiere cargo tree objetivo","igual shell; no depende del proveedor","MIT","Cargo registry:gdk-pixbuf-sys-0.18.0/Cargo.toml","https://crates.io/crates/gdk-pixbuf-sys/0.18.0","PENDIENTE REVISION",""
"Cargo","gdk-pixbuf","0.18.5","lock multiplataforma: runtime/build por resolver","posible; requiere cargo tree objetivo","igual shell; no depende del proveedor","MIT","Cargo registry:gdk-pixbuf-0.18.5/Cargo.toml","https://crates.io/crates/gdk-pixbuf/0.18.5","PENDIENTE REVISION",""
"Cargo","gdk-sys","0.18.2","lock multiplataforma: runtime/build por resolver","posible; requiere cargo tree objetivo","igual shell; no depende del proveedor","MIT","Cargo registry:gdk-sys-0.18.2/Cargo.toml","https://crates.io/crates/gdk-sys/0.18.2","PENDIENTE REVISION",""
"Cargo","gdk","0.18.2","lock multiplataforma: runtime/build por resolver","posible; requiere cargo tree objetivo","igual shell; no depende del proveedor","MIT","Cargo registry:gdk-0.18.2/Cargo.toml","https://crates.io/crates/gdk/0.18.2","PENDIENTE REVISION",""
"Cargo","gdkwayland-sys","0.18.2","lock multiplataforma: runtime/build por resolver","posible; requiere cargo tree objetivo","igual shell; no depende del proveedor","MIT","Cargo registry:gdkwayland-sys-0.18.2/Cargo.toml","https://crates.io/crates/gdkwayland-sys/0.18.2","PENDIENTE REVISION",""
"Cargo","gdkx11-sys","0.18.2","lock multiplataforma: runtime/build por resolver","posible; requiere cargo tree objetivo","igual shell; no depende del proveedor","MIT","Cargo registry:gdkx11-sys-0.18.2/Cargo.toml","https://crates.io/crates/gdkx11-sys/0.18.2","PENDIENTE REVISION",""
"Cargo","gdkx11","0.18.2","lock multiplataforma: runtime/build por resolver","posible; requiere cargo tree objetivo","igual shell; no depende del proveedor","MIT","Cargo registry:gdkx11-0.18.2/Cargo.toml","https://crates.io/crates/gdkx11/0.18.2","PENDIENTE REVISION",""
"Cargo","generic-array","0.14.7","lock multiplataforma: runtime/build por resolver","posible; requiere cargo tree objetivo","igual shell; no depende del proveedor","MIT","Cargo registry:generic-array-0.14.7/Cargo.toml","https://crates.io/crates/generic-array/0.14.7","PENDIENTE REVISION",""
"Cargo","getrandom","0.2.17","lock multiplataforma: runtime/build por resolver","posible; requiere cargo tree objetivo","igual shell; no depende del proveedor","MIT OR Apache-2.0","Cargo registry:getrandom-0.2.17/Cargo.toml","https://crates.io/crates/getrandom/0.2.17","PENDIENTE REVISION",""
"Cargo","getrandom","0.3.4","lock multiplataforma: runtime/build por resolver","posible; requiere cargo tree objetivo","igual shell; no depende del proveedor","MIT OR Apache-2.0","Cargo registry:getrandom-0.3.4/Cargo.toml","https://crates.io/crates/getrandom/0.3.4","PENDIENTE REVISION",""
"Cargo","getrandom","0.4.3","lock multiplataforma: runtime/build por resolver","posible; requiere cargo tree objetivo","igual shell; no depende del proveedor","MIT OR Apache-2.0","Cargo registry:getrandom-0.4.3/Cargo.toml","https://crates.io/crates/getrandom/0.4.3","PENDIENTE REVISION",""
"Cargo","gio-sys","0.18.1","lock multiplataforma: runtime/build por resolver","posible; requiere cargo tree objetivo","igual shell; no depende del proveedor","MIT","Cargo registry:gio-sys-0.18.1/Cargo.toml","https://crates.io/crates/gio-sys/0.18.1","PENDIENTE REVISION",""
"Cargo","gio","0.18.4","lock multiplataforma: runtime/build por resolver","posible; requiere cargo tree objetivo","igual shell; no depende del proveedor","MIT","Cargo registry:gio-0.18.4/Cargo.toml","https://crates.io/crates/gio/0.18.4","PENDIENTE REVISION",""
"Cargo","glib-macros","0.18.5","lock multiplataforma: runtime/build por resolver","posible; requiere cargo tree objetivo","igual shell; no depende del proveedor","MIT","Cargo registry:glib-macros-0.18.5/Cargo.toml","https://crates.io/crates/glib-macros/0.18.5","PENDIENTE REVISION",""
"Cargo","glib-sys","0.18.1","lock multiplataforma: runtime/build por resolver","posible; requiere cargo tree objetivo","igual shell; no depende del proveedor","MIT","Cargo registry:glib-sys-0.18.1/Cargo.toml","https://crates.io/crates/glib-sys/0.18.1","PENDIENTE REVISION",""
"Cargo","glib","0.18.5","lock multiplataforma: runtime/build por resolver","posible; requiere cargo tree objetivo","igual shell; no depende del proveedor","MIT","Cargo registry:glib-0.18.5/Cargo.toml","https://crates.io/crates/glib/0.18.5","PENDIENTE REVISION",""
"Cargo","glob","0.3.4","lock multiplataforma: runtime/build por resolver","posible; requiere cargo tree objetivo","igual shell; no depende del proveedor","MIT OR Apache-2.0","Cargo registry:glob-0.3.4/Cargo.toml","https://crates.io/crates/glob/0.3.4","PENDIENTE REVISION",""
"Cargo","gobject-sys","0.18.0","lock multiplataforma: runtime/build por resolver","posible; requiere cargo tree objetivo","igual shell; no depende del proveedor","MIT","Cargo registry:gobject-sys-0.18.0/Cargo.toml","https://crates.io/crates/gobject-sys/0.18.0","PENDIENTE REVISION",""
"Cargo","gtk-sys","0.18.2","lock multiplataforma: runtime/build por resolver","posible; requiere cargo tree objetivo","igual shell; no depende del proveedor","MIT","Cargo registry:gtk-sys-0.18.2/Cargo.toml","https://crates.io/crates/gtk-sys/0.18.2","PENDIENTE REVISION",""
"Cargo","gtk","0.18.2","lock multiplataforma: runtime/build por resolver","posible; requiere cargo tree objetivo","igual shell; no depende del proveedor","MIT","Cargo registry:gtk-0.18.2/Cargo.toml","https://crates.io/crates/gtk/0.18.2","PENDIENTE REVISION",""
"Cargo","gtk3-macros","0.18.2","lock multiplataforma: runtime/build por resolver","posible; requiere cargo tree objetivo","igual shell; no depende del proveedor","MIT","Cargo registry:gtk3-macros-0.18.2/Cargo.toml","https://crates.io/crates/gtk3-macros/0.18.2","PENDIENTE REVISION",""
"Cargo","hashbrown","0.12.3","lock multiplataforma: runtime/build por resolver","posible; requiere cargo tree objetivo","igual shell; no depende del proveedor","MIT OR Apache-2.0","Cargo registry:hashbrown-0.12.3/Cargo.toml","https://crates.io/crates/hashbrown/0.12.3","PENDIENTE REVISION",""
"Cargo","hashbrown","0.17.1","lock multiplataforma: runtime/build por resolver","posible; requiere cargo tree objetivo","igual shell; no depende del proveedor","MIT OR Apache-2.0","Cargo registry:hashbrown-0.17.1/Cargo.toml","https://crates.io/crates/hashbrown/0.17.1","PENDIENTE REVISION",""
"Cargo","heck","0.4.1","lock multiplataforma: runtime/build por resolver","posible; requiere cargo tree objetivo","igual shell; no depende del proveedor","MIT OR Apache-2.0","Cargo registry:heck-0.4.1/Cargo.toml","https://crates.io/crates/heck/0.4.1","PENDIENTE REVISION",""
"Cargo","heck","0.5.0","lock multiplataforma: runtime/build por resolver","posible; requiere cargo tree objetivo","igual shell; no depende del proveedor","MIT OR Apache-2.0","Cargo registry:heck-0.5.0/Cargo.toml","https://crates.io/crates/heck/0.5.0","PENDIENTE REVISION",""
"Cargo","hex","0.4.3","lock multiplataforma: runtime/build por resolver","posible; requiere cargo tree objetivo","igual shell; no depende del proveedor","MIT OR Apache-2.0","Cargo registry:hex-0.4.3/Cargo.toml","https://crates.io/crates/hex/0.4.3","PENDIENTE REVISION",""
"Cargo","html5ever","0.38.0","lock multiplataforma: runtime/build por resolver","posible; requiere cargo tree objetivo","igual shell; no depende del proveedor","MIT OR Apache-2.0","Cargo registry:html5ever-0.38.0/Cargo.toml","https://crates.io/crates/html5ever/0.38.0","PENDIENTE REVISION",""
"Cargo","http-body-util","0.1.4","lock multiplataforma: runtime/build por resolver","posible; requiere cargo tree objetivo","igual shell; no depende del proveedor","MIT","Cargo registry:http-body-util-0.1.4/Cargo.toml","https://crates.io/crates/http-body-util/0.1.4","PENDIENTE REVISION",""
"Cargo","http-body","1.1.0","lock multiplataforma: runtime/build por resolver","posible; requiere cargo tree objetivo","igual shell; no depende del proveedor","MIT","Cargo registry:http-body-1.1.0/Cargo.toml","https://crates.io/crates/http-body/1.1.0","PENDIENTE REVISION",""
"Cargo","http","1.5.0","lock multiplataforma: runtime/build por resolver","posible; requiere cargo tree objetivo","igual shell; no depende del proveedor","MIT OR Apache-2.0","Cargo registry:http-1.5.0/Cargo.toml","https://crates.io/crates/http/1.5.0","PENDIENTE REVISION",""
"Cargo","httparse","1.10.1","lock multiplataforma: runtime/build por resolver","posible; requiere cargo tree objetivo","igual shell; no depende del proveedor","MIT OR Apache-2.0","Cargo registry:httparse-1.10.1/Cargo.toml","https://crates.io/crates/httparse/1.10.1","PENDIENTE REVISION",""
"Cargo","hyper-rustls","0.27.9","lock multiplataforma: runtime/build por resolver","posible; requiere cargo tree objetivo","igual shell; no depende del proveedor","Apache-2.0 OR ISC OR MIT","Cargo registry:hyper-rustls-0.27.9/Cargo.toml","https://crates.io/crates/hyper-rustls/0.27.9","PENDIENTE REVISION",""
"Cargo","hyper-util","0.1.20","lock multiplataforma: runtime/build por resolver","posible; requiere cargo tree objetivo","igual shell; no depende del proveedor","MIT","Cargo registry:hyper-util-0.1.20/Cargo.toml","https://crates.io/crates/hyper-util/0.1.20","PENDIENTE REVISION",""
"Cargo","hyper","1.11.0","lock multiplataforma: runtime/build por resolver","posible; requiere cargo tree objetivo","igual shell; no depende del proveedor","MIT","Cargo registry:hyper-1.11.0/Cargo.toml","https://crates.io/crates/hyper/1.11.0","PENDIENTE REVISION",""
"Cargo","iana-time-zone-haiku","0.1.2","lock multiplataforma: runtime/build por resolver","posible; requiere cargo tree objetivo","igual shell; no depende del proveedor","MIT OR Apache-2.0","Cargo registry:iana-time-zone-haiku-0.1.2/Cargo.toml","https://crates.io/crates/iana-time-zone-haiku/0.1.2","PENDIENTE REVISION",""
"Cargo","iana-time-zone","0.1.65","lock multiplataforma: runtime/build por resolver","posible; requiere cargo tree objetivo","igual shell; no depende del proveedor","MIT OR Apache-2.0","Cargo registry:iana-time-zone-0.1.65/Cargo.toml","https://crates.io/crates/iana-time-zone/0.1.65","PENDIENTE REVISION",""
"Cargo","ico","0.5.0","lock multiplataforma: runtime/build por resolver","posible; requiere cargo tree objetivo","igual shell; no depende del proveedor","MIT","Cargo registry:ico-0.5.0/Cargo.toml","https://crates.io/crates/ico/0.5.0","PENDIENTE REVISION",""
"Cargo","icu_collections","2.2.0","lock multiplataforma: runtime/build por resolver","posible; requiere cargo tree objetivo","igual shell; no depende del proveedor","Unicode-3.0","Cargo registry:icu_collections-2.2.0/Cargo.toml","https://crates.io/crates/icu_collections/2.2.0","PENDIENTE REVISION",""
"Cargo","icu_locale_core","2.2.0","lock multiplataforma: runtime/build por resolver","posible; requiere cargo tree objetivo","igual shell; no depende del proveedor","Unicode-3.0","Cargo registry:icu_locale_core-2.2.0/Cargo.toml","https://crates.io/crates/icu_locale_core/2.2.0","PENDIENTE REVISION",""
"Cargo","icu_normalizer_data","2.2.0","lock multiplataforma: runtime/build por resolver","posible; requiere cargo tree objetivo","igual shell; no depende del proveedor","Unicode-3.0","Cargo registry:icu_normalizer_data-2.2.0/Cargo.toml","https://crates.io/crates/icu_normalizer_data/2.2.0","PENDIENTE REVISION",""
"Cargo","icu_normalizer","2.2.0","lock multiplataforma: runtime/build por resolver","posible; requiere cargo tree objetivo","igual shell; no depende del proveedor","Unicode-3.0","Cargo registry:icu_normalizer-2.2.0/Cargo.toml","https://crates.io/crates/icu_normalizer/2.2.0","PENDIENTE REVISION",""
"Cargo","icu_properties_data","2.2.0","lock multiplataforma: runtime/build por resolver","posible; requiere cargo tree objetivo","igual shell; no depende del proveedor","Unicode-3.0","Cargo registry:icu_properties_data-2.2.0/Cargo.toml","https://crates.io/crates/icu_properties_data/2.2.0","PENDIENTE REVISION",""
"Cargo","icu_properties","2.2.0","lock multiplataforma: runtime/build por resolver","posible; requiere cargo tree objetivo","igual shell; no depende del proveedor","Unicode-3.0","Cargo registry:icu_properties-2.2.0/Cargo.toml","https://crates.io/crates/icu_properties/2.2.0","PENDIENTE REVISION",""
"Cargo","icu_provider","2.2.0","lock multiplataforma: runtime/build por resolver","posible; requiere cargo tree objetivo","igual shell; no depende del proveedor","Unicode-3.0","Cargo registry:icu_provider-2.2.0/Cargo.toml","https://crates.io/crates/icu_provider/2.2.0","PENDIENTE REVISION",""
"Cargo","ident_case","1.0.1","lock multiplataforma: runtime/build por resolver","posible; requiere cargo tree objetivo","igual shell; no depende del proveedor","MIT/Apache-2.0","Cargo registry:ident_case-1.0.1/Cargo.toml","https://crates.io/crates/ident_case/1.0.1","PENDIENTE REVISION",""
"Cargo","idna_adapter","1.2.2","lock multiplataforma: runtime/build por resolver","posible; requiere cargo tree objetivo","igual shell; no depende del proveedor","Apache-2.0 OR MIT","Cargo registry:idna_adapter-1.2.2/Cargo.toml","https://crates.io/crates/idna_adapter/1.2.2","PENDIENTE REVISION",""
"Cargo","idna","1.1.0","lock multiplataforma: runtime/build por resolver","posible; requiere cargo tree objetivo","igual shell; no depende del proveedor","MIT OR Apache-2.0","Cargo registry:idna-1.1.0/Cargo.toml","https://crates.io/crates/idna/1.1.0","PENDIENTE REVISION",""
"Cargo","indexmap","1.9.3","lock multiplataforma: runtime/build por resolver","posible; requiere cargo tree objetivo","igual shell; no depende del proveedor","Apache-2.0 OR MIT","Cargo registry:indexmap-1.9.3/Cargo.toml","https://crates.io/crates/indexmap/1.9.3","PENDIENTE REVISION",""
"Cargo","indexmap","2.14.0","lock multiplataforma: runtime/build por resolver","posible; requiere cargo tree objetivo","igual shell; no depende del proveedor","Apache-2.0 OR MIT","Cargo registry:indexmap-2.14.0/Cargo.toml","https://crates.io/crates/indexmap/2.14.0","PENDIENTE REVISION",""
"Cargo","infer","0.19.0","lock multiplataforma: runtime/build por resolver","posible; requiere cargo tree objetivo","igual shell; no depende del proveedor","MIT","Cargo registry:infer-0.19.0/Cargo.toml","https://crates.io/crates/infer/0.19.0","PENDIENTE REVISION",""
"Cargo","ipnet","2.12.1","lock multiplataforma: runtime/build por resolver","posible; requiere cargo tree objetivo","igual shell; no depende del proveedor","MIT OR Apache-2.0","Cargo registry:ipnet-2.12.1/Cargo.toml","https://crates.io/crates/ipnet/2.12.1","PENDIENTE REVISION",""
"Cargo","itoa","1.0.18","lock multiplataforma: runtime/build por resolver","posible; requiere cargo tree objetivo","igual shell; no depende del proveedor","MIT OR Apache-2.0","Cargo registry:itoa-1.0.18/Cargo.toml","https://crates.io/crates/itoa/1.0.18","PENDIENTE REVISION",""
"Cargo","javascriptcore-rs-sys","1.1.1","lock multiplataforma: runtime/build por resolver","posible; requiere cargo tree objetivo","igual shell; no depende del proveedor","MIT","Cargo registry:javascriptcore-rs-sys-1.1.1/Cargo.toml","https://crates.io/crates/javascriptcore-rs-sys/1.1.1","PENDIENTE REVISION",""
"Cargo","javascriptcore-rs","1.1.2","lock multiplataforma: runtime/build por resolver","posible; requiere cargo tree objetivo","igual shell; no depende del proveedor","MIT","Cargo registry:javascriptcore-rs-1.1.2/Cargo.toml","https://crates.io/crates/javascriptcore-rs/1.1.2","PENDIENTE REVISION",""
"Cargo","jiff-core","0.1.0","lock multiplataforma: runtime/build por resolver","posible; requiere cargo tree objetivo","igual shell; no depende del proveedor","Unlicense OR MIT","Cargo registry:jiff-core-0.1.0/Cargo.toml","https://crates.io/crates/jiff-core/0.1.0","PENDIENTE REVISION",""
"Cargo","jiff-static","0.2.35","lock multiplataforma: runtime/build por resolver","posible; requiere cargo tree objetivo","igual shell; no depende del proveedor","Unlicense OR MIT","Cargo registry:jiff-static-0.2.35/Cargo.toml","https://crates.io/crates/jiff-static/0.2.35","PENDIENTE REVISION",""
"Cargo","jiff-tzdb-platform","0.1.3","lock multiplataforma: runtime/build por resolver","posible; requiere cargo tree objetivo","igual shell; no depende del proveedor","Unlicense OR MIT","Cargo registry:jiff-tzdb-platform-0.1.3/Cargo.toml","https://crates.io/crates/jiff-tzdb-platform/0.1.3","PENDIENTE REVISION",""
"Cargo","jiff-tzdb","0.1.8","lock multiplataforma: runtime/build por resolver","posible; requiere cargo tree objetivo","igual shell; no depende del proveedor","Unlicense OR MIT","Cargo registry:jiff-tzdb-0.1.8/Cargo.toml","https://crates.io/crates/jiff-tzdb/0.1.8","PENDIENTE REVISION",""
"Cargo","jiff","0.2.35","lock multiplataforma: runtime/build por resolver","posible; requiere cargo tree objetivo","igual shell; no depende del proveedor","Unlicense OR MIT","Cargo registry:jiff-0.2.35/Cargo.toml","https://crates.io/crates/jiff/0.2.35","PENDIENTE REVISION",""
"Cargo","jni-macros","0.22.4","lock multiplataforma: runtime/build por resolver","posible; requiere cargo tree objetivo","igual shell; no depende del proveedor","MIT OR Apache-2.0","Cargo registry:jni-macros-0.22.4/Cargo.toml","https://crates.io/crates/jni-macros/0.22.4","PENDIENTE REVISION",""
"Cargo","jni-sys-macros","0.4.1","lock multiplataforma: runtime/build por resolver","posible; requiere cargo tree objetivo","igual shell; no depende del proveedor","MIT OR Apache-2.0","Cargo registry:jni-sys-macros-0.4.1/Cargo.toml","https://crates.io/crates/jni-sys-macros/0.4.1","PENDIENTE REVISION",""
"Cargo","jni-sys","0.3.1","lock multiplataforma: runtime/build por resolver","posible; requiere cargo tree objetivo","igual shell; no depende del proveedor","MIT OR Apache-2.0","Cargo registry:jni-sys-0.3.1/Cargo.toml","https://crates.io/crates/jni-sys/0.3.1","PENDIENTE REVISION",""
"Cargo","jni-sys","0.4.1","lock multiplataforma: runtime/build por resolver","posible; requiere cargo tree objetivo","igual shell; no depende del proveedor","MIT OR Apache-2.0","Cargo registry:jni-sys-0.4.1/Cargo.toml","https://crates.io/crates/jni-sys/0.4.1","PENDIENTE REVISION",""
"Cargo","jni","0.21.1","lock multiplataforma: runtime/build por resolver","posible; requiere cargo tree objetivo","igual shell; no depende del proveedor","MIT/Apache-2.0","Cargo registry:jni-0.21.1/Cargo.toml","https://crates.io/crates/jni/0.21.1","PENDIENTE REVISION",""
"Cargo","jni","0.22.4","lock multiplataforma: runtime/build por resolver","posible; requiere cargo tree objetivo","igual shell; no depende del proveedor","MIT OR Apache-2.0","Cargo registry:jni-0.22.4/Cargo.toml","https://crates.io/crates/jni/0.22.4","PENDIENTE REVISION",""
"Cargo","js-sys","0.3.104","lock multiplataforma: runtime/build por resolver","posible; requiere cargo tree objetivo","igual shell; no depende del proveedor","MIT OR Apache-2.0","Cargo registry:js-sys-0.3.104/Cargo.toml","https://crates.io/crates/js-sys/0.3.104","PENDIENTE REVISION",""
"Cargo","json-patch","3.0.1","lock multiplataforma: runtime/build por resolver","posible; requiere cargo tree objetivo","igual shell; no depende del proveedor","MIT/Apache-2.0","Cargo registry:json-patch-3.0.1/Cargo.toml","https://crates.io/crates/json-patch/3.0.1","PENDIENTE REVISION",""
"Cargo","jsonptr","0.6.3","lock multiplataforma: runtime/build por resolver","posible; requiere cargo tree objetivo","igual shell; no depende del proveedor","MIT OR Apache-2.0","Cargo registry:jsonptr-0.6.3/Cargo.toml","https://crates.io/crates/jsonptr/0.6.3","PENDIENTE REVISION",""
"Cargo","keyboard-types","0.7.0","lock multiplataforma: runtime/build por resolver","posible; requiere cargo tree objetivo","igual shell; no depende del proveedor","MIT OR Apache-2.0","Cargo registry:keyboard-types-0.7.0/Cargo.toml","https://crates.io/crates/keyboard-types/0.7.0","PENDIENTE REVISION",""
"Cargo","libappindicator-sys","0.9.0","lock multiplataforma: runtime/build por resolver","posible; requiere cargo tree objetivo","igual shell; no depende del proveedor","Apache-2.0 OR MIT","Cargo registry:libappindicator-sys-0.9.0/Cargo.toml","https://crates.io/crates/libappindicator-sys/0.9.0","PENDIENTE REVISION",""
"Cargo","libappindicator","0.9.0","lock multiplataforma: runtime/build por resolver","posible; requiere cargo tree objetivo","igual shell; no depende del proveedor","Apache-2.0 OR MIT","Cargo registry:libappindicator-0.9.0/Cargo.toml","https://crates.io/crates/libappindicator/0.9.0","PENDIENTE REVISION",""
"Cargo","libc","0.2.189","lock multiplataforma: runtime/build por resolver","posible; requiere cargo tree objetivo","igual shell; no depende del proveedor","MIT OR Apache-2.0","Cargo registry:libc-0.2.189/Cargo.toml","https://crates.io/crates/libc/0.2.189","PENDIENTE REVISION",""
"Cargo","libdbus-sys","0.2.7","lock multiplataforma: runtime/build por resolver","posible; requiere cargo tree objetivo","igual shell; no depende del proveedor","Apache-2.0/MIT","Cargo registry:libdbus-sys-0.2.7/Cargo.toml","https://crates.io/crates/libdbus-sys/0.2.7","PENDIENTE REVISION",""
"Cargo","libloading","0.7.4","lock multiplataforma: runtime/build por resolver","posible; requiere cargo tree objetivo","igual shell; no depende del proveedor","ISC","Cargo registry:libloading-0.7.4/Cargo.toml","https://crates.io/crates/libloading/0.7.4","PENDIENTE REVISION",""
"Cargo","libredox","0.1.19","lock multiplataforma: runtime/build por resolver","posible; requiere cargo tree objetivo","igual shell; no depende del proveedor","MIT","Cargo registry:libredox-0.1.19/Cargo.toml","https://crates.io/crates/libredox/0.1.19","PENDIENTE REVISION",""
"Cargo","linux-raw-sys","0.12.1","lock multiplataforma: runtime/build por resolver","posible; requiere cargo tree objetivo","igual shell; no depende del proveedor","Apache-2.0 WITH LLVM-exception OR Apache-2.0 OR MIT","Cargo registry:linux-raw-sys-0.12.1/Cargo.toml","https://crates.io/crates/linux-raw-sys/0.12.1","PENDIENTE REVISION",""
"Cargo","litemap","0.8.2","lock multiplataforma: runtime/build por resolver","posible; requiere cargo tree objetivo","igual shell; no depende del proveedor","Unicode-3.0","Cargo registry:litemap-0.8.2/Cargo.toml","https://crates.io/crates/litemap/0.8.2","PENDIENTE REVISION",""
"Cargo","lock_api","0.4.14","lock multiplataforma: runtime/build por resolver","posible; requiere cargo tree objetivo","igual shell; no depende del proveedor","MIT OR Apache-2.0","Cargo registry:lock_api-0.4.14/Cargo.toml","https://crates.io/crates/lock_api/0.4.14","PENDIENTE REVISION",""
"Cargo","log","0.4.33","lock multiplataforma: runtime/build por resolver","posible; requiere cargo tree objetivo","igual shell; no depende del proveedor","MIT OR Apache-2.0","Cargo registry:log-0.4.33/Cargo.toml","https://crates.io/crates/log/0.4.33","PENDIENTE REVISION",""
"Cargo","markup5ever","0.38.0","lock multiplataforma: runtime/build por resolver","posible; requiere cargo tree objetivo","igual shell; no depende del proveedor","MIT OR Apache-2.0","Cargo registry:markup5ever-0.38.0/Cargo.toml","https://crates.io/crates/markup5ever/0.38.0","PENDIENTE REVISION",""
"Cargo","memchr","2.8.3","lock multiplataforma: runtime/build por resolver","posible; requiere cargo tree objetivo","igual shell; no depende del proveedor","Unlicense OR MIT","Cargo registry:memchr-2.8.3/Cargo.toml","https://crates.io/crates/memchr/2.8.3","PENDIENTE REVISION",""
"Cargo","memoffset","0.9.1","lock multiplataforma: runtime/build por resolver","posible; requiere cargo tree objetivo","igual shell; no depende del proveedor","MIT","Cargo registry:memoffset-0.9.1/Cargo.toml","https://crates.io/crates/memoffset/0.9.1","PENDIENTE REVISION",""
"Cargo","mime","0.3.17","lock multiplataforma: runtime/build por resolver","posible; requiere cargo tree objetivo","igual shell; no depende del proveedor","MIT OR Apache-2.0","Cargo registry:mime-0.3.17/Cargo.toml","https://crates.io/crates/mime/0.3.17","PENDIENTE REVISION",""
"Cargo","minisign-verify","0.2.5","lock multiplataforma: runtime/build por resolver","posible; requiere cargo tree objetivo","igual shell; no depende del proveedor","MIT","Cargo registry:minisign-verify-0.2.5/Cargo.toml","https://crates.io/crates/minisign-verify/0.2.5","PENDIENTE REVISION",""
"Cargo","miniz_oxide","0.8.9","lock multiplataforma: runtime/build por resolver","posible; requiere cargo tree objetivo","igual shell; no depende del proveedor","MIT OR Zlib OR Apache-2.0","Cargo registry:miniz_oxide-0.8.9/Cargo.toml","https://crates.io/crates/miniz_oxide/0.8.9","PENDIENTE REVISION",""
"Cargo","mio","1.2.2","lock multiplataforma: runtime/build por resolver","posible; requiere cargo tree objetivo","igual shell; no depende del proveedor","MIT","Cargo registry:mio-1.2.2/Cargo.toml","https://crates.io/crates/mio/1.2.2","PENDIENTE REVISION",""
"Cargo","muda","0.19.3","lock multiplataforma: runtime/build por resolver","posible; requiere cargo tree objetivo","igual shell; no depende del proveedor","Apache-2.0 OR MIT","Cargo registry:muda-0.19.3/Cargo.toml","https://crates.io/crates/muda/0.19.3","PENDIENTE REVISION",""
"Cargo","ndk-sys","0.6.0+11769913","lock multiplataforma: runtime/build por resolver","posible; requiere cargo tree objetivo","igual shell; no depende del proveedor","MIT OR Apache-2.0","Cargo registry:ndk-sys-0.6.0+11769913/Cargo.toml","https://crates.io/crates/ndk-sys/0.6.0+11769913","PENDIENTE REVISION",""
"Cargo","ndk","0.9.0","lock multiplataforma: runtime/build por resolver","posible; requiere cargo tree objetivo","igual shell; no depende del proveedor","MIT OR Apache-2.0","Cargo registry:ndk-0.9.0/Cargo.toml","https://crates.io/crates/ndk/0.9.0","PENDIENTE REVISION",""
"Cargo","new_debug_unreachable","1.0.6","lock multiplataforma: runtime/build por resolver","posible; requiere cargo tree objetivo","igual shell; no depende del proveedor","MIT","Cargo registry:new_debug_unreachable-1.0.6/Cargo.toml","https://crates.io/crates/new_debug_unreachable/1.0.6","PENDIENTE REVISION",""
"Cargo","num_enum_derive","0.7.6","lock multiplataforma: runtime/build por resolver","posible; requiere cargo tree objetivo","igual shell; no depende del proveedor","BSD-3-Clause OR MIT OR Apache-2.0","Cargo registry:num_enum_derive-0.7.6/Cargo.toml","https://crates.io/crates/num_enum_derive/0.7.6","PENDIENTE REVISION",""
"Cargo","num_enum","0.7.6","lock multiplataforma: runtime/build por resolver","posible; requiere cargo tree objetivo","igual shell; no depende del proveedor","BSD-3-Clause OR MIT OR Apache-2.0","Cargo registry:num_enum-0.7.6/Cargo.toml","https://crates.io/crates/num_enum/0.7.6","PENDIENTE REVISION",""
"Cargo","num-conv","0.2.2","lock multiplataforma: runtime/build por resolver","posible; requiere cargo tree objetivo","igual shell; no depende del proveedor","MIT OR Apache-2.0","Cargo registry:num-conv-0.2.2/Cargo.toml","https://crates.io/crates/num-conv/0.2.2","PENDIENTE REVISION",""
"Cargo","num-traits","0.2.19","lock multiplataforma: runtime/build por resolver","posible; requiere cargo tree objetivo","igual shell; no depende del proveedor","MIT OR Apache-2.0","Cargo registry:num-traits-0.2.19/Cargo.toml","https://crates.io/crates/num-traits/0.2.19","PENDIENTE REVISION",""
"Cargo","objc2-app-kit","0.3.2","lock multiplataforma: runtime/build por resolver","posible; requiere cargo tree objetivo","igual shell; no depende del proveedor","Zlib OR Apache-2.0 OR MIT","Cargo registry:objc2-app-kit-0.3.2/Cargo.toml","https://crates.io/crates/objc2-app-kit/0.3.2","PENDIENTE REVISION",""
"Cargo","objc2-cloud-kit","0.3.2","lock multiplataforma: runtime/build por resolver","posible; requiere cargo tree objetivo","igual shell; no depende del proveedor","Zlib OR Apache-2.0 OR MIT","Cargo registry:objc2-cloud-kit-0.3.2/Cargo.toml","https://crates.io/crates/objc2-cloud-kit/0.3.2","PENDIENTE REVISION",""
"Cargo","objc2-core-data","0.3.2","lock multiplataforma: runtime/build por resolver","posible; requiere cargo tree objetivo","igual shell; no depende del proveedor","Zlib OR Apache-2.0 OR MIT","Cargo registry:objc2-core-data-0.3.2/Cargo.toml","https://crates.io/crates/objc2-core-data/0.3.2","PENDIENTE REVISION",""
"Cargo","objc2-core-foundation","0.3.2","lock multiplataforma: runtime/build por resolver","posible; requiere cargo tree objetivo","igual shell; no depende del proveedor","Zlib OR Apache-2.0 OR MIT","Cargo registry:objc2-core-foundation-0.3.2/Cargo.toml","https://crates.io/crates/objc2-core-foundation/0.3.2","PENDIENTE REVISION",""
"Cargo","objc2-core-graphics","0.3.2","lock multiplataforma: runtime/build por resolver","posible; requiere cargo tree objetivo","igual shell; no depende del proveedor","Zlib OR Apache-2.0 OR MIT","Cargo registry:objc2-core-graphics-0.3.2/Cargo.toml","https://crates.io/crates/objc2-core-graphics/0.3.2","PENDIENTE REVISION",""
"Cargo","objc2-core-image","0.3.2","lock multiplataforma: runtime/build por resolver","posible; requiere cargo tree objetivo","igual shell; no depende del proveedor","Zlib OR Apache-2.0 OR MIT","Cargo registry:objc2-core-image-0.3.2/Cargo.toml","https://crates.io/crates/objc2-core-image/0.3.2","PENDIENTE REVISION",""
"Cargo","objc2-core-location","0.3.2","lock multiplataforma: runtime/build por resolver","posible; requiere cargo tree objetivo","igual shell; no depende del proveedor","Zlib OR Apache-2.0 OR MIT","Cargo registry:objc2-core-location-0.3.2/Cargo.toml","https://crates.io/crates/objc2-core-location/0.3.2","PENDIENTE REVISION",""
"Cargo","objc2-core-text","0.3.2","lock multiplataforma: runtime/build por resolver","posible; requiere cargo tree objetivo","igual shell; no depende del proveedor","Zlib OR Apache-2.0 OR MIT","Cargo registry:objc2-core-text-0.3.2/Cargo.toml","https://crates.io/crates/objc2-core-text/0.3.2","PENDIENTE REVISION",""
"Cargo","objc2-encode","4.1.0","lock multiplataforma: runtime/build por resolver","posible; requiere cargo tree objetivo","igual shell; no depende del proveedor","MIT","Cargo registry:objc2-encode-4.1.0/Cargo.toml","https://crates.io/crates/objc2-encode/4.1.0","PENDIENTE REVISION",""
"Cargo","objc2-exception-helper","0.1.1","lock multiplataforma: runtime/build por resolver","posible; requiere cargo tree objetivo","igual shell; no depende del proveedor","Zlib OR Apache-2.0 OR MIT","Cargo registry:objc2-exception-helper-0.1.1/Cargo.toml","https://crates.io/crates/objc2-exception-helper/0.1.1","PENDIENTE REVISION",""
"Cargo","objc2-foundation","0.3.2","lock multiplataforma: runtime/build por resolver","posible; requiere cargo tree objetivo","igual shell; no depende del proveedor","MIT","Cargo registry:objc2-foundation-0.3.2/Cargo.toml","https://crates.io/crates/objc2-foundation/0.3.2","PENDIENTE REVISION",""
"Cargo","objc2-io-surface","0.3.2","lock multiplataforma: runtime/build por resolver","posible; requiere cargo tree objetivo","igual shell; no depende del proveedor","Zlib OR Apache-2.0 OR MIT","Cargo registry:objc2-io-surface-0.3.2/Cargo.toml","https://crates.io/crates/objc2-io-surface/0.3.2","PENDIENTE REVISION",""
"Cargo","objc2-osa-kit","0.3.2","lock multiplataforma: runtime/build por resolver","posible; requiere cargo tree objetivo","igual shell; no depende del proveedor","Zlib OR Apache-2.0 OR MIT","Cargo registry:objc2-osa-kit-0.3.2/Cargo.toml","https://crates.io/crates/objc2-osa-kit/0.3.2","PENDIENTE REVISION",""
"Cargo","objc2-quartz-core","0.3.2","lock multiplataforma: runtime/build por resolver","posible; requiere cargo tree objetivo","igual shell; no depende del proveedor","Zlib OR Apache-2.0 OR MIT","Cargo registry:objc2-quartz-core-0.3.2/Cargo.toml","https://crates.io/crates/objc2-quartz-core/0.3.2","PENDIENTE REVISION",""
"Cargo","objc2-ui-kit","0.3.2","lock multiplataforma: runtime/build por resolver","posible; requiere cargo tree objetivo","igual shell; no depende del proveedor","Zlib OR Apache-2.0 OR MIT","Cargo registry:objc2-ui-kit-0.3.2/Cargo.toml","https://crates.io/crates/objc2-ui-kit/0.3.2","PENDIENTE REVISION",""
"Cargo","objc2-user-notifications","0.3.2","lock multiplataforma: runtime/build por resolver","posible; requiere cargo tree objetivo","igual shell; no depende del proveedor","Zlib OR Apache-2.0 OR MIT","Cargo registry:objc2-user-notifications-0.3.2/Cargo.toml","https://crates.io/crates/objc2-user-notifications/0.3.2","PENDIENTE REVISION",""
"Cargo","objc2-web-kit","0.3.2","lock multiplataforma: runtime/build por resolver","posible; requiere cargo tree objetivo","igual shell; no depende del proveedor","Zlib OR Apache-2.0 OR MIT","Cargo registry:objc2-web-kit-0.3.2/Cargo.toml","https://crates.io/crates/objc2-web-kit/0.3.2","PENDIENTE REVISION",""
"Cargo","objc2","0.6.4","lock multiplataforma: runtime/build por resolver","posible; requiere cargo tree objetivo","igual shell; no depende del proveedor","MIT","Cargo registry:objc2-0.6.4/Cargo.toml","https://crates.io/crates/objc2/0.6.4","PENDIENTE REVISION",""
"Cargo","once_cell","1.21.4","lock multiplataforma: runtime/build por resolver","posible; requiere cargo tree objetivo","igual shell; no depende del proveedor","MIT OR Apache-2.0","Cargo registry:once_cell-1.21.4/Cargo.toml","https://crates.io/crates/once_cell/1.21.4","PENDIENTE REVISION",""
"Cargo","openssl-probe","0.2.1","lock multiplataforma: runtime/build por resolver","posible; requiere cargo tree objetivo","igual shell; no depende del proveedor","MIT OR Apache-2.0","Cargo registry:openssl-probe-0.2.1/Cargo.toml","https://crates.io/crates/openssl-probe/0.2.1","PENDIENTE REVISION",""
"Cargo","option-ext","0.2.0","lock multiplataforma: runtime/build por resolver","posible; requiere cargo tree objetivo","igual shell; no depende del proveedor","MPL-2.0","Cargo registry:option-ext-0.2.0/Cargo.toml","https://crates.io/crates/option-ext/0.2.0","PENDIENTE REVISION",""
"Cargo","osakit","0.3.1","lock multiplataforma: runtime/build por resolver","posible; requiere cargo tree objetivo","igual shell; no depende del proveedor","MIT OR Apache-2.0","Cargo registry:osakit-0.3.1/Cargo.toml","https://crates.io/crates/osakit/0.3.1","PENDIENTE REVISION",""
"Cargo","pango-sys","0.18.0","lock multiplataforma: runtime/build por resolver","posible; requiere cargo tree objetivo","igual shell; no depende del proveedor","MIT","Cargo registry:pango-sys-0.18.0/Cargo.toml","https://crates.io/crates/pango-sys/0.18.0","PENDIENTE REVISION",""
"Cargo","pango","0.18.3","lock multiplataforma: runtime/build por resolver","posible; requiere cargo tree objetivo","igual shell; no depende del proveedor","MIT","Cargo registry:pango-0.18.3/Cargo.toml","https://crates.io/crates/pango/0.18.3","PENDIENTE REVISION",""
"Cargo","parking_lot_core","0.9.12","lock multiplataforma: runtime/build por resolver","posible; requiere cargo tree objetivo","igual shell; no depende del proveedor","MIT OR Apache-2.0","Cargo registry:parking_lot_core-0.9.12/Cargo.toml","https://crates.io/crates/parking_lot_core/0.9.12","PENDIENTE REVISION",""
"Cargo","parking_lot","0.12.5","lock multiplataforma: runtime/build por resolver","posible; requiere cargo tree objetivo","igual shell; no depende del proveedor","MIT OR Apache-2.0","Cargo registry:parking_lot-0.12.5/Cargo.toml","https://crates.io/crates/parking_lot/0.12.5","PENDIENTE REVISION",""
"Cargo","percent-encoding","2.3.2","lock multiplataforma: runtime/build por resolver","posible; requiere cargo tree objetivo","igual shell; no depende del proveedor","MIT OR Apache-2.0","Cargo registry:percent-encoding-2.3.2/Cargo.toml","https://crates.io/crates/percent-encoding/2.3.2","PENDIENTE REVISION",""
"Cargo","phf_codegen","0.13.1","lock multiplataforma: runtime/build por resolver","posible; requiere cargo tree objetivo","igual shell; no depende del proveedor","MIT","Cargo registry:phf_codegen-0.13.1/Cargo.toml","https://crates.io/crates/phf_codegen/0.13.1","PENDIENTE REVISION",""
"Cargo","phf_generator","0.13.1","lock multiplataforma: runtime/build por resolver","posible; requiere cargo tree objetivo","igual shell; no depende del proveedor","MIT","Cargo registry:phf_generator-0.13.1/Cargo.toml","https://crates.io/crates/phf_generator/0.13.1","PENDIENTE REVISION",""
"Cargo","phf_macros","0.13.1","lock multiplataforma: runtime/build por resolver","posible; requiere cargo tree objetivo","igual shell; no depende del proveedor","MIT","Cargo registry:phf_macros-0.13.1/Cargo.toml","https://crates.io/crates/phf_macros/0.13.1","PENDIENTE REVISION",""
"Cargo","phf_shared","0.13.1","lock multiplataforma: runtime/build por resolver","posible; requiere cargo tree objetivo","igual shell; no depende del proveedor","MIT","Cargo registry:phf_shared-0.13.1/Cargo.toml","https://crates.io/crates/phf_shared/0.13.1","PENDIENTE REVISION",""
"Cargo","phf","0.13.1","lock multiplataforma: runtime/build por resolver","posible; requiere cargo tree objetivo","igual shell; no depende del proveedor","MIT","Cargo registry:phf-0.13.1/Cargo.toml","https://crates.io/crates/phf/0.13.1","PENDIENTE REVISION",""
"Cargo","pin-project-lite","0.2.17","lock multiplataforma: runtime/build por resolver","posible; requiere cargo tree objetivo","igual shell; no depende del proveedor","Apache-2.0 OR MIT","Cargo registry:pin-project-lite-0.2.17/Cargo.toml","https://crates.io/crates/pin-project-lite/0.2.17","PENDIENTE REVISION",""
"Cargo","pkg-config","0.3.33","lock multiplataforma: runtime/build por resolver","posible; requiere cargo tree objetivo","igual shell; no depende del proveedor","MIT OR Apache-2.0","Cargo registry:pkg-config-0.3.33/Cargo.toml","https://crates.io/crates/pkg-config/0.3.33","PENDIENTE REVISION",""
"Cargo","plist","1.10.0","lock multiplataforma: runtime/build por resolver","posible; requiere cargo tree objetivo","igual shell; no depende del proveedor","MIT","Cargo registry:plist-1.10.0/Cargo.toml","https://crates.io/crates/plist/1.10.0","PENDIENTE REVISION",""
"Cargo","png","0.17.16","lock multiplataforma: runtime/build por resolver","posible; requiere cargo tree objetivo","igual shell; no depende del proveedor","MIT OR Apache-2.0","Cargo registry:png-0.17.16/Cargo.toml","https://crates.io/crates/png/0.17.16","PENDIENTE REVISION",""
"Cargo","png","0.18.1","lock multiplataforma: runtime/build por resolver","posible; requiere cargo tree objetivo","igual shell; no depende del proveedor","MIT OR Apache-2.0","Cargo registry:png-0.18.1/Cargo.toml","https://crates.io/crates/png/0.18.1","PENDIENTE REVISION",""
"Cargo","portable-atomic-util","0.2.7","lock multiplataforma: runtime/build por resolver","posible; requiere cargo tree objetivo","igual shell; no depende del proveedor","Apache-2.0 OR MIT","Cargo registry:portable-atomic-util-0.2.7/Cargo.toml","https://crates.io/crates/portable-atomic-util/0.2.7","PENDIENTE REVISION",""
"Cargo","portable-atomic","1.15.0","lock multiplataforma: runtime/build por resolver","posible; requiere cargo tree objetivo","igual shell; no depende del proveedor","Apache-2.0 OR MIT","Cargo registry:portable-atomic-1.15.0/Cargo.toml","https://crates.io/crates/portable-atomic/1.15.0","PENDIENTE REVISION",""
"Cargo","potential_utf","0.1.5","lock multiplataforma: runtime/build por resolver","posible; requiere cargo tree objetivo","igual shell; no depende del proveedor","Unicode-3.0","Cargo registry:potential_utf-0.1.5/Cargo.toml","https://crates.io/crates/potential_utf/0.1.5","PENDIENTE REVISION",""
"Cargo","powerfmt","0.2.0","lock multiplataforma: runtime/build por resolver","posible; requiere cargo tree objetivo","igual shell; no depende del proveedor","MIT OR Apache-2.0","Cargo registry:powerfmt-0.2.0/Cargo.toml","https://crates.io/crates/powerfmt/0.2.0","PENDIENTE REVISION",""
"Cargo","precomputed-hash","0.1.1","lock multiplataforma: runtime/build por resolver","posible; requiere cargo tree objetivo","igual shell; no depende del proveedor","MIT","Cargo registry:precomputed-hash-0.1.1/Cargo.toml","https://crates.io/crates/precomputed-hash/0.1.1","PENDIENTE REVISION",""
"Cargo","proc-macro-crate","1.3.1","lock multiplataforma: runtime/build por resolver","posible; requiere cargo tree objetivo","igual shell; no depende del proveedor","MIT OR Apache-2.0","Cargo registry:proc-macro-crate-1.3.1/Cargo.toml","https://crates.io/crates/proc-macro-crate/1.3.1","PENDIENTE REVISION",""
"Cargo","proc-macro-crate","2.0.2","lock multiplataforma: runtime/build por resolver","posible; requiere cargo tree objetivo","igual shell; no depende del proveedor","MIT OR Apache-2.0","Cargo registry:proc-macro-crate-2.0.2/Cargo.toml","https://crates.io/crates/proc-macro-crate/2.0.2","PENDIENTE REVISION",""
"Cargo","proc-macro-crate","3.5.0","lock multiplataforma: runtime/build por resolver","posible; requiere cargo tree objetivo","igual shell; no depende del proveedor","MIT OR Apache-2.0","Cargo registry:proc-macro-crate-3.5.0/Cargo.toml","https://crates.io/crates/proc-macro-crate/3.5.0","PENDIENTE REVISION",""
"Cargo","proc-macro-error-attr","1.0.4","lock multiplataforma: runtime/build por resolver","posible; requiere cargo tree objetivo","igual shell; no depende del proveedor","MIT OR Apache-2.0","Cargo registry:proc-macro-error-attr-1.0.4/Cargo.toml","https://crates.io/crates/proc-macro-error-attr/1.0.4","PENDIENTE REVISION",""
"Cargo","proc-macro-error","1.0.4","lock multiplataforma: runtime/build por resolver","posible; requiere cargo tree objetivo","igual shell; no depende del proveedor","MIT OR Apache-2.0","Cargo registry:proc-macro-error-1.0.4/Cargo.toml","https://crates.io/crates/proc-macro-error/1.0.4","PENDIENTE REVISION",""
"Cargo","proc-macro2","1.0.107","lock multiplataforma: runtime/build por resolver","posible; requiere cargo tree objetivo","igual shell; no depende del proveedor","MIT OR Apache-2.0","Cargo registry:proc-macro2-1.0.107/Cargo.toml","https://crates.io/crates/proc-macro2/1.0.107","PENDIENTE REVISION",""
"Cargo","quick-xml","0.41.0","lock multiplataforma: runtime/build por resolver","posible; requiere cargo tree objetivo","igual shell; no depende del proveedor","MIT","Cargo registry:quick-xml-0.41.0/Cargo.toml","https://crates.io/crates/quick-xml/0.41.0","PENDIENTE REVISION",""
"Cargo","quote","1.0.47","lock multiplataforma: runtime/build por resolver","posible; requiere cargo tree objetivo","igual shell; no depende del proveedor","MIT OR Apache-2.0","Cargo registry:quote-1.0.47/Cargo.toml","https://crates.io/crates/quote/1.0.47","PENDIENTE REVISION",""
"Cargo","r-efi","5.3.0","lock multiplataforma: runtime/build por resolver","posible; requiere cargo tree objetivo","igual shell; no depende del proveedor","MIT OR Apache-2.0 OR LGPL-2.1-or-later","Cargo registry:r-efi-5.3.0/Cargo.toml","https://crates.io/crates/r-efi/5.3.0","PENDIENTE REVISION",""
"Cargo","r-efi","6.0.0","lock multiplataforma: runtime/build por resolver","posible; requiere cargo tree objetivo","igual shell; no depende del proveedor","MIT OR Apache-2.0 OR LGPL-2.1-or-later","Cargo registry:r-efi-6.0.0/Cargo.toml","https://crates.io/crates/r-efi/6.0.0","PENDIENTE REVISION",""
"Cargo","raw-window-handle","0.6.2","lock multiplataforma: runtime/build por resolver","posible; requiere cargo tree objetivo","igual shell; no depende del proveedor","MIT OR Apache-2.0 OR Zlib","Cargo registry:raw-window-handle-0.6.2/Cargo.toml","https://crates.io/crates/raw-window-handle/0.6.2","PENDIENTE REVISION",""
"Cargo","redox_syscall","0.5.18","lock multiplataforma: runtime/build por resolver","posible; requiere cargo tree objetivo","igual shell; no depende del proveedor","MIT","Cargo registry:redox_syscall-0.5.18/Cargo.toml","https://crates.io/crates/redox_syscall/0.5.18","PENDIENTE REVISION",""
"Cargo","redox_users","0.4.6","lock multiplataforma: runtime/build por resolver","posible; requiere cargo tree objetivo","igual shell; no depende del proveedor","MIT","Cargo registry:redox_users-0.4.6/Cargo.toml","https://crates.io/crates/redox_users/0.4.6","PENDIENTE REVISION",""
"Cargo","redox_users","0.5.2","lock multiplataforma: runtime/build por resolver","posible; requiere cargo tree objetivo","igual shell; no depende del proveedor","MIT","Cargo registry:redox_users-0.5.2/Cargo.toml","https://crates.io/crates/redox_users/0.5.2","PENDIENTE REVISION",""
"Cargo","ref-cast-impl","1.0.26","lock multiplataforma: runtime/build por resolver","posible; requiere cargo tree objetivo","igual shell; no depende del proveedor","MIT OR Apache-2.0","Cargo registry:ref-cast-impl-1.0.26/Cargo.toml","https://crates.io/crates/ref-cast-impl/1.0.26","PENDIENTE REVISION",""
"Cargo","ref-cast","1.0.26","lock multiplataforma: runtime/build por resolver","posible; requiere cargo tree objetivo","igual shell; no depende del proveedor","MIT OR Apache-2.0","Cargo registry:ref-cast-1.0.26/Cargo.toml","https://crates.io/crates/ref-cast/1.0.26","PENDIENTE REVISION",""
"Cargo","regex-automata","0.4.18","lock multiplataforma: runtime/build por resolver","posible; requiere cargo tree objetivo","igual shell; no depende del proveedor","MIT OR Apache-2.0","Cargo registry:regex-automata-0.4.18/Cargo.toml","https://crates.io/crates/regex-automata/0.4.18","PENDIENTE REVISION",""
"Cargo","regex-syntax","0.8.11","lock multiplataforma: runtime/build por resolver","posible; requiere cargo tree objetivo","igual shell; no depende del proveedor","MIT OR Apache-2.0","Cargo registry:regex-syntax-0.8.11/Cargo.toml","https://crates.io/crates/regex-syntax/0.8.11","PENDIENTE REVISION",""
"Cargo","regex","1.13.1","lock multiplataforma: runtime/build por resolver","posible; requiere cargo tree objetivo","igual shell; no depende del proveedor","MIT OR Apache-2.0","Cargo registry:regex-1.13.1/Cargo.toml","https://crates.io/crates/regex/1.13.1","PENDIENTE REVISION",""
"Cargo","reqwest","0.13.4","lock multiplataforma: runtime/build por resolver","posible; requiere cargo tree objetivo","igual shell; no depende del proveedor","MIT OR Apache-2.0","Cargo registry:reqwest-0.13.4/Cargo.toml","https://crates.io/crates/reqwest/0.13.4","PENDIENTE REVISION",""
"Cargo","rfd","0.16.0","lock multiplataforma: runtime/build por resolver","posible; requiere cargo tree objetivo","igual shell; no depende del proveedor","MIT","Cargo registry:rfd-0.16.0/Cargo.toml","https://crates.io/crates/rfd/0.16.0","PENDIENTE REVISION",""
"Cargo","ring","0.17.14","lock multiplataforma: runtime/build por resolver","posible; requiere cargo tree objetivo","igual shell; no depende del proveedor","Apache-2.0 AND ISC","Cargo registry:ring-0.17.14/Cargo.toml","https://crates.io/crates/ring/0.17.14","PENDIENTE REVISION",""
"Cargo","rustc_version","0.4.1","lock multiplataforma: runtime/build por resolver","posible; requiere cargo tree objetivo","igual shell; no depende del proveedor","MIT OR Apache-2.0","Cargo registry:rustc_version-0.4.1/Cargo.toml","https://crates.io/crates/rustc_version/0.4.1","PENDIENTE REVISION",""
"Cargo","rustc-hash","2.1.3","lock multiplataforma: runtime/build por resolver","posible; requiere cargo tree objetivo","igual shell; no depende del proveedor","Apache-2.0 OR MIT","Cargo registry:rustc-hash-2.1.3/Cargo.toml","https://crates.io/crates/rustc-hash/2.1.3","PENDIENTE REVISION",""
"Cargo","rustix","1.1.4","lock multiplataforma: runtime/build por resolver","posible; requiere cargo tree objetivo","igual shell; no depende del proveedor","Apache-2.0 WITH LLVM-exception OR Apache-2.0 OR MIT","Cargo registry:rustix-1.1.4/Cargo.toml","https://crates.io/crates/rustix/1.1.4","PENDIENTE REVISION",""
"Cargo","rustls-native-certs","0.8.4","lock multiplataforma: runtime/build por resolver","posible; requiere cargo tree objetivo","igual shell; no depende del proveedor","Apache-2.0 OR ISC OR MIT","Cargo registry:rustls-native-certs-0.8.4/Cargo.toml","https://crates.io/crates/rustls-native-certs/0.8.4","PENDIENTE REVISION",""
"Cargo","rustls-pki-types","1.15.1","lock multiplataforma: runtime/build por resolver","posible; requiere cargo tree objetivo","igual shell; no depende del proveedor","MIT OR Apache-2.0","Cargo registry:rustls-pki-types-1.15.1/Cargo.toml","https://crates.io/crates/rustls-pki-types/1.15.1","PENDIENTE REVISION",""
"Cargo","rustls-platform-verifier-android","0.1.1","lock multiplataforma: runtime/build por resolver","posible; requiere cargo tree objetivo","igual shell; no depende del proveedor","MIT OR Apache-2.0","Cargo registry:rustls-platform-verifier-android-0.1.1/Cargo.toml","https://crates.io/crates/rustls-platform-verifier-android/0.1.1","PENDIENTE REVISION",""
"Cargo","rustls-platform-verifier","0.7.0","lock multiplataforma: runtime/build por resolver","posible; requiere cargo tree objetivo","igual shell; no depende del proveedor","MIT OR Apache-2.0","Cargo registry:rustls-platform-verifier-0.7.0/Cargo.toml","https://crates.io/crates/rustls-platform-verifier/0.7.0","PENDIENTE REVISION",""
"Cargo","rustls-webpki","0.103.15","lock multiplataforma: runtime/build por resolver","posible; requiere cargo tree objetivo","igual shell; no depende del proveedor","ISC","Cargo registry:rustls-webpki-0.103.15/Cargo.toml","https://crates.io/crates/rustls-webpki/0.103.15","PENDIENTE REVISION",""
"Cargo","rustls","0.23.43","lock multiplataforma: runtime/build por resolver","posible; requiere cargo tree objetivo","igual shell; no depende del proveedor","Apache-2.0 OR ISC OR MIT","Cargo registry:rustls-0.23.43/Cargo.toml","https://crates.io/crates/rustls/0.23.43","PENDIENTE REVISION",""
"Cargo","rustversion","1.0.23","lock multiplataforma: runtime/build por resolver","posible; requiere cargo tree objetivo","igual shell; no depende del proveedor","MIT OR Apache-2.0","Cargo registry:rustversion-1.0.23/Cargo.toml","https://crates.io/crates/rustversion/1.0.23","PENDIENTE REVISION",""
"Cargo","same-file","1.0.6","lock multiplataforma: runtime/build por resolver","posible; requiere cargo tree objetivo","igual shell; no depende del proveedor","Unlicense/MIT","Cargo registry:same-file-1.0.6/Cargo.toml","https://crates.io/crates/same-file/1.0.6","PENDIENTE REVISION",""
"Cargo","schannel","0.1.29","lock multiplataforma: runtime/build por resolver","posible; requiere cargo tree objetivo","igual shell; no depende del proveedor","MIT","Cargo registry:schannel-0.1.29/Cargo.toml","https://crates.io/crates/schannel/0.1.29","PENDIENTE REVISION",""
"Cargo","schemars_derive","0.8.22","lock multiplataforma: runtime/build por resolver","posible; requiere cargo tree objetivo","igual shell; no depende del proveedor","MIT","Cargo registry:schemars_derive-0.8.22/Cargo.toml","https://crates.io/crates/schemars_derive/0.8.22","PENDIENTE REVISION",""
"Cargo","schemars","0.8.22","lock multiplataforma: runtime/build por resolver","posible; requiere cargo tree objetivo","igual shell; no depende del proveedor","MIT","Cargo registry:schemars-0.8.22/Cargo.toml","https://crates.io/crates/schemars/0.8.22","PENDIENTE REVISION",""
"Cargo","schemars","0.9.0","lock multiplataforma: runtime/build por resolver","posible; requiere cargo tree objetivo","igual shell; no depende del proveedor","MIT","Cargo registry:schemars-0.9.0/Cargo.toml","https://crates.io/crates/schemars/0.9.0","PENDIENTE REVISION",""
"Cargo","schemars","1.2.2","lock multiplataforma: runtime/build por resolver","posible; requiere cargo tree objetivo","igual shell; no depende del proveedor","MIT","Cargo registry:schemars-1.2.2/Cargo.toml","https://crates.io/crates/schemars/1.2.2","PENDIENTE REVISION",""
"Cargo","scopeguard","1.2.0","lock multiplataforma: runtime/build por resolver","posible; requiere cargo tree objetivo","igual shell; no depende del proveedor","MIT OR Apache-2.0","Cargo registry:scopeguard-1.2.0/Cargo.toml","https://crates.io/crates/scopeguard/1.2.0","PENDIENTE REVISION",""
"Cargo","security-framework-sys","2.17.0","lock multiplataforma: runtime/build por resolver","posible; requiere cargo tree objetivo","igual shell; no depende del proveedor","MIT OR Apache-2.0","Cargo registry:security-framework-sys-2.17.0/Cargo.toml","https://crates.io/crates/security-framework-sys/2.17.0","PENDIENTE REVISION",""
"Cargo","security-framework","3.7.0","lock multiplataforma: runtime/build por resolver","posible; requiere cargo tree objetivo","igual shell; no depende del proveedor","MIT OR Apache-2.0","Cargo registry:security-framework-3.7.0/Cargo.toml","https://crates.io/crates/security-framework/3.7.0","PENDIENTE REVISION",""
"Cargo","selectors","0.36.1","lock multiplataforma: runtime/build por resolver","posible; requiere cargo tree objetivo","igual shell; no depende del proveedor","MPL-2.0","Cargo registry:selectors-0.36.1/Cargo.toml","https://crates.io/crates/selectors/0.36.1","PENDIENTE REVISION",""
"Cargo","semver","1.0.28","lock multiplataforma: runtime/build por resolver","posible; requiere cargo tree objetivo","igual shell; no depende del proveedor","MIT OR Apache-2.0","Cargo registry:semver-1.0.28/Cargo.toml","https://crates.io/crates/semver/1.0.28","PENDIENTE REVISION",""
"Cargo","serde_core","1.0.229","lock multiplataforma: runtime/build por resolver","posible; requiere cargo tree objetivo","igual shell; no depende del proveedor","MIT OR Apache-2.0","Cargo registry:serde_core-1.0.229/Cargo.toml","https://crates.io/crates/serde_core/1.0.229","PENDIENTE REVISION",""
"Cargo","serde_derive_internals","0.29.1","lock multiplataforma: runtime/build por resolver","posible; requiere cargo tree objetivo","igual shell; no depende del proveedor","MIT OR Apache-2.0","Cargo registry:serde_derive_internals-0.29.1/Cargo.toml","https://crates.io/crates/serde_derive_internals/0.29.1","PENDIENTE REVISION",""
"Cargo","serde_derive","1.0.229","lock multiplataforma: runtime/build por resolver","posible; requiere cargo tree objetivo","igual shell; no depende del proveedor","MIT OR Apache-2.0","Cargo registry:serde_derive-1.0.229/Cargo.toml","https://crates.io/crates/serde_derive/1.0.229","PENDIENTE REVISION",""
"Cargo","serde_json","1.0.151","lock multiplataforma: runtime/build por resolver","posible; requiere cargo tree objetivo","igual shell; no depende del proveedor","MIT OR Apache-2.0","Cargo registry:serde_json-1.0.151/Cargo.toml","https://crates.io/crates/serde_json/1.0.151","PENDIENTE REVISION",""
"Cargo","serde_repr","0.1.21","lock multiplataforma: runtime/build por resolver","posible; requiere cargo tree objetivo","igual shell; no depende del proveedor","MIT OR Apache-2.0","Cargo registry:serde_repr-0.1.21/Cargo.toml","https://crates.io/crates/serde_repr/0.1.21","PENDIENTE REVISION",""
"Cargo","serde_spanned","0.6.9","lock multiplataforma: runtime/build por resolver","posible; requiere cargo tree objetivo","igual shell; no depende del proveedor","MIT OR Apache-2.0","Cargo registry:serde_spanned-0.6.9/Cargo.toml","https://crates.io/crates/serde_spanned/0.6.9","PENDIENTE REVISION",""
"Cargo","serde_spanned","1.1.1","lock multiplataforma: runtime/build por resolver","posible; requiere cargo tree objetivo","igual shell; no depende del proveedor","MIT OR Apache-2.0","Cargo registry:serde_spanned-1.1.1/Cargo.toml","https://crates.io/crates/serde_spanned/1.1.1","PENDIENTE REVISION",""
"Cargo","serde_with_macros","3.22.0","lock multiplataforma: runtime/build por resolver","posible; requiere cargo tree objetivo","igual shell; no depende del proveedor","MIT OR Apache-2.0","Cargo registry:serde_with_macros-3.22.0/Cargo.toml","https://crates.io/crates/serde_with_macros/3.22.0","PENDIENTE REVISION",""
"Cargo","serde_with","3.22.0","lock multiplataforma: runtime/build por resolver","posible; requiere cargo tree objetivo","igual shell; no depende del proveedor","MIT OR Apache-2.0","Cargo registry:serde_with-3.22.0/Cargo.toml","https://crates.io/crates/serde_with/3.22.0","PENDIENTE REVISION",""
"Cargo","serde-untagged","0.1.9","lock multiplataforma: runtime/build por resolver","posible; requiere cargo tree objetivo","igual shell; no depende del proveedor","MIT OR Apache-2.0","Cargo registry:serde-untagged-0.1.9/Cargo.toml","https://crates.io/crates/serde-untagged/0.1.9","PENDIENTE REVISION",""
"Cargo","serde","1.0.229","lock multiplataforma: runtime/build por resolver","posible; requiere cargo tree objetivo","igual shell; no depende del proveedor","MIT OR Apache-2.0","Cargo registry:serde-1.0.229/Cargo.toml","https://crates.io/crates/serde/1.0.229","PENDIENTE REVISION",""
"Cargo","serialize-to-javascript-impl","0.1.2","lock multiplataforma: runtime/build por resolver","posible; requiere cargo tree objetivo","igual shell; no depende del proveedor","MIT OR Apache-2.0","Cargo registry:serialize-to-javascript-impl-0.1.2/Cargo.toml","https://crates.io/crates/serialize-to-javascript-impl/0.1.2","PENDIENTE REVISION",""
"Cargo","serialize-to-javascript","0.1.2","lock multiplataforma: runtime/build por resolver","posible; requiere cargo tree objetivo","igual shell; no depende del proveedor","MIT OR Apache-2.0","Cargo registry:serialize-to-javascript-0.1.2/Cargo.toml","https://crates.io/crates/serialize-to-javascript/0.1.2","PENDIENTE REVISION",""
"Cargo","servo_arc","0.4.3","lock multiplataforma: runtime/build por resolver","posible; requiere cargo tree objetivo","igual shell; no depende del proveedor","MIT OR Apache-2.0","Cargo registry:servo_arc-0.4.3/Cargo.toml","https://crates.io/crates/servo_arc/0.4.3","PENDIENTE REVISION",""
"Cargo","sha2","0.10.9","lock multiplataforma: runtime/build por resolver","posible; requiere cargo tree objetivo","igual shell; no depende del proveedor","MIT OR Apache-2.0","Cargo registry:sha2-0.10.9/Cargo.toml","https://crates.io/crates/sha2/0.10.9","PENDIENTE REVISION",""
"Cargo","shlex","2.0.1","lock multiplataforma: runtime/build por resolver","posible; requiere cargo tree objetivo","igual shell; no depende del proveedor","MIT OR Apache-2.0","Cargo registry:shlex-2.0.1/Cargo.toml","https://crates.io/crates/shlex/2.0.1","PENDIENTE REVISION",""
"Cargo","simd_cesu8","1.2.0","lock multiplataforma: runtime/build por resolver","posible; requiere cargo tree objetivo","igual shell; no depende del proveedor","Apache-2.0 OR MIT","Cargo registry:simd_cesu8-1.2.0/Cargo.toml","https://crates.io/crates/simd_cesu8/1.2.0","PENDIENTE REVISION",""
"Cargo","simd-adler32","0.3.10","lock multiplataforma: runtime/build por resolver","posible; requiere cargo tree objetivo","igual shell; no depende del proveedor","MIT","Cargo registry:simd-adler32-0.3.10/Cargo.toml","https://crates.io/crates/simd-adler32/0.3.10","PENDIENTE REVISION",""
"Cargo","simdutf8","0.1.5","lock multiplataforma: runtime/build por resolver","posible; requiere cargo tree objetivo","igual shell; no depende del proveedor","MIT OR Apache-2.0","Cargo registry:simdutf8-0.1.5/Cargo.toml","https://crates.io/crates/simdutf8/0.1.5","PENDIENTE REVISION",""
"Cargo","siphasher","1.0.3","lock multiplataforma: runtime/build por resolver","posible; requiere cargo tree objetivo","igual shell; no depende del proveedor","MIT/Apache-2.0","Cargo registry:siphasher-1.0.3/Cargo.toml","https://crates.io/crates/siphasher/1.0.3","PENDIENTE REVISION",""
"Cargo","slab","0.4.12","lock multiplataforma: runtime/build por resolver","posible; requiere cargo tree objetivo","igual shell; no depende del proveedor","MIT","Cargo registry:slab-0.4.12/Cargo.toml","https://crates.io/crates/slab/0.4.12","PENDIENTE REVISION",""
"Cargo","smallvec","1.15.2","lock multiplataforma: runtime/build por resolver","posible; requiere cargo tree objetivo","igual shell; no depende del proveedor","MIT OR Apache-2.0","Cargo registry:smallvec-1.15.2/Cargo.toml","https://crates.io/crates/smallvec/1.15.2","PENDIENTE REVISION",""
"Cargo","socket2","0.6.5","lock multiplataforma: runtime/build por resolver","posible; requiere cargo tree objetivo","igual shell; no depende del proveedor","MIT OR Apache-2.0","Cargo registry:socket2-0.6.5/Cargo.toml","https://crates.io/crates/socket2/0.6.5","PENDIENTE REVISION",""
"Cargo","softbuffer","0.4.8","lock multiplataforma: runtime/build por resolver","posible; requiere cargo tree objetivo","igual shell; no depende del proveedor","MIT OR Apache-2.0","Cargo registry:softbuffer-0.4.8/Cargo.toml","https://crates.io/crates/softbuffer/0.4.8","PENDIENTE REVISION",""
"Cargo","soup3-sys","0.5.0","lock multiplataforma: runtime/build por resolver","posible; requiere cargo tree objetivo","igual shell; no depende del proveedor","MIT","Cargo registry:soup3-sys-0.5.0/Cargo.toml","https://crates.io/crates/soup3-sys/0.5.0","PENDIENTE REVISION",""
"Cargo","soup3","0.5.0","lock multiplataforma: runtime/build por resolver","posible; requiere cargo tree objetivo","igual shell; no depende del proveedor","MIT","Cargo registry:soup3-0.5.0/Cargo.toml","https://crates.io/crates/soup3/0.5.0","PENDIENTE REVISION",""
"Cargo","stable_deref_trait","1.2.1","lock multiplataforma: runtime/build por resolver","posible; requiere cargo tree objetivo","igual shell; no depende del proveedor","MIT OR Apache-2.0","Cargo registry:stable_deref_trait-1.2.1/Cargo.toml","https://crates.io/crates/stable_deref_trait/1.2.1","PENDIENTE REVISION",""
"Cargo","string_cache_codegen","0.6.1","lock multiplataforma: runtime/build por resolver","posible; requiere cargo tree objetivo","igual shell; no depende del proveedor","MIT OR Apache-2.0","Cargo registry:string_cache_codegen-0.6.1/Cargo.toml","https://crates.io/crates/string_cache_codegen/0.6.1","PENDIENTE REVISION",""
"Cargo","string_cache","0.9.0","lock multiplataforma: runtime/build por resolver","posible; requiere cargo tree objetivo","igual shell; no depende del proveedor","MIT OR Apache-2.0","Cargo registry:string_cache-0.9.0/Cargo.toml","https://crates.io/crates/string_cache/0.9.0","PENDIENTE REVISION",""
"Cargo","strsim","0.11.1","lock multiplataforma: runtime/build por resolver","posible; requiere cargo tree objetivo","igual shell; no depende del proveedor","MIT","Cargo registry:strsim-0.11.1/Cargo.toml","https://crates.io/crates/strsim/0.11.1","PENDIENTE REVISION",""
"Cargo","subtle","2.6.1","lock multiplataforma: runtime/build por resolver","posible; requiere cargo tree objetivo","igual shell; no depende del proveedor","BSD-3-Clause","Cargo registry:subtle-2.6.1/Cargo.toml","https://crates.io/crates/subtle/2.6.1","PENDIENTE REVISION",""
"Cargo","swift-rs","1.0.7","lock multiplataforma: runtime/build por resolver","posible; requiere cargo tree objetivo","igual shell; no depende del proveedor","MIT OR Apache-2.0","Cargo registry:swift-rs-1.0.7/Cargo.toml","https://crates.io/crates/swift-rs/1.0.7","PENDIENTE REVISION",""
"Cargo","syn","1.0.109","lock multiplataforma: runtime/build por resolver","posible; requiere cargo tree objetivo","igual shell; no depende del proveedor","MIT OR Apache-2.0","Cargo registry:syn-1.0.109/Cargo.toml","https://crates.io/crates/syn/1.0.109","PENDIENTE REVISION",""
"Cargo","syn","2.0.119","lock multiplataforma: runtime/build por resolver","posible; requiere cargo tree objetivo","igual shell; no depende del proveedor","MIT OR Apache-2.0","Cargo registry:syn-2.0.119/Cargo.toml","https://crates.io/crates/syn/2.0.119","PENDIENTE REVISION",""
"Cargo","syn","3.0.3","lock multiplataforma: runtime/build por resolver","posible; requiere cargo tree objetivo","igual shell; no depende del proveedor","MIT OR Apache-2.0","Cargo registry:syn-3.0.3/Cargo.toml","https://crates.io/crates/syn/3.0.3","PENDIENTE REVISION",""
"Cargo","sync_wrapper","1.0.2","lock multiplataforma: runtime/build por resolver","posible; requiere cargo tree objetivo","igual shell; no depende del proveedor","Apache-2.0","Cargo registry:sync_wrapper-1.0.2/Cargo.toml","https://crates.io/crates/sync_wrapper/1.0.2","PENDIENTE REVISION",""
"Cargo","synstructure","0.13.2","lock multiplataforma: runtime/build por resolver","posible; requiere cargo tree objetivo","igual shell; no depende del proveedor","MIT","Cargo registry:synstructure-0.13.2/Cargo.toml","https://crates.io/crates/synstructure/0.13.2","PENDIENTE REVISION",""
"Cargo","system-deps","6.2.2","lock multiplataforma: runtime/build por resolver","posible; requiere cargo tree objetivo","igual shell; no depende del proveedor","MIT OR Apache-2.0","Cargo registry:system-deps-6.2.2/Cargo.toml","https://crates.io/crates/system-deps/6.2.2","PENDIENTE REVISION",""
"Cargo","tao-macros","0.1.4","lock multiplataforma: runtime/build por resolver","posible; requiere cargo tree objetivo","igual shell; no depende del proveedor","MIT OR Apache-2.0","Cargo registry:tao-macros-0.1.4/Cargo.toml","https://crates.io/crates/tao-macros/0.1.4","PENDIENTE REVISION",""
"Cargo","tao","0.35.3","lock multiplataforma: runtime/build por resolver","posible; requiere cargo tree objetivo","igual shell; no depende del proveedor","Apache-2.0","Cargo registry:tao-0.35.3/Cargo.toml","https://crates.io/crates/tao/0.35.3","PENDIENTE REVISION",""
"Cargo","tar","0.4.46","lock multiplataforma: runtime/build por resolver","posible; requiere cargo tree objetivo","igual shell; no depende del proveedor","MIT OR Apache-2.0","Cargo registry:tar-0.4.46/Cargo.toml","https://crates.io/crates/tar/0.4.46","PENDIENTE REVISION",""
"Cargo","target-lexicon","0.12.16","lock multiplataforma: runtime/build por resolver","posible; requiere cargo tree objetivo","igual shell; no depende del proveedor","Apache-2.0 WITH LLVM-exception","Cargo registry:target-lexicon-0.12.16/Cargo.toml","https://crates.io/crates/target-lexicon/0.12.16","PENDIENTE REVISION",""
"Cargo","tauri-build","2.6.3","lock multiplataforma: runtime/build por resolver","posible; requiere cargo tree objetivo","igual shell; no depende del proveedor","Apache-2.0 OR MIT","Cargo registry:tauri-build-2.6.3/Cargo.toml","https://crates.io/crates/tauri-build/2.6.3","PENDIENTE REVISION",""
"Cargo","tauri-codegen","2.6.3","lock multiplataforma: runtime/build por resolver","posible; requiere cargo tree objetivo","igual shell; no depende del proveedor","Apache-2.0 OR MIT","Cargo registry:tauri-codegen-2.6.3/Cargo.toml","https://crates.io/crates/tauri-codegen/2.6.3","PENDIENTE REVISION",""
"Cargo","tauri-macros","2.6.3","lock multiplataforma: runtime/build por resolver","posible; requiere cargo tree objetivo","igual shell; no depende del proveedor","Apache-2.0 OR MIT","Cargo registry:tauri-macros-2.6.3/Cargo.toml","https://crates.io/crates/tauri-macros/2.6.3","PENDIENTE REVISION",""
"Cargo","tauri-plugin-dialog","2.7.2","lock multiplataforma: runtime/build por resolver","posible; requiere cargo tree objetivo","igual shell; no depende del proveedor","Apache-2.0 OR MIT","Cargo registry:tauri-plugin-dialog-2.7.2/Cargo.toml","https://crates.io/crates/tauri-plugin-dialog/2.7.2","PENDIENTE REVISION",""
"Cargo","tauri-plugin-fs","2.5.1","lock multiplataforma: runtime/build por resolver","posible; requiere cargo tree objetivo","igual shell; no depende del proveedor","Apache-2.0 OR MIT","Cargo registry:tauri-plugin-fs-2.5.1/Cargo.toml","https://crates.io/crates/tauri-plugin-fs/2.5.1","PENDIENTE REVISION",""
"Cargo","tauri-plugin-updater","2.10.1","lock multiplataforma: runtime/build por resolver","posible; requiere cargo tree objetivo","igual shell; no depende del proveedor","Apache-2.0 OR MIT","Cargo registry:tauri-plugin-updater-2.10.1/Cargo.toml","https://crates.io/crates/tauri-plugin-updater/2.10.1","PENDIENTE REVISION",""
"Cargo","tauri-plugin","2.6.3","lock multiplataforma: runtime/build por resolver","posible; requiere cargo tree objetivo","igual shell; no depende del proveedor","Apache-2.0 OR MIT","Cargo registry:tauri-plugin-2.6.3/Cargo.toml","https://crates.io/crates/tauri-plugin/2.6.3","PENDIENTE REVISION",""
"Cargo","tauri-runtime-wry","2.11.4","lock multiplataforma: runtime/build por resolver","posible; requiere cargo tree objetivo","igual shell; no depende del proveedor","Apache-2.0 OR MIT","Cargo registry:tauri-runtime-wry-2.11.4/Cargo.toml","https://crates.io/crates/tauri-runtime-wry/2.11.4","PENDIENTE REVISION",""
"Cargo","tauri-runtime","2.11.3","lock multiplataforma: runtime/build por resolver","posible; requiere cargo tree objetivo","igual shell; no depende del proveedor","Apache-2.0 OR MIT","Cargo registry:tauri-runtime-2.11.3/Cargo.toml","https://crates.io/crates/tauri-runtime/2.11.3","PENDIENTE REVISION",""
"Cargo","tauri-utils","2.9.3","lock multiplataforma: runtime/build por resolver","posible; requiere cargo tree objetivo","igual shell; no depende del proveedor","Apache-2.0 OR MIT","Cargo registry:tauri-utils-2.9.3/Cargo.toml","https://crates.io/crates/tauri-utils/2.9.3","PENDIENTE REVISION",""
"Cargo","tauri-winres","0.3.6","lock multiplataforma: runtime/build por resolver","posible; requiere cargo tree objetivo","igual shell; no depende del proveedor","MIT","Cargo registry:tauri-winres-0.3.6/Cargo.toml","https://crates.io/crates/tauri-winres/0.3.6","PENDIENTE REVISION",""
"Cargo","tauri","2.11.5","lock multiplataforma: runtime/build por resolver","posible; requiere cargo tree objetivo","igual shell; no depende del proveedor","Apache-2.0 OR MIT","Cargo registry:tauri-2.11.5/Cargo.toml","https://crates.io/crates/tauri/2.11.5","PENDIENTE REVISION",""
"Cargo","tempfile","3.27.0","lock multiplataforma: runtime/build por resolver","posible; requiere cargo tree objetivo","igual shell; no depende del proveedor","MIT OR Apache-2.0","Cargo registry:tempfile-3.27.0/Cargo.toml","https://crates.io/crates/tempfile/3.27.0","PENDIENTE REVISION",""
"Cargo","tendril","0.5.1","lock multiplataforma: runtime/build por resolver","posible; requiere cargo tree objetivo","igual shell; no depende del proveedor","MIT OR Apache-2.0","Cargo registry:tendril-0.5.1/Cargo.toml","https://crates.io/crates/tendril/0.5.1","PENDIENTE REVISION",""
"Cargo","thiserror-impl","1.0.69","lock multiplataforma: runtime/build por resolver","posible; requiere cargo tree objetivo","igual shell; no depende del proveedor","MIT OR Apache-2.0","Cargo registry:thiserror-impl-1.0.69/Cargo.toml","https://crates.io/crates/thiserror-impl/1.0.69","PENDIENTE REVISION",""
"Cargo","thiserror-impl","2.0.20","lock multiplataforma: runtime/build por resolver","posible; requiere cargo tree objetivo","igual shell; no depende del proveedor","MIT OR Apache-2.0","Cargo registry:thiserror-impl-2.0.20/Cargo.toml","https://crates.io/crates/thiserror-impl/2.0.20","PENDIENTE REVISION",""
"Cargo","thiserror","1.0.69","lock multiplataforma: runtime/build por resolver","posible; requiere cargo tree objetivo","igual shell; no depende del proveedor","MIT OR Apache-2.0","Cargo registry:thiserror-1.0.69/Cargo.toml","https://crates.io/crates/thiserror/1.0.69","PENDIENTE REVISION",""
"Cargo","thiserror","2.0.20","lock multiplataforma: runtime/build por resolver","posible; requiere cargo tree objetivo","igual shell; no depende del proveedor","MIT OR Apache-2.0","Cargo registry:thiserror-2.0.20/Cargo.toml","https://crates.io/crates/thiserror/2.0.20","PENDIENTE REVISION",""
"Cargo","time-core","0.1.9","lock multiplataforma: runtime/build por resolver","posible; requiere cargo tree objetivo","igual shell; no depende del proveedor","MIT OR Apache-2.0","Cargo registry:time-core-0.1.9/Cargo.toml","https://crates.io/crates/time-core/0.1.9","PENDIENTE REVISION",""
"Cargo","time-macros","0.2.32","lock multiplataforma: runtime/build por resolver","posible; requiere cargo tree objetivo","igual shell; no depende del proveedor","MIT OR Apache-2.0","Cargo registry:time-macros-0.2.32/Cargo.toml","https://crates.io/crates/time-macros/0.2.32","PENDIENTE REVISION",""
"Cargo","time","0.3.55","lock multiplataforma: runtime/build por resolver","posible; requiere cargo tree objetivo","igual shell; no depende del proveedor","MIT OR Apache-2.0","Cargo registry:time-0.3.55/Cargo.toml","https://crates.io/crates/time/0.3.55","PENDIENTE REVISION",""
"Cargo","tinystr","0.8.3","lock multiplataforma: runtime/build por resolver","posible; requiere cargo tree objetivo","igual shell; no depende del proveedor","Unicode-3.0","Cargo registry:tinystr-0.8.3/Cargo.toml","https://crates.io/crates/tinystr/0.8.3","PENDIENTE REVISION",""
"Cargo","tinyvec_macros","0.1.1","lock multiplataforma: runtime/build por resolver","posible; requiere cargo tree objetivo","igual shell; no depende del proveedor","MIT OR Apache-2.0 OR Zlib","Cargo registry:tinyvec_macros-0.1.1/Cargo.toml","https://crates.io/crates/tinyvec_macros/0.1.1","PENDIENTE REVISION",""
"Cargo","tinyvec","1.12.0","lock multiplataforma: runtime/build por resolver","posible; requiere cargo tree objetivo","igual shell; no depende del proveedor","Zlib OR Apache-2.0 OR MIT","Cargo registry:tinyvec-1.12.0/Cargo.toml","https://crates.io/crates/tinyvec/1.12.0","PENDIENTE REVISION",""
"Cargo","tokio-rustls","0.26.4","lock multiplataforma: runtime/build por resolver","posible; requiere cargo tree objetivo","igual shell; no depende del proveedor","MIT OR Apache-2.0","Cargo registry:tokio-rustls-0.26.4/Cargo.toml","https://crates.io/crates/tokio-rustls/0.26.4","PENDIENTE REVISION",""
"Cargo","tokio-util","0.7.19","lock multiplataforma: runtime/build por resolver","posible; requiere cargo tree objetivo","igual shell; no depende del proveedor","MIT","Cargo registry:tokio-util-0.7.19/Cargo.toml","https://crates.io/crates/tokio-util/0.7.19","PENDIENTE REVISION",""
"Cargo","tokio","1.53.1","lock multiplataforma: runtime/build por resolver","posible; requiere cargo tree objetivo","igual shell; no depende del proveedor","MIT","Cargo registry:tokio-1.53.1/Cargo.toml","https://crates.io/crates/tokio/1.53.1","PENDIENTE REVISION",""
"Cargo","toml_datetime","0.6.3","lock multiplataforma: runtime/build por resolver","posible; requiere cargo tree objetivo","igual shell; no depende del proveedor","MIT OR Apache-2.0","Cargo registry:toml_datetime-0.6.3/Cargo.toml","https://crates.io/crates/toml_datetime/0.6.3","PENDIENTE REVISION",""
"Cargo","toml_datetime","0.7.5+spec-1.1.0","lock multiplataforma: runtime/build por resolver","posible; requiere cargo tree objetivo","igual shell; no depende del proveedor","MIT OR Apache-2.0","Cargo registry:toml_datetime-0.7.5+spec-1.1.0/Cargo.toml","https://crates.io/crates/toml_datetime/0.7.5+spec-1.1.0","PENDIENTE REVISION",""
"Cargo","toml_datetime","1.1.1+spec-1.1.0","lock multiplataforma: runtime/build por resolver","posible; requiere cargo tree objetivo","igual shell; no depende del proveedor","MIT OR Apache-2.0","Cargo registry:toml_datetime-1.1.1+spec-1.1.0/Cargo.toml","https://crates.io/crates/toml_datetime/1.1.1+spec-1.1.0","PENDIENTE REVISION",""
"Cargo","toml_edit","0.19.15","lock multiplataforma: runtime/build por resolver","posible; requiere cargo tree objetivo","igual shell; no depende del proveedor","MIT OR Apache-2.0","Cargo registry:toml_edit-0.19.15/Cargo.toml","https://crates.io/crates/toml_edit/0.19.15","PENDIENTE REVISION",""
"Cargo","toml_edit","0.20.2","lock multiplataforma: runtime/build por resolver","posible; requiere cargo tree objetivo","igual shell; no depende del proveedor","MIT OR Apache-2.0","Cargo registry:toml_edit-0.20.2/Cargo.toml","https://crates.io/crates/toml_edit/0.20.2","PENDIENTE REVISION",""
"Cargo","toml_edit","0.25.13+spec-1.1.0","lock multiplataforma: runtime/build por resolver","posible; requiere cargo tree objetivo","igual shell; no depende del proveedor","MIT OR Apache-2.0","Cargo registry:toml_edit-0.25.13+spec-1.1.0/Cargo.toml","https://crates.io/crates/toml_edit/0.25.13+spec-1.1.0","PENDIENTE REVISION",""
"Cargo","toml_parser","1.1.3+spec-1.1.0","lock multiplataforma: runtime/build por resolver","posible; requiere cargo tree objetivo","igual shell; no depende del proveedor","MIT OR Apache-2.0","Cargo registry:toml_parser-1.1.3+spec-1.1.0/Cargo.toml","https://crates.io/crates/toml_parser/1.1.3+spec-1.1.0","PENDIENTE REVISION",""
"Cargo","toml_writer","1.1.2+spec-1.1.0","lock multiplataforma: runtime/build por resolver","posible; requiere cargo tree objetivo","igual shell; no depende del proveedor","MIT OR Apache-2.0","Cargo registry:toml_writer-1.1.2+spec-1.1.0/Cargo.toml","https://crates.io/crates/toml_writer/1.1.2+spec-1.1.0","PENDIENTE REVISION",""
"Cargo","toml","0.8.2","lock multiplataforma: runtime/build por resolver","posible; requiere cargo tree objetivo","igual shell; no depende del proveedor","MIT OR Apache-2.0","Cargo registry:toml-0.8.2/Cargo.toml","https://crates.io/crates/toml/0.8.2","PENDIENTE REVISION",""
"Cargo","toml","0.9.12+spec-1.1.0","lock multiplataforma: runtime/build por resolver","posible; requiere cargo tree objetivo","igual shell; no depende del proveedor","MIT OR Apache-2.0","Cargo registry:toml-0.9.12+spec-1.1.0/Cargo.toml","https://crates.io/crates/toml/0.9.12+spec-1.1.0","PENDIENTE REVISION",""
"Cargo","toml","1.1.4+spec-1.1.0","lock multiplataforma: runtime/build por resolver","posible; requiere cargo tree objetivo","igual shell; no depende del proveedor","MIT OR Apache-2.0","Cargo registry:toml-1.1.4+spec-1.1.0/Cargo.toml","https://crates.io/crates/toml/1.1.4+spec-1.1.0","PENDIENTE REVISION",""
"Cargo","tower-http","0.6.11","lock multiplataforma: runtime/build por resolver","posible; requiere cargo tree objetivo","igual shell; no depende del proveedor","MIT","Cargo registry:tower-http-0.6.11/Cargo.toml","https://crates.io/crates/tower-http/0.6.11","PENDIENTE REVISION",""
"Cargo","tower-layer","0.3.3","lock multiplataforma: runtime/build por resolver","posible; requiere cargo tree objetivo","igual shell; no depende del proveedor","MIT","Cargo registry:tower-layer-0.3.3/Cargo.toml","https://crates.io/crates/tower-layer/0.3.3","PENDIENTE REVISION",""
"Cargo","tower-service","0.3.3","lock multiplataforma: runtime/build por resolver","posible; requiere cargo tree objetivo","igual shell; no depende del proveedor","MIT","Cargo registry:tower-service-0.3.3/Cargo.toml","https://crates.io/crates/tower-service/0.3.3","PENDIENTE REVISION",""
"Cargo","tower","0.5.3","lock multiplataforma: runtime/build por resolver","posible; requiere cargo tree objetivo","igual shell; no depende del proveedor","MIT","Cargo registry:tower-0.5.3/Cargo.toml","https://crates.io/crates/tower/0.5.3","PENDIENTE REVISION",""
"Cargo","tracing-core","0.1.36","lock multiplataforma: runtime/build por resolver","posible; requiere cargo tree objetivo","igual shell; no depende del proveedor","MIT","Cargo registry:tracing-core-0.1.36/Cargo.toml","https://crates.io/crates/tracing-core/0.1.36","PENDIENTE REVISION",""
"Cargo","tracing","0.1.44","lock multiplataforma: runtime/build por resolver","posible; requiere cargo tree objetivo","igual shell; no depende del proveedor","MIT","Cargo registry:tracing-0.1.44/Cargo.toml","https://crates.io/crates/tracing/0.1.44","PENDIENTE REVISION",""
"Cargo","tray-icon","0.24.2","lock multiplataforma: runtime/build por resolver","posible; requiere cargo tree objetivo","igual shell; no depende del proveedor","MIT OR Apache-2.0","Cargo registry:tray-icon-0.24.2/Cargo.toml","https://crates.io/crates/tray-icon/0.24.2","PENDIENTE REVISION",""
"Cargo","try-lock","0.2.5","lock multiplataforma: runtime/build por resolver","posible; requiere cargo tree objetivo","igual shell; no depende del proveedor","MIT","Cargo registry:try-lock-0.2.5/Cargo.toml","https://crates.io/crates/try-lock/0.2.5","PENDIENTE REVISION",""
"Cargo","typeid","1.0.3","lock multiplataforma: runtime/build por resolver","posible; requiere cargo tree objetivo","igual shell; no depende del proveedor","MIT OR Apache-2.0","Cargo registry:typeid-1.0.3/Cargo.toml","https://crates.io/crates/typeid/1.0.3","PENDIENTE REVISION",""
"Cargo","typenum","1.20.1","lock multiplataforma: runtime/build por resolver","posible; requiere cargo tree objetivo","igual shell; no depende del proveedor","MIT OR Apache-2.0","Cargo registry:typenum-1.20.1/Cargo.toml","https://crates.io/crates/typenum/1.20.1","PENDIENTE REVISION",""
"Cargo","unic-char-property","0.9.0","lock multiplataforma: runtime/build por resolver","posible; requiere cargo tree objetivo","igual shell; no depende del proveedor","MIT/Apache-2.0","Cargo registry:unic-char-property-0.9.0/Cargo.toml","https://crates.io/crates/unic-char-property/0.9.0","PENDIENTE REVISION",""
"Cargo","unic-char-range","0.9.0","lock multiplataforma: runtime/build por resolver","posible; requiere cargo tree objetivo","igual shell; no depende del proveedor","MIT/Apache-2.0","Cargo registry:unic-char-range-0.9.0/Cargo.toml","https://crates.io/crates/unic-char-range/0.9.0","PENDIENTE REVISION",""
"Cargo","unic-common","0.9.0","lock multiplataforma: runtime/build por resolver","posible; requiere cargo tree objetivo","igual shell; no depende del proveedor","MIT/Apache-2.0","Cargo registry:unic-common-0.9.0/Cargo.toml","https://crates.io/crates/unic-common/0.9.0","PENDIENTE REVISION",""
"Cargo","unic-ucd-ident","0.9.0","lock multiplataforma: runtime/build por resolver","posible; requiere cargo tree objetivo","igual shell; no depende del proveedor","MIT/Apache-2.0","Cargo registry:unic-ucd-ident-0.9.0/Cargo.toml","https://crates.io/crates/unic-ucd-ident/0.9.0","PENDIENTE REVISION",""
"Cargo","unic-ucd-version","0.9.0","lock multiplataforma: runtime/build por resolver","posible; requiere cargo tree objetivo","igual shell; no depende del proveedor","MIT/Apache-2.0","Cargo registry:unic-ucd-version-0.9.0/Cargo.toml","https://crates.io/crates/unic-ucd-version/0.9.0","PENDIENTE REVISION",""
"Cargo","unicode-ident","1.0.24","lock multiplataforma: runtime/build por resolver","posible; requiere cargo tree objetivo","igual shell; no depende del proveedor","(MIT OR Apache-2.0) AND Unicode-3.0","Cargo registry:unicode-ident-1.0.24/Cargo.toml","https://crates.io/crates/unicode-ident/1.0.24","PENDIENTE REVISION",""
"Cargo","unicode-segmentation","1.13.3","lock multiplataforma: runtime/build por resolver","posible; requiere cargo tree objetivo","igual shell; no depende del proveedor","MIT OR Apache-2.0","Cargo registry:unicode-segmentation-1.13.3/Cargo.toml","https://crates.io/crates/unicode-segmentation/1.13.3","PENDIENTE REVISION",""
"Cargo","untrusted","0.9.0","lock multiplataforma: runtime/build por resolver","posible; requiere cargo tree objetivo","igual shell; no depende del proveedor","ISC","Cargo registry:untrusted-0.9.0/Cargo.toml","https://crates.io/crates/untrusted/0.9.0","PENDIENTE REVISION",""
"Cargo","url","2.5.8","lock multiplataforma: runtime/build por resolver","posible; requiere cargo tree objetivo","igual shell; no depende del proveedor","MIT OR Apache-2.0","Cargo registry:url-2.5.8/Cargo.toml","https://crates.io/crates/url/2.5.8","PENDIENTE REVISION",""
"Cargo","urlpattern","0.3.0","lock multiplataforma: runtime/build por resolver","posible; requiere cargo tree objetivo","igual shell; no depende del proveedor","MIT","Cargo registry:urlpattern-0.3.0/Cargo.toml","https://crates.io/crates/urlpattern/0.3.0","PENDIENTE REVISION",""
"Cargo","utf8_iter","1.0.4","lock multiplataforma: runtime/build por resolver","posible; requiere cargo tree objetivo","igual shell; no depende del proveedor","Apache-2.0 OR MIT","Cargo registry:utf8_iter-1.0.4/Cargo.toml","https://crates.io/crates/utf8_iter/1.0.4","PENDIENTE REVISION",""
"Cargo","uuid","1.24.0","lock multiplataforma: runtime/build por resolver","posible; requiere cargo tree objetivo","igual shell; no depende del proveedor","Apache-2.0 OR MIT","Cargo registry:uuid-1.24.0/Cargo.toml","https://crates.io/crates/uuid/1.24.0","PENDIENTE REVISION",""
"Cargo","version_check","0.9.5","lock multiplataforma: runtime/build por resolver","posible; requiere cargo tree objetivo","igual shell; no depende del proveedor","MIT/Apache-2.0","Cargo registry:version_check-0.9.5/Cargo.toml","https://crates.io/crates/version_check/0.9.5","PENDIENTE REVISION",""
"Cargo","version-compare","0.2.1","lock multiplataforma: runtime/build por resolver","posible; requiere cargo tree objetivo","igual shell; no depende del proveedor","MIT","Cargo registry:version-compare-0.2.1/Cargo.toml","https://crates.io/crates/version-compare/0.2.1","PENDIENTE REVISION",""
"Cargo","vswhom-sys","0.1.3","lock multiplataforma: runtime/build por resolver","posible; requiere cargo tree objetivo","igual shell; no depende del proveedor","MIT","Cargo registry:vswhom-sys-0.1.3/Cargo.toml","https://crates.io/crates/vswhom-sys/0.1.3","PENDIENTE REVISION",""
"Cargo","vswhom","0.1.0","lock multiplataforma: runtime/build por resolver","posible; requiere cargo tree objetivo","igual shell; no depende del proveedor","MIT","Cargo registry:vswhom-0.1.0/Cargo.toml","https://crates.io/crates/vswhom/0.1.0","PENDIENTE REVISION",""
"Cargo","walkdir","2.5.0","lock multiplataforma: runtime/build por resolver","posible; requiere cargo tree objetivo","igual shell; no depende del proveedor","Unlicense/MIT","Cargo registry:walkdir-2.5.0/Cargo.toml","https://crates.io/crates/walkdir/2.5.0","PENDIENTE REVISION",""
"Cargo","want","0.3.1","lock multiplataforma: runtime/build por resolver","posible; requiere cargo tree objetivo","igual shell; no depende del proveedor","MIT","Cargo registry:want-0.3.1/Cargo.toml","https://crates.io/crates/want/0.3.1","PENDIENTE REVISION",""
"Cargo","wasi","0.11.1+wasi-snapshot-preview1","lock multiplataforma: runtime/build por resolver","posible; requiere cargo tree objetivo","igual shell; no depende del proveedor","Apache-2.0 WITH LLVM-exception OR Apache-2.0 OR MIT","Cargo registry:wasi-0.11.1+wasi-snapshot-preview1/Cargo.toml","https://crates.io/crates/wasi/0.11.1+wasi-snapshot-preview1","PENDIENTE REVISION",""
"Cargo","wasip2","1.0.4+wasi-0.2.12","lock multiplataforma: runtime/build por resolver","posible; requiere cargo tree objetivo","igual shell; no depende del proveedor","Apache-2.0 WITH LLVM-exception OR Apache-2.0 OR MIT","Cargo registry:wasip2-1.0.4+wasi-0.2.12/Cargo.toml","https://crates.io/crates/wasip2/1.0.4+wasi-0.2.12","PENDIENTE REVISION",""
"Cargo","wasm-bindgen-futures","0.4.77","lock multiplataforma: runtime/build por resolver","posible; requiere cargo tree objetivo","igual shell; no depende del proveedor","MIT OR Apache-2.0","Cargo registry:wasm-bindgen-futures-0.4.77/Cargo.toml","https://crates.io/crates/wasm-bindgen-futures/0.4.77","PENDIENTE REVISION",""
"Cargo","wasm-bindgen-macro-support","0.2.127","lock multiplataforma: runtime/build por resolver","posible; requiere cargo tree objetivo","igual shell; no depende del proveedor","MIT OR Apache-2.0","Cargo registry:wasm-bindgen-macro-support-0.2.127/Cargo.toml","https://crates.io/crates/wasm-bindgen-macro-support/0.2.127","PENDIENTE REVISION",""
"Cargo","wasm-bindgen-macro","0.2.127","lock multiplataforma: runtime/build por resolver","posible; requiere cargo tree objetivo","igual shell; no depende del proveedor","MIT OR Apache-2.0","Cargo registry:wasm-bindgen-macro-0.2.127/Cargo.toml","https://crates.io/crates/wasm-bindgen-macro/0.2.127","PENDIENTE REVISION",""
"Cargo","wasm-bindgen-shared","0.2.127","lock multiplataforma: runtime/build por resolver","posible; requiere cargo tree objetivo","igual shell; no depende del proveedor","MIT OR Apache-2.0","Cargo registry:wasm-bindgen-shared-0.2.127/Cargo.toml","https://crates.io/crates/wasm-bindgen-shared/0.2.127","PENDIENTE REVISION",""
"Cargo","wasm-bindgen","0.2.127","lock multiplataforma: runtime/build por resolver","posible; requiere cargo tree objetivo","igual shell; no depende del proveedor","MIT OR Apache-2.0","Cargo registry:wasm-bindgen-0.2.127/Cargo.toml","https://crates.io/crates/wasm-bindgen/0.2.127","PENDIENTE REVISION",""
"Cargo","wasm-streams","0.5.0","lock multiplataforma: runtime/build por resolver","posible; requiere cargo tree objetivo","igual shell; no depende del proveedor","MIT OR Apache-2.0","Cargo registry:wasm-streams-0.5.0/Cargo.toml","https://crates.io/crates/wasm-streams/0.5.0","PENDIENTE REVISION",""
"Cargo","web_atoms","0.2.6","lock multiplataforma: runtime/build por resolver","posible; requiere cargo tree objetivo","igual shell; no depende del proveedor","MIT OR Apache-2.0","Cargo registry:web_atoms-0.2.6/Cargo.toml","https://crates.io/crates/web_atoms/0.2.6","PENDIENTE REVISION",""
"Cargo","web-sys","0.3.104","lock multiplataforma: runtime/build por resolver","posible; requiere cargo tree objetivo","igual shell; no depende del proveedor","MIT OR Apache-2.0","Cargo registry:web-sys-0.3.104/Cargo.toml","https://crates.io/crates/web-sys/0.3.104","PENDIENTE REVISION",""
"Cargo","webkit2gtk-sys","2.0.2","lock multiplataforma: runtime/build por resolver","posible; requiere cargo tree objetivo","igual shell; no depende del proveedor","MIT","Cargo registry:webkit2gtk-sys-2.0.2/Cargo.toml","https://crates.io/crates/webkit2gtk-sys/2.0.2","PENDIENTE REVISION",""
"Cargo","webkit2gtk","2.0.2","lock multiplataforma: runtime/build por resolver","posible; requiere cargo tree objetivo","igual shell; no depende del proveedor","MIT","Cargo registry:webkit2gtk-2.0.2/Cargo.toml","https://crates.io/crates/webkit2gtk/2.0.2","PENDIENTE REVISION",""
"Cargo","webpki-root-certs","1.0.9","lock multiplataforma: runtime/build por resolver","posible; requiere cargo tree objetivo","igual shell; no depende del proveedor","CDLA-Permissive-2.0","Cargo registry:webpki-root-certs-1.0.9/Cargo.toml","https://crates.io/crates/webpki-root-certs/1.0.9","PENDIENTE REVISION",""
"Cargo","webview2-com-macros","0.8.1","lock multiplataforma: runtime/build por resolver","posible; requiere cargo tree objetivo","igual shell; no depende del proveedor","MIT","Cargo registry:webview2-com-macros-0.8.1/Cargo.toml","https://crates.io/crates/webview2-com-macros/0.8.1","PENDIENTE REVISION",""
"Cargo","webview2-com-sys","0.38.2","lock multiplataforma: runtime/build por resolver","posible; requiere cargo tree objetivo","igual shell; no depende del proveedor","MIT","Cargo registry:webview2-com-sys-0.38.2/Cargo.toml","https://crates.io/crates/webview2-com-sys/0.38.2","PENDIENTE REVISION",""
"Cargo","webview2-com","0.38.2","lock multiplataforma: runtime/build por resolver","posible; requiere cargo tree objetivo","igual shell; no depende del proveedor","MIT","Cargo registry:webview2-com-0.38.2/Cargo.toml","https://crates.io/crates/webview2-com/0.38.2","PENDIENTE REVISION",""
"Cargo","winapi-i686-pc-windows-gnu","0.4.0","lock multiplataforma: runtime/build por resolver","posible; requiere cargo tree objetivo","igual shell; no depende del proveedor","MIT/Apache-2.0","Cargo registry:winapi-i686-pc-windows-gnu-0.4.0/Cargo.toml","https://crates.io/crates/winapi-i686-pc-windows-gnu/0.4.0","PENDIENTE REVISION",""
"Cargo","winapi-util","0.1.11","lock multiplataforma: runtime/build por resolver","posible; requiere cargo tree objetivo","igual shell; no depende del proveedor","Unlicense OR MIT","Cargo registry:winapi-util-0.1.11/Cargo.toml","https://crates.io/crates/winapi-util/0.1.11","PENDIENTE REVISION",""
"Cargo","winapi-x86_64-pc-windows-gnu","0.4.0","lock multiplataforma: runtime/build por resolver","posible; requiere cargo tree objetivo","igual shell; no depende del proveedor","MIT/Apache-2.0","Cargo registry:winapi-x86_64-pc-windows-gnu-0.4.0/Cargo.toml","https://crates.io/crates/winapi-x86_64-pc-windows-gnu/0.4.0","PENDIENTE REVISION",""
"Cargo","winapi","0.3.9","lock multiplataforma: runtime/build por resolver","posible; requiere cargo tree objetivo","igual shell; no depende del proveedor","MIT/Apache-2.0","Cargo registry:winapi-0.3.9/Cargo.toml","https://crates.io/crates/winapi/0.3.9","PENDIENTE REVISION",""
"Cargo","window-vibrancy","0.6.0","lock multiplataforma: runtime/build por resolver","posible; requiere cargo tree objetivo","igual shell; no depende del proveedor","Apache-2.0 OR MIT","Cargo registry:window-vibrancy-0.6.0/Cargo.toml","https://crates.io/crates/window-vibrancy/0.6.0","PENDIENTE REVISION",""
"Cargo","windows_aarch64_gnullvm","0.42.2","lock multiplataforma: runtime/build por resolver","posible; requiere cargo tree objetivo","igual shell; no depende del proveedor","MIT OR Apache-2.0","Cargo registry:windows_aarch64_gnullvm-0.42.2/Cargo.toml","https://crates.io/crates/windows_aarch64_gnullvm/0.42.2","PENDIENTE REVISION",""
"Cargo","windows_aarch64_gnullvm","0.48.5","lock multiplataforma: runtime/build por resolver","posible; requiere cargo tree objetivo","igual shell; no depende del proveedor","MIT OR Apache-2.0","Cargo registry:windows_aarch64_gnullvm-0.48.5/Cargo.toml","https://crates.io/crates/windows_aarch64_gnullvm/0.48.5","PENDIENTE REVISION",""
"Cargo","windows_aarch64_gnullvm","0.52.6","lock multiplataforma: runtime/build por resolver","posible; requiere cargo tree objetivo","igual shell; no depende del proveedor","MIT OR Apache-2.0","Cargo registry:windows_aarch64_gnullvm-0.52.6/Cargo.toml","https://crates.io/crates/windows_aarch64_gnullvm/0.52.6","PENDIENTE REVISION",""
"Cargo","windows_aarch64_gnullvm","0.53.1","lock multiplataforma: runtime/build por resolver","posible; requiere cargo tree objetivo","igual shell; no depende del proveedor","MIT OR Apache-2.0","Cargo registry:windows_aarch64_gnullvm-0.53.1/Cargo.toml","https://crates.io/crates/windows_aarch64_gnullvm/0.53.1","PENDIENTE REVISION",""
"Cargo","windows_aarch64_msvc","0.42.2","lock multiplataforma: runtime/build por resolver","posible; requiere cargo tree objetivo","igual shell; no depende del proveedor","MIT OR Apache-2.0","Cargo registry:windows_aarch64_msvc-0.42.2/Cargo.toml","https://crates.io/crates/windows_aarch64_msvc/0.42.2","PENDIENTE REVISION",""
"Cargo","windows_aarch64_msvc","0.48.5","lock multiplataforma: runtime/build por resolver","posible; requiere cargo tree objetivo","igual shell; no depende del proveedor","MIT OR Apache-2.0","Cargo registry:windows_aarch64_msvc-0.48.5/Cargo.toml","https://crates.io/crates/windows_aarch64_msvc/0.48.5","PENDIENTE REVISION",""
"Cargo","windows_aarch64_msvc","0.52.6","lock multiplataforma: runtime/build por resolver","posible; requiere cargo tree objetivo","igual shell; no depende del proveedor","MIT OR Apache-2.0","Cargo registry:windows_aarch64_msvc-0.52.6/Cargo.toml","https://crates.io/crates/windows_aarch64_msvc/0.52.6","PENDIENTE REVISION",""
"Cargo","windows_aarch64_msvc","0.53.1","lock multiplataforma: runtime/build por resolver","posible; requiere cargo tree objetivo","igual shell; no depende del proveedor","MIT OR Apache-2.0","Cargo registry:windows_aarch64_msvc-0.53.1/Cargo.toml","https://crates.io/crates/windows_aarch64_msvc/0.53.1","PENDIENTE REVISION",""
"Cargo","windows_i686_gnu","0.42.2","lock multiplataforma: runtime/build por resolver","posible; requiere cargo tree objetivo","igual shell; no depende del proveedor","MIT OR Apache-2.0","Cargo registry:windows_i686_gnu-0.42.2/Cargo.toml","https://crates.io/crates/windows_i686_gnu/0.42.2","PENDIENTE REVISION",""
"Cargo","windows_i686_gnu","0.48.5","lock multiplataforma: runtime/build por resolver","posible; requiere cargo tree objetivo","igual shell; no depende del proveedor","MIT OR Apache-2.0","Cargo registry:windows_i686_gnu-0.48.5/Cargo.toml","https://crates.io/crates/windows_i686_gnu/0.48.5","PENDIENTE REVISION",""
"Cargo","windows_i686_gnu","0.52.6","lock multiplataforma: runtime/build por resolver","posible; requiere cargo tree objetivo","igual shell; no depende del proveedor","MIT OR Apache-2.0","Cargo registry:windows_i686_gnu-0.52.6/Cargo.toml","https://crates.io/crates/windows_i686_gnu/0.52.6","PENDIENTE REVISION",""
"Cargo","windows_i686_gnu","0.53.1","lock multiplataforma: runtime/build por resolver","posible; requiere cargo tree objetivo","igual shell; no depende del proveedor","MIT OR Apache-2.0","Cargo registry:windows_i686_gnu-0.53.1/Cargo.toml","https://crates.io/crates/windows_i686_gnu/0.53.1","PENDIENTE REVISION",""
"Cargo","windows_i686_gnullvm","0.52.6","lock multiplataforma: runtime/build por resolver","posible; requiere cargo tree objetivo","igual shell; no depende del proveedor","MIT OR Apache-2.0","Cargo registry:windows_i686_gnullvm-0.52.6/Cargo.toml","https://crates.io/crates/windows_i686_gnullvm/0.52.6","PENDIENTE REVISION",""
"Cargo","windows_i686_gnullvm","0.53.1","lock multiplataforma: runtime/build por resolver","posible; requiere cargo tree objetivo","igual shell; no depende del proveedor","MIT OR Apache-2.0","Cargo registry:windows_i686_gnullvm-0.53.1/Cargo.toml","https://crates.io/crates/windows_i686_gnullvm/0.53.1","PENDIENTE REVISION",""
"Cargo","windows_i686_msvc","0.42.2","lock multiplataforma: runtime/build por resolver","posible; requiere cargo tree objetivo","igual shell; no depende del proveedor","MIT OR Apache-2.0","Cargo registry:windows_i686_msvc-0.42.2/Cargo.toml","https://crates.io/crates/windows_i686_msvc/0.42.2","PENDIENTE REVISION",""
"Cargo","windows_i686_msvc","0.48.5","lock multiplataforma: runtime/build por resolver","posible; requiere cargo tree objetivo","igual shell; no depende del proveedor","MIT OR Apache-2.0","Cargo registry:windows_i686_msvc-0.48.5/Cargo.toml","https://crates.io/crates/windows_i686_msvc/0.48.5","PENDIENTE REVISION",""
"Cargo","windows_i686_msvc","0.52.6","lock multiplataforma: runtime/build por resolver","posible; requiere cargo tree objetivo","igual shell; no depende del proveedor","MIT OR Apache-2.0","Cargo registry:windows_i686_msvc-0.52.6/Cargo.toml","https://crates.io/crates/windows_i686_msvc/0.52.6","PENDIENTE REVISION",""
"Cargo","windows_i686_msvc","0.53.1","lock multiplataforma: runtime/build por resolver","posible; requiere cargo tree objetivo","igual shell; no depende del proveedor","MIT OR Apache-2.0","Cargo registry:windows_i686_msvc-0.53.1/Cargo.toml","https://crates.io/crates/windows_i686_msvc/0.53.1","PENDIENTE REVISION",""
"Cargo","windows_x86_64_gnu","0.42.2","lock multiplataforma: runtime/build por resolver","posible; requiere cargo tree objetivo","igual shell; no depende del proveedor","MIT OR Apache-2.0","Cargo registry:windows_x86_64_gnu-0.42.2/Cargo.toml","https://crates.io/crates/windows_x86_64_gnu/0.42.2","PENDIENTE REVISION",""
"Cargo","windows_x86_64_gnu","0.48.5","lock multiplataforma: runtime/build por resolver","posible; requiere cargo tree objetivo","igual shell; no depende del proveedor","MIT OR Apache-2.0","Cargo registry:windows_x86_64_gnu-0.48.5/Cargo.toml","https://crates.io/crates/windows_x86_64_gnu/0.48.5","PENDIENTE REVISION",""
"Cargo","windows_x86_64_gnu","0.52.6","lock multiplataforma: runtime/build por resolver","posible; requiere cargo tree objetivo","igual shell; no depende del proveedor","MIT OR Apache-2.0","Cargo registry:windows_x86_64_gnu-0.52.6/Cargo.toml","https://crates.io/crates/windows_x86_64_gnu/0.52.6","PENDIENTE REVISION",""
"Cargo","windows_x86_64_gnu","0.53.1","lock multiplataforma: runtime/build por resolver","posible; requiere cargo tree objetivo","igual shell; no depende del proveedor","MIT OR Apache-2.0","Cargo registry:windows_x86_64_gnu-0.53.1/Cargo.toml","https://crates.io/crates/windows_x86_64_gnu/0.53.1","PENDIENTE REVISION",""
"Cargo","windows_x86_64_gnullvm","0.42.2","lock multiplataforma: runtime/build por resolver","posible; requiere cargo tree objetivo","igual shell; no depende del proveedor","MIT OR Apache-2.0","Cargo registry:windows_x86_64_gnullvm-0.42.2/Cargo.toml","https://crates.io/crates/windows_x86_64_gnullvm/0.42.2","PENDIENTE REVISION",""
"Cargo","windows_x86_64_gnullvm","0.48.5","lock multiplataforma: runtime/build por resolver","posible; requiere cargo tree objetivo","igual shell; no depende del proveedor","MIT OR Apache-2.0","Cargo registry:windows_x86_64_gnullvm-0.48.5/Cargo.toml","https://crates.io/crates/windows_x86_64_gnullvm/0.48.5","PENDIENTE REVISION",""
"Cargo","windows_x86_64_gnullvm","0.52.6","lock multiplataforma: runtime/build por resolver","posible; requiere cargo tree objetivo","igual shell; no depende del proveedor","MIT OR Apache-2.0","Cargo registry:windows_x86_64_gnullvm-0.52.6/Cargo.toml","https://crates.io/crates/windows_x86_64_gnullvm/0.52.6","PENDIENTE REVISION",""
"Cargo","windows_x86_64_gnullvm","0.53.1","lock multiplataforma: runtime/build por resolver","posible; requiere cargo tree objetivo","igual shell; no depende del proveedor","MIT OR Apache-2.0","Cargo registry:windows_x86_64_gnullvm-0.53.1/Cargo.toml","https://crates.io/crates/windows_x86_64_gnullvm/0.53.1","PENDIENTE REVISION",""
"Cargo","windows_x86_64_msvc","0.42.2","lock multiplataforma: runtime/build por resolver","posible; requiere cargo tree objetivo","igual shell; no depende del proveedor","MIT OR Apache-2.0","Cargo registry:windows_x86_64_msvc-0.42.2/Cargo.toml","https://crates.io/crates/windows_x86_64_msvc/0.42.2","PENDIENTE REVISION",""
"Cargo","windows_x86_64_msvc","0.48.5","lock multiplataforma: runtime/build por resolver","posible; requiere cargo tree objetivo","igual shell; no depende del proveedor","MIT OR Apache-2.0","Cargo registry:windows_x86_64_msvc-0.48.5/Cargo.toml","https://crates.io/crates/windows_x86_64_msvc/0.48.5","PENDIENTE REVISION",""
"Cargo","windows_x86_64_msvc","0.52.6","lock multiplataforma: runtime/build por resolver","posible; requiere cargo tree objetivo","igual shell; no depende del proveedor","MIT OR Apache-2.0","Cargo registry:windows_x86_64_msvc-0.52.6/Cargo.toml","https://crates.io/crates/windows_x86_64_msvc/0.52.6","PENDIENTE REVISION",""
"Cargo","windows_x86_64_msvc","0.53.1","lock multiplataforma: runtime/build por resolver","posible; requiere cargo tree objetivo","igual shell; no depende del proveedor","MIT OR Apache-2.0","Cargo registry:windows_x86_64_msvc-0.53.1/Cargo.toml","https://crates.io/crates/windows_x86_64_msvc/0.53.1","PENDIENTE REVISION",""
"Cargo","windows-collections","0.2.0","lock multiplataforma: runtime/build por resolver","posible; requiere cargo tree objetivo","igual shell; no depende del proveedor","MIT OR Apache-2.0","Cargo registry:windows-collections-0.2.0/Cargo.toml","https://crates.io/crates/windows-collections/0.2.0","PENDIENTE REVISION",""
"Cargo","windows-core","0.61.2","lock multiplataforma: runtime/build por resolver","posible; requiere cargo tree objetivo","igual shell; no depende del proveedor","MIT OR Apache-2.0","Cargo registry:windows-core-0.61.2/Cargo.toml","https://crates.io/crates/windows-core/0.61.2","PENDIENTE REVISION",""
"Cargo","windows-core","0.62.2","lock multiplataforma: runtime/build por resolver","posible; requiere cargo tree objetivo","igual shell; no depende del proveedor","MIT OR Apache-2.0","Cargo registry:windows-core-0.62.2/Cargo.toml","https://crates.io/crates/windows-core/0.62.2","PENDIENTE REVISION",""
"Cargo","windows-future","0.2.1","lock multiplataforma: runtime/build por resolver","posible; requiere cargo tree objetivo","igual shell; no depende del proveedor","MIT OR Apache-2.0","Cargo registry:windows-future-0.2.1/Cargo.toml","https://crates.io/crates/windows-future/0.2.1","PENDIENTE REVISION",""
"Cargo","windows-implement","0.60.2","lock multiplataforma: runtime/build por resolver","posible; requiere cargo tree objetivo","igual shell; no depende del proveedor","MIT OR Apache-2.0","Cargo registry:windows-implement-0.60.2/Cargo.toml","https://crates.io/crates/windows-implement/0.60.2","PENDIENTE REVISION",""
"Cargo","windows-interface","0.59.3","lock multiplataforma: runtime/build por resolver","posible; requiere cargo tree objetivo","igual shell; no depende del proveedor","MIT OR Apache-2.0","Cargo registry:windows-interface-0.59.3/Cargo.toml","https://crates.io/crates/windows-interface/0.59.3","PENDIENTE REVISION",""
"Cargo","windows-link","0.1.3","lock multiplataforma: runtime/build por resolver","posible; requiere cargo tree objetivo","igual shell; no depende del proveedor","MIT OR Apache-2.0","Cargo registry:windows-link-0.1.3/Cargo.toml","https://crates.io/crates/windows-link/0.1.3","PENDIENTE REVISION",""
"Cargo","windows-link","0.2.1","lock multiplataforma: runtime/build por resolver","posible; requiere cargo tree objetivo","igual shell; no depende del proveedor","MIT OR Apache-2.0","Cargo registry:windows-link-0.2.1/Cargo.toml","https://crates.io/crates/windows-link/0.2.1","PENDIENTE REVISION",""
"Cargo","windows-numerics","0.2.0","lock multiplataforma: runtime/build por resolver","posible; requiere cargo tree objetivo","igual shell; no depende del proveedor","MIT OR Apache-2.0","Cargo registry:windows-numerics-0.2.0/Cargo.toml","https://crates.io/crates/windows-numerics/0.2.0","PENDIENTE REVISION",""
"Cargo","windows-result","0.3.4","lock multiplataforma: runtime/build por resolver","posible; requiere cargo tree objetivo","igual shell; no depende del proveedor","MIT OR Apache-2.0","Cargo registry:windows-result-0.3.4/Cargo.toml","https://crates.io/crates/windows-result/0.3.4","PENDIENTE REVISION",""
"Cargo","windows-result","0.4.1","lock multiplataforma: runtime/build por resolver","posible; requiere cargo tree objetivo","igual shell; no depende del proveedor","MIT OR Apache-2.0","Cargo registry:windows-result-0.4.1/Cargo.toml","https://crates.io/crates/windows-result/0.4.1","PENDIENTE REVISION",""
"Cargo","windows-strings","0.4.2","lock multiplataforma: runtime/build por resolver","posible; requiere cargo tree objetivo","igual shell; no depende del proveedor","MIT OR Apache-2.0","Cargo registry:windows-strings-0.4.2/Cargo.toml","https://crates.io/crates/windows-strings/0.4.2","PENDIENTE REVISION",""
"Cargo","windows-strings","0.5.1","lock multiplataforma: runtime/build por resolver","posible; requiere cargo tree objetivo","igual shell; no depende del proveedor","MIT OR Apache-2.0","Cargo registry:windows-strings-0.5.1/Cargo.toml","https://crates.io/crates/windows-strings/0.5.1","PENDIENTE REVISION",""
"Cargo","windows-sys","0.45.0","lock multiplataforma: runtime/build por resolver","posible; requiere cargo tree objetivo","igual shell; no depende del proveedor","MIT OR Apache-2.0","Cargo registry:windows-sys-0.45.0/Cargo.toml","https://crates.io/crates/windows-sys/0.45.0","PENDIENTE REVISION",""
"Cargo","windows-sys","0.48.0","lock multiplataforma: runtime/build por resolver","posible; requiere cargo tree objetivo","igual shell; no depende del proveedor","MIT OR Apache-2.0","Cargo registry:windows-sys-0.48.0/Cargo.toml","https://crates.io/crates/windows-sys/0.48.0","PENDIENTE REVISION",""
"Cargo","windows-sys","0.52.0","lock multiplataforma: runtime/build por resolver","posible; requiere cargo tree objetivo","igual shell; no depende del proveedor","MIT OR Apache-2.0","Cargo registry:windows-sys-0.52.0/Cargo.toml","https://crates.io/crates/windows-sys/0.52.0","PENDIENTE REVISION",""
"Cargo","windows-sys","0.59.0","lock multiplataforma: runtime/build por resolver","posible; requiere cargo tree objetivo","igual shell; no depende del proveedor","MIT OR Apache-2.0","Cargo registry:windows-sys-0.59.0/Cargo.toml","https://crates.io/crates/windows-sys/0.59.0","PENDIENTE REVISION",""
"Cargo","windows-sys","0.60.2","lock multiplataforma: runtime/build por resolver","posible; requiere cargo tree objetivo","igual shell; no depende del proveedor","MIT OR Apache-2.0","Cargo registry:windows-sys-0.60.2/Cargo.toml","https://crates.io/crates/windows-sys/0.60.2","PENDIENTE REVISION",""
"Cargo","windows-sys","0.61.2","lock multiplataforma: runtime/build por resolver","posible; requiere cargo tree objetivo","igual shell; no depende del proveedor","MIT OR Apache-2.0","Cargo registry:windows-sys-0.61.2/Cargo.toml","https://crates.io/crates/windows-sys/0.61.2","PENDIENTE REVISION",""
"Cargo","windows-targets","0.42.2","lock multiplataforma: runtime/build por resolver","posible; requiere cargo tree objetivo","igual shell; no depende del proveedor","MIT OR Apache-2.0","Cargo registry:windows-targets-0.42.2/Cargo.toml","https://crates.io/crates/windows-targets/0.42.2","PENDIENTE REVISION",""
"Cargo","windows-targets","0.48.5","lock multiplataforma: runtime/build por resolver","posible; requiere cargo tree objetivo","igual shell; no depende del proveedor","MIT OR Apache-2.0","Cargo registry:windows-targets-0.48.5/Cargo.toml","https://crates.io/crates/windows-targets/0.48.5","PENDIENTE REVISION",""
"Cargo","windows-targets","0.52.6","lock multiplataforma: runtime/build por resolver","posible; requiere cargo tree objetivo","igual shell; no depende del proveedor","MIT OR Apache-2.0","Cargo registry:windows-targets-0.52.6/Cargo.toml","https://crates.io/crates/windows-targets/0.52.6","PENDIENTE REVISION",""
"Cargo","windows-targets","0.53.5","lock multiplataforma: runtime/build por resolver","posible; requiere cargo tree objetivo","igual shell; no depende del proveedor","MIT OR Apache-2.0","Cargo registry:windows-targets-0.53.5/Cargo.toml","https://crates.io/crates/windows-targets/0.53.5","PENDIENTE REVISION",""
"Cargo","windows-threading","0.1.0","lock multiplataforma: runtime/build por resolver","posible; requiere cargo tree objetivo","igual shell; no depende del proveedor","MIT OR Apache-2.0","Cargo registry:windows-threading-0.1.0/Cargo.toml","https://crates.io/crates/windows-threading/0.1.0","PENDIENTE REVISION",""
"Cargo","windows-version","0.1.7","lock multiplataforma: runtime/build por resolver","posible; requiere cargo tree objetivo","igual shell; no depende del proveedor","MIT OR Apache-2.0","Cargo registry:windows-version-0.1.7/Cargo.toml","https://crates.io/crates/windows-version/0.1.7","PENDIENTE REVISION",""
"Cargo","windows","0.61.3","lock multiplataforma: runtime/build por resolver","posible; requiere cargo tree objetivo","igual shell; no depende del proveedor","MIT OR Apache-2.0","Cargo registry:windows-0.61.3/Cargo.toml","https://crates.io/crates/windows/0.61.3","PENDIENTE REVISION",""
"Cargo","winnow","0.5.40","lock multiplataforma: runtime/build por resolver","posible; requiere cargo tree objetivo","igual shell; no depende del proveedor","MIT","Cargo registry:winnow-0.5.40/Cargo.toml","https://crates.io/crates/winnow/0.5.40","PENDIENTE REVISION",""
"Cargo","winnow","0.7.15","lock multiplataforma: runtime/build por resolver","posible; requiere cargo tree objetivo","igual shell; no depende del proveedor","MIT","Cargo registry:winnow-0.7.15/Cargo.toml","https://crates.io/crates/winnow/0.7.15","PENDIENTE REVISION",""
"Cargo","winnow","1.0.4","lock multiplataforma: runtime/build por resolver","posible; requiere cargo tree objetivo","igual shell; no depende del proveedor","MIT","Cargo registry:winnow-1.0.4/Cargo.toml","https://crates.io/crates/winnow/1.0.4","PENDIENTE REVISION",""
"Cargo","winreg","0.55.0","lock multiplataforma: runtime/build por resolver","posible; requiere cargo tree objetivo","igual shell; no depende del proveedor","MIT","Cargo registry:winreg-0.55.0/Cargo.toml","https://crates.io/crates/winreg/0.55.0","PENDIENTE REVISION",""
"Cargo","wit-bindgen","0.57.1","lock multiplataforma: runtime/build por resolver","posible; requiere cargo tree objetivo","igual shell; no depende del proveedor","Apache-2.0 WITH LLVM-exception OR Apache-2.0 OR MIT","Cargo registry:wit-bindgen-0.57.1/Cargo.toml","https://crates.io/crates/wit-bindgen/0.57.1","PENDIENTE REVISION",""
"Cargo","writeable","0.6.3","lock multiplataforma: runtime/build por resolver","posible; requiere cargo tree objetivo","igual shell; no depende del proveedor","Unicode-3.0","Cargo registry:writeable-0.6.3/Cargo.toml","https://crates.io/crates/writeable/0.6.3","PENDIENTE REVISION",""
"Cargo","wry","0.55.1","lock multiplataforma: runtime/build por resolver","posible; requiere cargo tree objetivo","igual shell; no depende del proveedor","Apache-2.0 OR MIT","Cargo registry:wry-0.55.1/Cargo.toml","https://crates.io/crates/wry/0.55.1","PENDIENTE REVISION",""
"Cargo","x11-dl","2.21.0","lock multiplataforma: runtime/build por resolver","posible; requiere cargo tree objetivo","igual shell; no depende del proveedor","MIT","Cargo registry:x11-dl-2.21.0/Cargo.toml","https://crates.io/crates/x11-dl/2.21.0","PENDIENTE REVISION",""
"Cargo","x11","2.21.0","lock multiplataforma: runtime/build por resolver","posible; requiere cargo tree objetivo","igual shell; no depende del proveedor","MIT","Cargo registry:x11-2.21.0/Cargo.toml","https://crates.io/crates/x11/2.21.0","PENDIENTE REVISION",""
"Cargo","xattr","1.6.1","lock multiplataforma: runtime/build por resolver","posible; requiere cargo tree objetivo","igual shell; no depende del proveedor","MIT OR Apache-2.0","Cargo registry:xattr-1.6.1/Cargo.toml","https://crates.io/crates/xattr/1.6.1","PENDIENTE REVISION",""
"Cargo","yoke-derive","0.8.2","lock multiplataforma: runtime/build por resolver","posible; requiere cargo tree objetivo","igual shell; no depende del proveedor","Unicode-3.0","Cargo registry:yoke-derive-0.8.2/Cargo.toml","https://crates.io/crates/yoke-derive/0.8.2","PENDIENTE REVISION",""
"Cargo","yoke","0.8.3","lock multiplataforma: runtime/build por resolver","posible; requiere cargo tree objetivo","igual shell; no depende del proveedor","Unicode-3.0","Cargo registry:yoke-0.8.3/Cargo.toml","https://crates.io/crates/yoke/0.8.3","PENDIENTE REVISION",""
"Cargo","zerofrom-derive","0.1.7","lock multiplataforma: runtime/build por resolver","posible; requiere cargo tree objetivo","igual shell; no depende del proveedor","Unicode-3.0","Cargo registry:zerofrom-derive-0.1.7/Cargo.toml","https://crates.io/crates/zerofrom-derive/0.1.7","PENDIENTE REVISION",""
"Cargo","zerofrom","0.1.8","lock multiplataforma: runtime/build por resolver","posible; requiere cargo tree objetivo","igual shell; no depende del proveedor","Unicode-3.0","Cargo registry:zerofrom-0.1.8/Cargo.toml","https://crates.io/crates/zerofrom/0.1.8","PENDIENTE REVISION",""
"Cargo","zeroize","1.9.0","lock multiplataforma: runtime/build por resolver","posible; requiere cargo tree objetivo","igual shell; no depende del proveedor","Apache-2.0 OR MIT","Cargo registry:zeroize-1.9.0/Cargo.toml","https://crates.io/crates/zeroize/1.9.0","PENDIENTE REVISION",""
"Cargo","zerotrie","0.2.4","lock multiplataforma: runtime/build por resolver","posible; requiere cargo tree objetivo","igual shell; no depende del proveedor","Unicode-3.0","Cargo registry:zerotrie-0.2.4/Cargo.toml","https://crates.io/crates/zerotrie/0.2.4","PENDIENTE REVISION",""
"Cargo","zerovec-derive","0.11.3","lock multiplataforma: runtime/build por resolver","posible; requiere cargo tree objetivo","igual shell; no depende del proveedor","Unicode-3.0","Cargo registry:zerovec-derive-0.11.3/Cargo.toml","https://crates.io/crates/zerovec-derive/0.11.3","PENDIENTE REVISION",""
"Cargo","zerovec","0.11.6","lock multiplataforma: runtime/build por resolver","posible; requiere cargo tree objetivo","igual shell; no depende del proveedor","Unicode-3.0","Cargo registry:zerovec-0.11.6/Cargo.toml","https://crates.io/crates/zerovec/0.11.6","PENDIENTE REVISION",""
"Cargo","zip","4.6.1","lock multiplataforma: runtime/build por resolver","posible; requiere cargo tree objetivo","igual shell; no depende del proveedor","MIT","Cargo registry:zip-4.6.1/Cargo.toml","https://crates.io/crates/zip/4.6.1","PENDIENTE REVISION",""
"Cargo","zmij","1.0.23","lock multiplataforma: runtime/build por resolver","posible; requiere cargo tree objetivo","igual shell; no depende del proveedor","MIT","Cargo registry:zmij-1.0.23/Cargo.toml","https://crates.io/crates/zmij/1.0.23","PENDIENTE REVISION",""
"Maven","com.ibm.informix:jdbc","15.0.0.1.1","JDBC Informix via IKVM","si, puente compilado","no, inferido","IBM Informix JDBC Software License Agreement","Maven:com/ibm/informix/jdbc/15.0.0.1.1/jdbc-15.0.0.1.1.pom","https://repo.maven.apache.org/maven2/com/ibm/informix/jdbc/15.0.0.1.1/jdbc-15.0.0.1.1.pom","PENDIENTE REVISION","POM local; revisar herencia, perfiles y obligaciones del JAR."
"Maven","org.mongodb:bson","3.8.0","JDBC Informix via IKVM","si, puente compilado","no, inferido","The Apache Software License, Version 2.0","Maven:org/mongodb/bson/3.8.0/bson-3.8.0.pom","https://repo.maven.apache.org/maven2/org/mongodb/bson/3.8.0/bson-3.8.0.pom","PENDIENTE REVISION","POM local; revisar herencia, perfiles y obligaciones del JAR."
"npm","@acemir/cssom","0.9.31","frontend:desarrollo","herramienta; no inferir inclusion","igual frontend; no depende del proveedor","MIT","frontend/package-lock.json:node_modules/@acemir/cssom","https://www.npmjs.com/package/@acemir/cssom/v/0.9.31","PENDIENTE REVISION","El lock incluye plataformas opcionales; no equivale al contenido distribuido."
"npm","@ampproject/remapping","2.3.0","frontend:desarrollo","herramienta; no inferir inclusion","igual frontend; no depende del proveedor","Apache-2.0","frontend/package-lock.json:node_modules/@ampproject/remapping","https://www.npmjs.com/package/@ampproject/remapping/v/2.3.0","PENDIENTE REVISION","El lock incluye plataformas opcionales; no equivale al contenido distribuido."
"npm","@angular-devkit/architect","0.2201.3","frontend:desarrollo","herramienta; no inferir inclusion","igual frontend; no depende del proveedor","MIT","frontend/package-lock.json:node_modules/@angular-devkit/architect","https://www.npmjs.com/package/@angular-devkit/architect/v/0.2201.3","PENDIENTE REVISION","El lock incluye plataformas opcionales; no equivale al contenido distribuido."
"npm","@angular-devkit/core","22.1.3","frontend:desarrollo","herramienta; no inferir inclusion","igual frontend; no depende del proveedor","MIT","frontend/package-lock.json:node_modules/@angular-devkit/core","https://www.npmjs.com/package/@angular-devkit/core/v/22.1.3","PENDIENTE REVISION","El lock incluye plataformas opcionales; no equivale al contenido distribuido."
"npm","@angular-devkit/schematics","22.1.3","frontend:desarrollo","herramienta; no inferir inclusion","igual frontend; no depende del proveedor","MIT","frontend/package-lock.json:node_modules/@angular-devkit/schematics","https://www.npmjs.com/package/@angular-devkit/schematics/v/22.1.3","PENDIENTE REVISION","El lock incluye plataformas opcionales; no equivale al contenido distribuido."
"npm","@angular/build","22.1.3","frontend:desarrollo","herramienta; no inferir inclusion","igual frontend; no depende del proveedor","MIT","frontend/package-lock.json:node_modules/@angular/build","https://www.npmjs.com/package/@angular/build/v/22.1.3","PENDIENTE REVISION","El lock incluye plataformas opcionales; no equivale al contenido distribuido."
"npm","@angular/cli","22.1.3","frontend:desarrollo","herramienta; no inferir inclusion","igual frontend; no depende del proveedor","MIT","frontend/package-lock.json:node_modules/@angular/cli","https://www.npmjs.com/package/@angular/cli/v/22.1.3","PENDIENTE REVISION","El lock incluye plataformas opcionales; no equivale al contenido distribuido."
"npm","@angular/common","22.1.1","frontend:grafo produccion","posible codigo en bundle","igual frontend; no depende del proveedor","MIT","frontend/package-lock.json:node_modules/@angular/common","https://www.npmjs.com/package/@angular/common/v/22.1.1","PENDIENTE REVISION","El lock incluye plataformas opcionales; no equivale al contenido distribuido."
"npm","@angular/compiler-cli","22.1.1","frontend:desarrollo","herramienta; no inferir inclusion","igual frontend; no depende del proveedor","MIT","frontend/package-lock.json:node_modules/@angular/compiler-cli","https://www.npmjs.com/package/@angular/compiler-cli/v/22.1.1","PENDIENTE REVISION","El lock incluye plataformas opcionales; no equivale al contenido distribuido."
"npm","@angular/compiler","22.1.1","frontend:grafo produccion","posible codigo en bundle","igual frontend; no depende del proveedor","MIT","frontend/package-lock.json:node_modules/@angular/compiler","https://www.npmjs.com/package/@angular/compiler/v/22.1.1","PENDIENTE REVISION","El lock incluye plataformas opcionales; no equivale al contenido distribuido."
"npm","@angular/core","22.1.1","frontend:grafo produccion","posible codigo en bundle","igual frontend; no depende del proveedor","MIT","frontend/package-lock.json:node_modules/@angular/core","https://www.npmjs.com/package/@angular/core/v/22.1.1","PENDIENTE REVISION","El lock incluye plataformas opcionales; no equivale al contenido distribuido."
"npm","@angular/forms","22.1.1","frontend:grafo produccion","posible codigo en bundle","igual frontend; no depende del proveedor","MIT","frontend/package-lock.json:node_modules/@angular/forms","https://www.npmjs.com/package/@angular/forms/v/22.1.1","PENDIENTE REVISION","El lock incluye plataformas opcionales; no equivale al contenido distribuido."
"npm","@angular/platform-browser","22.1.1","frontend:grafo produccion","posible codigo en bundle","igual frontend; no depende del proveedor","MIT","frontend/package-lock.json:node_modules/@angular/platform-browser","https://www.npmjs.com/package/@angular/platform-browser/v/22.1.1","PENDIENTE REVISION","El lock incluye plataformas opcionales; no equivale al contenido distribuido."
"npm","@angular/router","22.1.1","frontend:grafo produccion","posible codigo en bundle","igual frontend; no depende del proveedor","MIT","frontend/package-lock.json:node_modules/@angular/router","https://www.npmjs.com/package/@angular/router/v/22.1.1","PENDIENTE REVISION","El lock incluye plataformas opcionales; no equivale al contenido distribuido."
"npm","@asamuzakjp/css-color","5.1.11","frontend:desarrollo","herramienta; no inferir inclusion","igual frontend; no depende del proveedor","MIT","frontend/package-lock.json:node_modules/@asamuzakjp/css-color","https://www.npmjs.com/package/@asamuzakjp/css-color/v/5.1.11","PENDIENTE REVISION","El lock incluye plataformas opcionales; no equivale al contenido distribuido."
"npm","@asamuzakjp/dom-selector","6.8.1","frontend:desarrollo","herramienta; no inferir inclusion","igual frontend; no depende del proveedor","MIT","frontend/package-lock.json:node_modules/@asamuzakjp/dom-selector","https://www.npmjs.com/package/@asamuzakjp/dom-selector/v/6.8.1","PENDIENTE REVISION","El lock incluye plataformas opcionales; no equivale al contenido distribuido."
"npm","@asamuzakjp/generational-cache","1.0.1","frontend:desarrollo","herramienta; no inferir inclusion","igual frontend; no depende del proveedor","MIT","frontend/package-lock.json:node_modules/@asamuzakjp/generational-cache","https://www.npmjs.com/package/@asamuzakjp/generational-cache/v/1.0.1","PENDIENTE REVISION","El lock incluye plataformas opcionales; no equivale al contenido distribuido."
"npm","@asamuzakjp/nwsapi","2.3.9","frontend:desarrollo","herramienta; no inferir inclusion","igual frontend; no depende del proveedor","MIT","frontend/package-lock.json:node_modules/@asamuzakjp/nwsapi","https://www.npmjs.com/package/@asamuzakjp/nwsapi/v/2.3.9","PENDIENTE REVISION","El lock incluye plataformas opcionales; no equivale al contenido distribuido."
"npm","@babel/code-frame","8.0.0","frontend:desarrollo","herramienta; no inferir inclusion","igual frontend; no depende del proveedor","MIT","frontend/package-lock.json:node_modules/@babel/code-frame","https://www.npmjs.com/package/@babel/code-frame/v/8.0.0","PENDIENTE REVISION","El lock incluye plataformas opcionales; no equivale al contenido distribuido."
"npm","@babel/compat-data","8.0.0","frontend:desarrollo","herramienta; no inferir inclusion","igual frontend; no depende del proveedor","MIT","frontend/package-lock.json:node_modules/@babel/compat-data","https://www.npmjs.com/package/@babel/compat-data/v/8.0.0","PENDIENTE REVISION","El lock incluye plataformas opcionales; no equivale al contenido distribuido."
"npm","@babel/core","8.0.1","frontend:desarrollo","herramienta; no inferir inclusion","igual frontend; no depende del proveedor","MIT","frontend/package-lock.json:node_modules/@babel/core","https://www.npmjs.com/package/@babel/core/v/8.0.1","PENDIENTE REVISION","El lock incluye plataformas opcionales; no equivale al contenido distribuido."
"npm","@babel/generator","8.0.0","frontend:desarrollo","herramienta; no inferir inclusion","igual frontend; no depende del proveedor","MIT","frontend/package-lock.json:node_modules/@babel/generator","https://www.npmjs.com/package/@babel/generator/v/8.0.0","PENDIENTE REVISION","El lock incluye plataformas opcionales; no equivale al contenido distribuido."
"npm","@babel/helper-annotate-as-pure","8.0.0","frontend:desarrollo","herramienta; no inferir inclusion","igual frontend; no depende del proveedor","MIT","frontend/package-lock.json:node_modules/@babel/helper-annotate-as-pure","https://www.npmjs.com/package/@babel/helper-annotate-as-pure/v/8.0.0","PENDIENTE REVISION","El lock incluye plataformas opcionales; no equivale al contenido distribuido."
"npm","@babel/helper-compilation-targets","8.0.0","frontend:desarrollo","herramienta; no inferir inclusion","igual frontend; no depende del proveedor","MIT","frontend/package-lock.json:node_modules/@babel/helper-compilation-targets","https://www.npmjs.com/package/@babel/helper-compilation-targets/v/8.0.0","PENDIENTE REVISION","El lock incluye plataformas opcionales; no equivale al contenido distribuido."
"npm","@babel/helper-globals","8.0.0","frontend:desarrollo","herramienta; no inferir inclusion","igual frontend; no depende del proveedor","MIT","frontend/package-lock.json:node_modules/@babel/helper-globals","https://www.npmjs.com/package/@babel/helper-globals/v/8.0.0","PENDIENTE REVISION","El lock incluye plataformas opcionales; no equivale al contenido distribuido."
"npm","@babel/helper-split-export-declaration","7.24.7","frontend:desarrollo","herramienta; no inferir inclusion","igual frontend; no depende del proveedor","MIT","frontend/package-lock.json:node_modules/@babel/helper-split-export-declaration","https://www.npmjs.com/package/@babel/helper-split-export-declaration/v/7.24.7","PENDIENTE REVISION","El lock incluye plataformas opcionales; no equivale al contenido distribuido."
"npm","@babel/helper-string-parser","7.29.7","frontend:desarrollo","herramienta; no inferir inclusion","igual frontend; no depende del proveedor","MIT","frontend/package-lock.json:node_modules/@babel/helper-split-export-declaration/node_modules/@babel/helper-string-parser","https://www.npmjs.com/package/@babel/helper-string-parser/v/7.29.7","PENDIENTE REVISION","El lock incluye plataformas opcionales; no equivale al contenido distribuido."
"npm","@babel/helper-string-parser","8.0.0","frontend:desarrollo","herramienta; no inferir inclusion","igual frontend; no depende del proveedor","MIT","frontend/package-lock.json:node_modules/@babel/helper-string-parser","https://www.npmjs.com/package/@babel/helper-string-parser/v/8.0.0","PENDIENTE REVISION","El lock incluye plataformas opcionales; no equivale al contenido distribuido."
"npm","@babel/helper-validator-identifier","7.29.7","frontend:desarrollo","herramienta; no inferir inclusion","igual frontend; no depende del proveedor","MIT","frontend/package-lock.json:node_modules/@babel/helper-split-export-declaration/node_modules/@babel/helper-validator-identifier","https://www.npmjs.com/package/@babel/helper-validator-identifier/v/7.29.7","PENDIENTE REVISION","El lock incluye plataformas opcionales; no equivale al contenido distribuido."
"npm","@babel/helper-validator-identifier","8.0.4","frontend:desarrollo","herramienta; no inferir inclusion","igual frontend; no depende del proveedor","MIT","frontend/package-lock.json:node_modules/@babel/helper-validator-identifier","https://www.npmjs.com/package/@babel/helper-validator-identifier/v/8.0.4","PENDIENTE REVISION","El lock incluye plataformas opcionales; no equivale al contenido distribuido."
"npm","@babel/helper-validator-option","8.0.0","frontend:desarrollo","herramienta; no inferir inclusion","igual frontend; no depende del proveedor","MIT","frontend/package-lock.json:node_modules/@babel/helper-validator-option","https://www.npmjs.com/package/@babel/helper-validator-option/v/8.0.0","PENDIENTE REVISION","El lock incluye plataformas opcionales; no equivale al contenido distribuido."
"npm","@babel/helpers","8.0.0","frontend:desarrollo","herramienta; no inferir inclusion","igual frontend; no depende del proveedor","MIT","frontend/package-lock.json:node_modules/@babel/helpers","https://www.npmjs.com/package/@babel/helpers/v/8.0.0","PENDIENTE REVISION","El lock incluye plataformas opcionales; no equivale al contenido distribuido."
"npm","@babel/parser","8.0.4","frontend:desarrollo","herramienta; no inferir inclusion","igual frontend; no depende del proveedor","MIT","frontend/package-lock.json:node_modules/@babel/parser","https://www.npmjs.com/package/@babel/parser/v/8.0.4","PENDIENTE REVISION","El lock incluye plataformas opcionales; no equivale al contenido distribuido."
"npm","@babel/template","8.0.0","frontend:desarrollo","herramienta; no inferir inclusion","igual frontend; no depende del proveedor","MIT","frontend/package-lock.json:node_modules/@babel/template","https://www.npmjs.com/package/@babel/template/v/8.0.0","PENDIENTE REVISION","El lock incluye plataformas opcionales; no equivale al contenido distribuido."
"npm","@babel/traverse","8.0.4","frontend:desarrollo","herramienta; no inferir inclusion","igual frontend; no depende del proveedor","MIT","frontend/package-lock.json:node_modules/@babel/traverse","https://www.npmjs.com/package/@babel/traverse/v/8.0.4","PENDIENTE REVISION","El lock incluye plataformas opcionales; no equivale al contenido distribuido."
"npm","@babel/types","7.29.8","frontend:desarrollo","herramienta; no inferir inclusion","igual frontend; no depende del proveedor","MIT","frontend/package-lock.json:node_modules/@babel/helper-split-export-declaration/node_modules/@babel/types","https://www.npmjs.com/package/@babel/types/v/7.29.8","PENDIENTE REVISION","El lock incluye plataformas opcionales; no equivale al contenido distribuido."
"npm","@babel/types","8.0.4","frontend:desarrollo","herramienta; no inferir inclusion","igual frontend; no depende del proveedor","MIT","frontend/package-lock.json:node_modules/@babel/types","https://www.npmjs.com/package/@babel/types/v/8.0.4","PENDIENTE REVISION","El lock incluye plataformas opcionales; no equivale al contenido distribuido."
"npm","@bramus/specificity","2.4.2","frontend:desarrollo","herramienta; no inferir inclusion","igual frontend; no depende del proveedor","MIT","frontend/package-lock.json:node_modules/@bramus/specificity","https://www.npmjs.com/package/@bramus/specificity/v/2.4.2","PENDIENTE REVISION","El lock incluye plataformas opcionales; no equivale al contenido distribuido."
"npm","@csstools/color-helpers","6.1.0","frontend:desarrollo","herramienta; no inferir inclusion","igual frontend; no depende del proveedor","MIT-0","frontend/package-lock.json:node_modules/@csstools/color-helpers","https://www.npmjs.com/package/@csstools/color-helpers/v/6.1.0","PENDIENTE REVISION","El lock incluye plataformas opcionales; no equivale al contenido distribuido."
"npm","@csstools/css-calc","3.3.0","frontend:desarrollo","herramienta; no inferir inclusion","igual frontend; no depende del proveedor","MIT","frontend/package-lock.json:node_modules/@csstools/css-calc","https://www.npmjs.com/package/@csstools/css-calc/v/3.3.0","PENDIENTE REVISION","El lock incluye plataformas opcionales; no equivale al contenido distribuido."
"npm","@csstools/css-color-parser","4.1.10","frontend:desarrollo","herramienta; no inferir inclusion","igual frontend; no depende del proveedor","MIT","frontend/package-lock.json:node_modules/@csstools/css-color-parser","https://www.npmjs.com/package/@csstools/css-color-parser/v/4.1.10","PENDIENTE REVISION","El lock incluye plataformas opcionales; no equivale al contenido distribuido."
"npm","@csstools/css-parser-algorithms","4.0.0","frontend:desarrollo","herramienta; no inferir inclusion","igual frontend; no depende del proveedor","MIT","frontend/package-lock.json:node_modules/@csstools/css-parser-algorithms","https://www.npmjs.com/package/@csstools/css-parser-algorithms/v/4.0.0","PENDIENTE REVISION","El lock incluye plataformas opcionales; no equivale al contenido distribuido."
"npm","@csstools/css-syntax-patches-for-csstree","1.1.7","frontend:desarrollo","herramienta; no inferir inclusion","igual frontend; no depende del proveedor","MIT-0","frontend/package-lock.json:node_modules/@csstools/css-syntax-patches-for-csstree","https://www.npmjs.com/package/@csstools/css-syntax-patches-for-csstree/v/1.1.7","PENDIENTE REVISION","El lock incluye plataformas opcionales; no equivale al contenido distribuido."
"npm","@csstools/css-tokenizer","4.0.0","frontend:desarrollo","herramienta; no inferir inclusion","igual frontend; no depende del proveedor","MIT","frontend/package-lock.json:node_modules/@csstools/css-tokenizer","https://www.npmjs.com/package/@csstools/css-tokenizer/v/4.0.0","PENDIENTE REVISION","El lock incluye plataformas opcionales; no equivale al contenido distribuido."
"npm","@emnapi/core","1.11.1","frontend:desarrollo","herramienta; no inferir inclusion","igual frontend; no depende del proveedor","MIT","frontend/package-lock.json:node_modules/vite/node_modules/@emnapi/core","https://www.npmjs.com/package/@emnapi/core/v/1.11.1","PENDIENTE REVISION","El lock incluye plataformas opcionales; no equivale al contenido distribuido."
"npm","@emnapi/core","1.11.2","frontend:desarrollo","herramienta; no inferir inclusion","igual frontend; no depende del proveedor","MIT","frontend/package-lock.json:node_modules/@emnapi/core","https://www.npmjs.com/package/@emnapi/core/v/1.11.2","PENDIENTE REVISION","El lock incluye plataformas opcionales; no equivale al contenido distribuido."
"npm","@emnapi/runtime","1.11.1","frontend:desarrollo","herramienta; no inferir inclusion","igual frontend; no depende del proveedor","MIT","frontend/package-lock.json:node_modules/vite/node_modules/@emnapi/runtime","https://www.npmjs.com/package/@emnapi/runtime/v/1.11.1","PENDIENTE REVISION","El lock incluye plataformas opcionales; no equivale al contenido distribuido."
"npm","@emnapi/runtime","1.11.2","frontend:desarrollo","herramienta; no inferir inclusion","igual frontend; no depende del proveedor","MIT","frontend/package-lock.json:node_modules/@emnapi/runtime","https://www.npmjs.com/package/@emnapi/runtime/v/1.11.2","PENDIENTE REVISION","El lock incluye plataformas opcionales; no equivale al contenido distribuido."
"npm","@emnapi/wasi-threads","1.2.2","frontend:desarrollo","herramienta; no inferir inclusion","igual frontend; no depende del proveedor","MIT","frontend/package-lock.json:node_modules/@emnapi/wasi-threads","https://www.npmjs.com/package/@emnapi/wasi-threads/v/1.2.2","PENDIENTE REVISION","El lock incluye plataformas opcionales; no equivale al contenido distribuido."
"npm","@esbuild/aix-ppc64","0.28.1","frontend:desarrollo","herramienta; no inferir inclusion","igual frontend; no depende del proveedor","MIT","frontend/package-lock.json:node_modules/@esbuild/aix-ppc64","https://www.npmjs.com/package/@esbuild/aix-ppc64/v/0.28.1","PENDIENTE REVISION","El lock incluye plataformas opcionales; no equivale al contenido distribuido."
"npm","@esbuild/android-arm","0.28.1","frontend:desarrollo","herramienta; no inferir inclusion","igual frontend; no depende del proveedor","MIT","frontend/package-lock.json:node_modules/@esbuild/android-arm","https://www.npmjs.com/package/@esbuild/android-arm/v/0.28.1","PENDIENTE REVISION","El lock incluye plataformas opcionales; no equivale al contenido distribuido."
"npm","@esbuild/android-arm64","0.28.1","frontend:desarrollo","herramienta; no inferir inclusion","igual frontend; no depende del proveedor","MIT","frontend/package-lock.json:node_modules/@esbuild/android-arm64","https://www.npmjs.com/package/@esbuild/android-arm64/v/0.28.1","PENDIENTE REVISION","El lock incluye plataformas opcionales; no equivale al contenido distribuido."
"npm","@esbuild/android-x64","0.28.1","frontend:desarrollo","herramienta; no inferir inclusion","igual frontend; no depende del proveedor","MIT","frontend/package-lock.json:node_modules/@esbuild/android-x64","https://www.npmjs.com/package/@esbuild/android-x64/v/0.28.1","PENDIENTE REVISION","El lock incluye plataformas opcionales; no equivale al contenido distribuido."
"npm","@esbuild/darwin-arm64","0.28.1","frontend:desarrollo","herramienta; no inferir inclusion","igual frontend; no depende del proveedor","MIT","frontend/package-lock.json:node_modules/@esbuild/darwin-arm64","https://www.npmjs.com/package/@esbuild/darwin-arm64/v/0.28.1","PENDIENTE REVISION","El lock incluye plataformas opcionales; no equivale al contenido distribuido."
"npm","@esbuild/darwin-x64","0.28.1","frontend:desarrollo","herramienta; no inferir inclusion","igual frontend; no depende del proveedor","MIT","frontend/package-lock.json:node_modules/@esbuild/darwin-x64","https://www.npmjs.com/package/@esbuild/darwin-x64/v/0.28.1","PENDIENTE REVISION","El lock incluye plataformas opcionales; no equivale al contenido distribuido."
"npm","@esbuild/freebsd-arm64","0.28.1","frontend:desarrollo","herramienta; no inferir inclusion","igual frontend; no depende del proveedor","MIT","frontend/package-lock.json:node_modules/@esbuild/freebsd-arm64","https://www.npmjs.com/package/@esbuild/freebsd-arm64/v/0.28.1","PENDIENTE REVISION","El lock incluye plataformas opcionales; no equivale al contenido distribuido."
"npm","@esbuild/freebsd-x64","0.28.1","frontend:desarrollo","herramienta; no inferir inclusion","igual frontend; no depende del proveedor","MIT","frontend/package-lock.json:node_modules/@esbuild/freebsd-x64","https://www.npmjs.com/package/@esbuild/freebsd-x64/v/0.28.1","PENDIENTE REVISION","El lock incluye plataformas opcionales; no equivale al contenido distribuido."
"npm","@esbuild/linux-arm","0.28.1","frontend:desarrollo","herramienta; no inferir inclusion","igual frontend; no depende del proveedor","MIT","frontend/package-lock.json:node_modules/@esbuild/linux-arm","https://www.npmjs.com/package/@esbuild/linux-arm/v/0.28.1","PENDIENTE REVISION","El lock incluye plataformas opcionales; no equivale al contenido distribuido."
"npm","@esbuild/linux-arm64","0.28.1","frontend:desarrollo","herramienta; no inferir inclusion","igual frontend; no depende del proveedor","MIT","frontend/package-lock.json:node_modules/@esbuild/linux-arm64","https://www.npmjs.com/package/@esbuild/linux-arm64/v/0.28.1","PENDIENTE REVISION","El lock incluye plataformas opcionales; no equivale al contenido distribuido."
"npm","@esbuild/linux-ia32","0.28.1","frontend:desarrollo","herramienta; no inferir inclusion","igual frontend; no depende del proveedor","MIT","frontend/package-lock.json:node_modules/@esbuild/linux-ia32","https://www.npmjs.com/package/@esbuild/linux-ia32/v/0.28.1","PENDIENTE REVISION","El lock incluye plataformas opcionales; no equivale al contenido distribuido."
"npm","@esbuild/linux-loong64","0.28.1","frontend:desarrollo","herramienta; no inferir inclusion","igual frontend; no depende del proveedor","MIT","frontend/package-lock.json:node_modules/@esbuild/linux-loong64","https://www.npmjs.com/package/@esbuild/linux-loong64/v/0.28.1","PENDIENTE REVISION","El lock incluye plataformas opcionales; no equivale al contenido distribuido."
"npm","@esbuild/linux-mips64el","0.28.1","frontend:desarrollo","herramienta; no inferir inclusion","igual frontend; no depende del proveedor","MIT","frontend/package-lock.json:node_modules/@esbuild/linux-mips64el","https://www.npmjs.com/package/@esbuild/linux-mips64el/v/0.28.1","PENDIENTE REVISION","El lock incluye plataformas opcionales; no equivale al contenido distribuido."
"npm","@esbuild/linux-ppc64","0.28.1","frontend:desarrollo","herramienta; no inferir inclusion","igual frontend; no depende del proveedor","MIT","frontend/package-lock.json:node_modules/@esbuild/linux-ppc64","https://www.npmjs.com/package/@esbuild/linux-ppc64/v/0.28.1","PENDIENTE REVISION","El lock incluye plataformas opcionales; no equivale al contenido distribuido."
"npm","@esbuild/linux-riscv64","0.28.1","frontend:desarrollo","herramienta; no inferir inclusion","igual frontend; no depende del proveedor","MIT","frontend/package-lock.json:node_modules/@esbuild/linux-riscv64","https://www.npmjs.com/package/@esbuild/linux-riscv64/v/0.28.1","PENDIENTE REVISION","El lock incluye plataformas opcionales; no equivale al contenido distribuido."
"npm","@esbuild/linux-s390x","0.28.1","frontend:desarrollo","herramienta; no inferir inclusion","igual frontend; no depende del proveedor","MIT","frontend/package-lock.json:node_modules/@esbuild/linux-s390x","https://www.npmjs.com/package/@esbuild/linux-s390x/v/0.28.1","PENDIENTE REVISION","El lock incluye plataformas opcionales; no equivale al contenido distribuido."
"npm","@esbuild/linux-x64","0.28.1","frontend:desarrollo","herramienta; no inferir inclusion","igual frontend; no depende del proveedor","MIT","frontend/package-lock.json:node_modules/@esbuild/linux-x64","https://www.npmjs.com/package/@esbuild/linux-x64/v/0.28.1","PENDIENTE REVISION","El lock incluye plataformas opcionales; no equivale al contenido distribuido."
"npm","@esbuild/netbsd-arm64","0.28.1","frontend:desarrollo","herramienta; no inferir inclusion","igual frontend; no depende del proveedor","MIT","frontend/package-lock.json:node_modules/@esbuild/netbsd-arm64","https://www.npmjs.com/package/@esbuild/netbsd-arm64/v/0.28.1","PENDIENTE REVISION","El lock incluye plataformas opcionales; no equivale al contenido distribuido."
"npm","@esbuild/netbsd-x64","0.28.1","frontend:desarrollo","herramienta; no inferir inclusion","igual frontend; no depende del proveedor","MIT","frontend/package-lock.json:node_modules/@esbuild/netbsd-x64","https://www.npmjs.com/package/@esbuild/netbsd-x64/v/0.28.1","PENDIENTE REVISION","El lock incluye plataformas opcionales; no equivale al contenido distribuido."
"npm","@esbuild/openbsd-arm64","0.28.1","frontend:desarrollo","herramienta; no inferir inclusion","igual frontend; no depende del proveedor","MIT","frontend/package-lock.json:node_modules/@esbuild/openbsd-arm64","https://www.npmjs.com/package/@esbuild/openbsd-arm64/v/0.28.1","PENDIENTE REVISION","El lock incluye plataformas opcionales; no equivale al contenido distribuido."
"npm","@esbuild/openbsd-x64","0.28.1","frontend:desarrollo","herramienta; no inferir inclusion","igual frontend; no depende del proveedor","MIT","frontend/package-lock.json:node_modules/@esbuild/openbsd-x64","https://www.npmjs.com/package/@esbuild/openbsd-x64/v/0.28.1","PENDIENTE REVISION","El lock incluye plataformas opcionales; no equivale al contenido distribuido."
"npm","@esbuild/openharmony-arm64","0.28.1","frontend:desarrollo","herramienta; no inferir inclusion","igual frontend; no depende del proveedor","MIT","frontend/package-lock.json:node_modules/@esbuild/openharmony-arm64","https://www.npmjs.com/package/@esbuild/openharmony-arm64/v/0.28.1","PENDIENTE REVISION","El lock incluye plataformas opcionales; no equivale al contenido distribuido."
"npm","@esbuild/sunos-x64","0.28.1","frontend:desarrollo","herramienta; no inferir inclusion","igual frontend; no depende del proveedor","MIT","frontend/package-lock.json:node_modules/@esbuild/sunos-x64","https://www.npmjs.com/package/@esbuild/sunos-x64/v/0.28.1","PENDIENTE REVISION","El lock incluye plataformas opcionales; no equivale al contenido distribuido."
"npm","@esbuild/win32-arm64","0.28.1","frontend:desarrollo","herramienta; no inferir inclusion","igual frontend; no depende del proveedor","MIT","frontend/package-lock.json:node_modules/@esbuild/win32-arm64","https://www.npmjs.com/package/@esbuild/win32-arm64/v/0.28.1","PENDIENTE REVISION","El lock incluye plataformas opcionales; no equivale al contenido distribuido."
"npm","@esbuild/win32-ia32","0.28.1","frontend:desarrollo","herramienta; no inferir inclusion","igual frontend; no depende del proveedor","MIT","frontend/package-lock.json:node_modules/@esbuild/win32-ia32","https://www.npmjs.com/package/@esbuild/win32-ia32/v/0.28.1","PENDIENTE REVISION","El lock incluye plataformas opcionales; no equivale al contenido distribuido."
"npm","@esbuild/win32-x64","0.28.1","frontend:desarrollo","herramienta; no inferir inclusion","igual frontend; no depende del proveedor","MIT","frontend/package-lock.json:node_modules/@esbuild/win32-x64","https://www.npmjs.com/package/@esbuild/win32-x64/v/0.28.1","PENDIENTE REVISION","El lock incluye plataformas opcionales; no equivale al contenido distribuido."
"npm","@exodus/bytes","1.15.1","frontend:desarrollo","herramienta; no inferir inclusion","igual frontend; no depende del proveedor","MIT","frontend/package-lock.json:node_modules/@exodus/bytes","https://www.npmjs.com/package/@exodus/bytes/v/1.15.1","PENDIENTE REVISION","El lock incluye plataformas opcionales; no equivale al contenido distribuido."
"npm","@fontsource/inter","5.3.0","frontend:grafo produccion","posible codigo en bundle","igual frontend; no depende del proveedor","OFL-1.1","frontend/package-lock.json:node_modules/@fontsource/inter","https://www.npmjs.com/package/@fontsource/inter/v/5.3.0","PENDIENTE REVISION","El lock incluye plataformas opcionales; no equivale al contenido distribuido."
"npm","@fontsource/jetbrains-mono","5.3.0","frontend:grafo produccion","posible codigo en bundle","igual frontend; no depende del proveedor","OFL-1.1","frontend/package-lock.json:node_modules/@fontsource/jetbrains-mono","https://www.npmjs.com/package/@fontsource/jetbrains-mono/v/5.3.0","PENDIENTE REVISION","El lock incluye plataformas opcionales; no equivale al contenido distribuido."
"npm","@harperfast/extended-iterable","1.0.3","frontend:desarrollo","herramienta; no inferir inclusion","igual frontend; no depende del proveedor","Apache-2.0","frontend/package-lock.json:node_modules/@harperfast/extended-iterable","https://www.npmjs.com/package/@harperfast/extended-iterable/v/1.0.3","PENDIENTE REVISION","El lock incluye plataformas opcionales; no equivale al contenido distribuido."
"npm","@hono/node-server","1.19.17","frontend:desarrollo","herramienta; no inferir inclusion","igual frontend; no depende del proveedor","MIT","frontend/package-lock.json:node_modules/@hono/node-server","https://www.npmjs.com/package/@hono/node-server/v/1.19.17","PENDIENTE REVISION","El lock incluye plataformas opcionales; no equivale al contenido distribuido."
"npm","@inquirer/ansi","2.0.7","frontend:desarrollo","herramienta; no inferir inclusion","igual frontend; no depende del proveedor","MIT","frontend/package-lock.json:node_modules/@inquirer/ansi","https://www.npmjs.com/package/@inquirer/ansi/v/2.0.7","PENDIENTE REVISION","El lock incluye plataformas opcionales; no equivale al contenido distribuido."
"npm","@inquirer/checkbox","5.2.1","frontend:desarrollo","herramienta; no inferir inclusion","igual frontend; no depende del proveedor","MIT","frontend/package-lock.json:node_modules/@inquirer/checkbox","https://www.npmjs.com/package/@inquirer/checkbox/v/5.2.1","PENDIENTE REVISION","El lock incluye plataformas opcionales; no equivale al contenido distribuido."
"npm","@inquirer/confirm","6.1.1","frontend:desarrollo","herramienta; no inferir inclusion","igual frontend; no depende del proveedor","MIT","frontend/package-lock.json:node_modules/@inquirer/confirm","https://www.npmjs.com/package/@inquirer/confirm/v/6.1.1","PENDIENTE REVISION","El lock incluye plataformas opcionales; no equivale al contenido distribuido."
"npm","@inquirer/core","11.2.1","frontend:desarrollo","herramienta; no inferir inclusion","igual frontend; no depende del proveedor","MIT","frontend/package-lock.json:node_modules/@inquirer/core","https://www.npmjs.com/package/@inquirer/core/v/11.2.1","PENDIENTE REVISION","El lock incluye plataformas opcionales; no equivale al contenido distribuido."
"npm","@inquirer/editor","5.2.2","frontend:desarrollo","herramienta; no inferir inclusion","igual frontend; no depende del proveedor","MIT","frontend/package-lock.json:node_modules/@inquirer/editor","https://www.npmjs.com/package/@inquirer/editor/v/5.2.2","PENDIENTE REVISION","El lock incluye plataformas opcionales; no equivale al contenido distribuido."
"npm","@inquirer/expand","5.1.1","frontend:desarrollo","herramienta; no inferir inclusion","igual frontend; no depende del proveedor","MIT","frontend/package-lock.json:node_modules/@inquirer/expand","https://www.npmjs.com/package/@inquirer/expand/v/5.1.1","PENDIENTE REVISION","El lock incluye plataformas opcionales; no equivale al contenido distribuido."
"npm","@inquirer/external-editor","3.0.3","frontend:desarrollo","herramienta; no inferir inclusion","igual frontend; no depende del proveedor","MIT","frontend/package-lock.json:node_modules/@inquirer/external-editor","https://www.npmjs.com/package/@inquirer/external-editor/v/3.0.3","PENDIENTE REVISION","El lock incluye plataformas opcionales; no equivale al contenido distribuido."
"npm","@inquirer/figures","2.0.7","frontend:desarrollo","herramienta; no inferir inclusion","igual frontend; no depende del proveedor","MIT","frontend/package-lock.json:node_modules/@inquirer/figures","https://www.npmjs.com/package/@inquirer/figures/v/2.0.7","PENDIENTE REVISION","El lock incluye plataformas opcionales; no equivale al contenido distribuido."
"npm","@inquirer/input","5.1.2","frontend:desarrollo","herramienta; no inferir inclusion","igual frontend; no depende del proveedor","MIT","frontend/package-lock.json:node_modules/@inquirer/input","https://www.npmjs.com/package/@inquirer/input/v/5.1.2","PENDIENTE REVISION","El lock incluye plataformas opcionales; no equivale al contenido distribuido."
"npm","@inquirer/number","4.1.1","frontend:desarrollo","herramienta; no inferir inclusion","igual frontend; no depende del proveedor","MIT","frontend/package-lock.json:node_modules/@inquirer/number","https://www.npmjs.com/package/@inquirer/number/v/4.1.1","PENDIENTE REVISION","El lock incluye plataformas opcionales; no equivale al contenido distribuido."
"npm","@inquirer/password","5.1.1","frontend:desarrollo","herramienta; no inferir inclusion","igual frontend; no depende del proveedor","MIT","frontend/package-lock.json:node_modules/@inquirer/password","https://www.npmjs.com/package/@inquirer/password/v/5.1.1","PENDIENTE REVISION","El lock incluye plataformas opcionales; no equivale al contenido distribuido."
"npm","@inquirer/prompts","8.5.2","frontend:desarrollo","herramienta; no inferir inclusion","igual frontend; no depende del proveedor","MIT","frontend/package-lock.json:node_modules/@inquirer/prompts","https://www.npmjs.com/package/@inquirer/prompts/v/8.5.2","PENDIENTE REVISION","El lock incluye plataformas opcionales; no equivale al contenido distribuido."
"npm","@inquirer/rawlist","5.3.1","frontend:desarrollo","herramienta; no inferir inclusion","igual frontend; no depende del proveedor","MIT","frontend/package-lock.json:node_modules/@inquirer/rawlist","https://www.npmjs.com/package/@inquirer/rawlist/v/5.3.1","PENDIENTE REVISION","El lock incluye plataformas opcionales; no equivale al contenido distribuido."
"npm","@inquirer/search","4.2.1","frontend:desarrollo","herramienta; no inferir inclusion","igual frontend; no depende del proveedor","MIT","frontend/package-lock.json:node_modules/@inquirer/search","https://www.npmjs.com/package/@inquirer/search/v/4.2.1","PENDIENTE REVISION","El lock incluye plataformas opcionales; no equivale al contenido distribuido."
"npm","@inquirer/select","5.2.1","frontend:desarrollo","herramienta; no inferir inclusion","igual frontend; no depende del proveedor","MIT","frontend/package-lock.json:node_modules/@inquirer/select","https://www.npmjs.com/package/@inquirer/select/v/5.2.1","PENDIENTE REVISION","El lock incluye plataformas opcionales; no equivale al contenido distribuido."
"npm","@inquirer/type","4.0.7","frontend:desarrollo","herramienta; no inferir inclusion","igual frontend; no depende del proveedor","MIT","frontend/package-lock.json:node_modules/@inquirer/type","https://www.npmjs.com/package/@inquirer/type/v/4.0.7","PENDIENTE REVISION","El lock incluye plataformas opcionales; no equivale al contenido distribuido."
"npm","@jridgewell/gen-mapping","0.3.13","frontend:desarrollo","herramienta; no inferir inclusion","igual frontend; no depende del proveedor","MIT","frontend/package-lock.json:node_modules/@jridgewell/gen-mapping","https://www.npmjs.com/package/@jridgewell/gen-mapping/v/0.3.13","PENDIENTE REVISION","El lock incluye plataformas opcionales; no equivale al contenido distribuido."
"npm","@jridgewell/resolve-uri","3.1.2","frontend:desarrollo","herramienta; no inferir inclusion","igual frontend; no depende del proveedor","MIT","frontend/package-lock.json:node_modules/@jridgewell/resolve-uri","https://www.npmjs.com/package/@jridgewell/resolve-uri/v/3.1.2","PENDIENTE REVISION","El lock incluye plataformas opcionales; no equivale al contenido distribuido."
"npm","@jridgewell/sourcemap-codec","1.5.5","frontend:desarrollo","herramienta; no inferir inclusion","igual frontend; no depende del proveedor","MIT","frontend/package-lock.json:node_modules/@jridgewell/sourcemap-codec","https://www.npmjs.com/package/@jridgewell/sourcemap-codec/v/1.5.5","PENDIENTE REVISION","El lock incluye plataformas opcionales; no equivale al contenido distribuido."
"npm","@jridgewell/trace-mapping","0.3.31","frontend:desarrollo","herramienta; no inferir inclusion","igual frontend; no depende del proveedor","MIT","frontend/package-lock.json:node_modules/@jridgewell/trace-mapping","https://www.npmjs.com/package/@jridgewell/trace-mapping/v/0.3.31","PENDIENTE REVISION","El lock incluye plataformas opcionales; no equivale al contenido distribuido."
"npm","@listr2/prompt-adapter-inquirer","4.2.4","frontend:desarrollo","herramienta; no inferir inclusion","igual frontend; no depende del proveedor","MIT","frontend/package-lock.json:node_modules/@listr2/prompt-adapter-inquirer","https://www.npmjs.com/package/@listr2/prompt-adapter-inquirer/v/4.2.4","PENDIENTE REVISION","El lock incluye plataformas opcionales; no equivale al contenido distribuido."
"npm","@lmdb/lmdb-darwin-arm64","3.5.6","frontend:desarrollo","herramienta; no inferir inclusion","igual frontend; no depende del proveedor","MIT","frontend/package-lock.json:node_modules/@lmdb/lmdb-darwin-arm64","https://www.npmjs.com/package/@lmdb/lmdb-darwin-arm64/v/3.5.6","PENDIENTE REVISION","El lock incluye plataformas opcionales; no equivale al contenido distribuido."
"npm","@lmdb/lmdb-darwin-x64","3.5.6","frontend:desarrollo","herramienta; no inferir inclusion","igual frontend; no depende del proveedor","MIT","frontend/package-lock.json:node_modules/@lmdb/lmdb-darwin-x64","https://www.npmjs.com/package/@lmdb/lmdb-darwin-x64/v/3.5.6","PENDIENTE REVISION","El lock incluye plataformas opcionales; no equivale al contenido distribuido."
"npm","@lmdb/lmdb-linux-arm","3.5.6","frontend:desarrollo","herramienta; no inferir inclusion","igual frontend; no depende del proveedor","MIT","frontend/package-lock.json:node_modules/@lmdb/lmdb-linux-arm","https://www.npmjs.com/package/@lmdb/lmdb-linux-arm/v/3.5.6","PENDIENTE REVISION","El lock incluye plataformas opcionales; no equivale al contenido distribuido."
"npm","@lmdb/lmdb-linux-arm64","3.5.6","frontend:desarrollo","herramienta; no inferir inclusion","igual frontend; no depende del proveedor","MIT","frontend/package-lock.json:node_modules/@lmdb/lmdb-linux-arm64","https://www.npmjs.com/package/@lmdb/lmdb-linux-arm64/v/3.5.6","PENDIENTE REVISION","El lock incluye plataformas opcionales; no equivale al contenido distribuido."
"npm","@lmdb/lmdb-linux-x64","3.5.6","frontend:desarrollo","herramienta; no inferir inclusion","igual frontend; no depende del proveedor","MIT","frontend/package-lock.json:node_modules/@lmdb/lmdb-linux-x64","https://www.npmjs.com/package/@lmdb/lmdb-linux-x64/v/3.5.6","PENDIENTE REVISION","El lock incluye plataformas opcionales; no equivale al contenido distribuido."
"npm","@lmdb/lmdb-win32-arm64","3.5.6","frontend:desarrollo","herramienta; no inferir inclusion","igual frontend; no depende del proveedor","MIT","frontend/package-lock.json:node_modules/@lmdb/lmdb-win32-arm64","https://www.npmjs.com/package/@lmdb/lmdb-win32-arm64/v/3.5.6","PENDIENTE REVISION","El lock incluye plataformas opcionales; no equivale al contenido distribuido."
"npm","@lmdb/lmdb-win32-x64","3.5.6","frontend:desarrollo","herramienta; no inferir inclusion","igual frontend; no depende del proveedor","MIT","frontend/package-lock.json:node_modules/@lmdb/lmdb-win32-x64","https://www.npmjs.com/package/@lmdb/lmdb-win32-x64/v/3.5.6","PENDIENTE REVISION","El lock incluye plataformas opcionales; no equivale al contenido distribuido."
"npm","@modelcontextprotocol/sdk","1.29.0","frontend:desarrollo","herramienta; no inferir inclusion","igual frontend; no depende del proveedor","MIT","frontend/package-lock.json:node_modules/@modelcontextprotocol/sdk","https://www.npmjs.com/package/@modelcontextprotocol/sdk/v/1.29.0","PENDIENTE REVISION","El lock incluye plataformas opcionales; no equivale al contenido distribuido."
"npm","@msgpackr-extract/msgpackr-extract-darwin-arm64","3.0.4","frontend:desarrollo","herramienta; no inferir inclusion","igual frontend; no depende del proveedor","MIT","frontend/package-lock.json:node_modules/@msgpackr-extract/msgpackr-extract-darwin-arm64","https://www.npmjs.com/package/@msgpackr-extract/msgpackr-extract-darwin-arm64/v/3.0.4","PENDIENTE REVISION","El lock incluye plataformas opcionales; no equivale al contenido distribuido."
"npm","@msgpackr-extract/msgpackr-extract-darwin-x64","3.0.4","frontend:desarrollo","herramienta; no inferir inclusion","igual frontend; no depende del proveedor","MIT","frontend/package-lock.json:node_modules/@msgpackr-extract/msgpackr-extract-darwin-x64","https://www.npmjs.com/package/@msgpackr-extract/msgpackr-extract-darwin-x64/v/3.0.4","PENDIENTE REVISION","El lock incluye plataformas opcionales; no equivale al contenido distribuido."
"npm","@msgpackr-extract/msgpackr-extract-linux-arm","3.0.4","frontend:desarrollo","herramienta; no inferir inclusion","igual frontend; no depende del proveedor","MIT","frontend/package-lock.json:node_modules/@msgpackr-extract/msgpackr-extract-linux-arm","https://www.npmjs.com/package/@msgpackr-extract/msgpackr-extract-linux-arm/v/3.0.4","PENDIENTE REVISION","El lock incluye plataformas opcionales; no equivale al contenido distribuido."
"npm","@msgpackr-extract/msgpackr-extract-linux-arm64","3.0.4","frontend:desarrollo","herramienta; no inferir inclusion","igual frontend; no depende del proveedor","MIT","frontend/package-lock.json:node_modules/@msgpackr-extract/msgpackr-extract-linux-arm64","https://www.npmjs.com/package/@msgpackr-extract/msgpackr-extract-linux-arm64/v/3.0.4","PENDIENTE REVISION","El lock incluye plataformas opcionales; no equivale al contenido distribuido."
"npm","@msgpackr-extract/msgpackr-extract-linux-x64","3.0.4","frontend:desarrollo","herramienta; no inferir inclusion","igual frontend; no depende del proveedor","MIT","frontend/package-lock.json:node_modules/@msgpackr-extract/msgpackr-extract-linux-x64","https://www.npmjs.com/package/@msgpackr-extract/msgpackr-extract-linux-x64/v/3.0.4","PENDIENTE REVISION","El lock incluye plataformas opcionales; no equivale al contenido distribuido."
"npm","@msgpackr-extract/msgpackr-extract-win32-x64","3.0.4","frontend:desarrollo","herramienta; no inferir inclusion","igual frontend; no depende del proveedor","MIT","frontend/package-lock.json:node_modules/@msgpackr-extract/msgpackr-extract-win32-x64","https://www.npmjs.com/package/@msgpackr-extract/msgpackr-extract-win32-x64/v/3.0.4","PENDIENTE REVISION","El lock incluye plataformas opcionales; no equivale al contenido distribuido."
"npm","@napi-rs/nice-android-arm-eabi","1.1.1","frontend:desarrollo","herramienta; no inferir inclusion","igual frontend; no depende del proveedor","MIT","frontend/package-lock.json:node_modules/@napi-rs/nice-android-arm-eabi","https://www.npmjs.com/package/@napi-rs/nice-android-arm-eabi/v/1.1.1","PENDIENTE REVISION","El lock incluye plataformas opcionales; no equivale al contenido distribuido."
"npm","@napi-rs/nice-android-arm64","1.1.1","frontend:desarrollo","herramienta; no inferir inclusion","igual frontend; no depende del proveedor","MIT","frontend/package-lock.json:node_modules/@napi-rs/nice-android-arm64","https://www.npmjs.com/package/@napi-rs/nice-android-arm64/v/1.1.1","PENDIENTE REVISION","El lock incluye plataformas opcionales; no equivale al contenido distribuido."
"npm","@napi-rs/nice-darwin-arm64","1.1.1","frontend:desarrollo","herramienta; no inferir inclusion","igual frontend; no depende del proveedor","MIT","frontend/package-lock.json:node_modules/@napi-rs/nice-darwin-arm64","https://www.npmjs.com/package/@napi-rs/nice-darwin-arm64/v/1.1.1","PENDIENTE REVISION","El lock incluye plataformas opcionales; no equivale al contenido distribuido."
"npm","@napi-rs/nice-darwin-x64","1.1.1","frontend:desarrollo","herramienta; no inferir inclusion","igual frontend; no depende del proveedor","MIT","frontend/package-lock.json:node_modules/@napi-rs/nice-darwin-x64","https://www.npmjs.com/package/@napi-rs/nice-darwin-x64/v/1.1.1","PENDIENTE REVISION","El lock incluye plataformas opcionales; no equivale al contenido distribuido."
"npm","@napi-rs/nice-freebsd-x64","1.1.1","frontend:desarrollo","herramienta; no inferir inclusion","igual frontend; no depende del proveedor","MIT","frontend/package-lock.json:node_modules/@napi-rs/nice-freebsd-x64","https://www.npmjs.com/package/@napi-rs/nice-freebsd-x64/v/1.1.1","PENDIENTE REVISION","El lock incluye plataformas opcionales; no equivale al contenido distribuido."
"npm","@napi-rs/nice-linux-arm-gnueabihf","1.1.1","frontend:desarrollo","herramienta; no inferir inclusion","igual frontend; no depende del proveedor","MIT","frontend/package-lock.json:node_modules/@napi-rs/nice-linux-arm-gnueabihf","https://www.npmjs.com/package/@napi-rs/nice-linux-arm-gnueabihf/v/1.1.1","PENDIENTE REVISION","El lock incluye plataformas opcionales; no equivale al contenido distribuido."
"npm","@napi-rs/nice-linux-arm64-gnu","1.1.1","frontend:desarrollo","herramienta; no inferir inclusion","igual frontend; no depende del proveedor","MIT","frontend/package-lock.json:node_modules/@napi-rs/nice-linux-arm64-gnu","https://www.npmjs.com/package/@napi-rs/nice-linux-arm64-gnu/v/1.1.1","PENDIENTE REVISION","El lock incluye plataformas opcionales; no equivale al contenido distribuido."
"npm","@napi-rs/nice-linux-arm64-musl","1.1.1","frontend:desarrollo","herramienta; no inferir inclusion","igual frontend; no depende del proveedor","MIT","frontend/package-lock.json:node_modules/@napi-rs/nice-linux-arm64-musl","https://www.npmjs.com/package/@napi-rs/nice-linux-arm64-musl/v/1.1.1","PENDIENTE REVISION","El lock incluye plataformas opcionales; no equivale al contenido distribuido."
"npm","@napi-rs/nice-linux-ppc64-gnu","1.1.1","frontend:desarrollo","herramienta; no inferir inclusion","igual frontend; no depende del proveedor","MIT","frontend/package-lock.json:node_modules/@napi-rs/nice-linux-ppc64-gnu","https://www.npmjs.com/package/@napi-rs/nice-linux-ppc64-gnu/v/1.1.1","PENDIENTE REVISION","El lock incluye plataformas opcionales; no equivale al contenido distribuido."
"npm","@napi-rs/nice-linux-riscv64-gnu","1.1.1","frontend:desarrollo","herramienta; no inferir inclusion","igual frontend; no depende del proveedor","MIT","frontend/package-lock.json:node_modules/@napi-rs/nice-linux-riscv64-gnu","https://www.npmjs.com/package/@napi-rs/nice-linux-riscv64-gnu/v/1.1.1","PENDIENTE REVISION","El lock incluye plataformas opcionales; no equivale al contenido distribuido."
"npm","@napi-rs/nice-linux-s390x-gnu","1.1.1","frontend:desarrollo","herramienta; no inferir inclusion","igual frontend; no depende del proveedor","MIT","frontend/package-lock.json:node_modules/@napi-rs/nice-linux-s390x-gnu","https://www.npmjs.com/package/@napi-rs/nice-linux-s390x-gnu/v/1.1.1","PENDIENTE REVISION","El lock incluye plataformas opcionales; no equivale al contenido distribuido."
"npm","@napi-rs/nice-linux-x64-gnu","1.1.1","frontend:desarrollo","herramienta; no inferir inclusion","igual frontend; no depende del proveedor","MIT","frontend/package-lock.json:node_modules/@napi-rs/nice-linux-x64-gnu","https://www.npmjs.com/package/@napi-rs/nice-linux-x64-gnu/v/1.1.1","PENDIENTE REVISION","El lock incluye plataformas opcionales; no equivale al contenido distribuido."
"npm","@napi-rs/nice-linux-x64-musl","1.1.1","frontend:desarrollo","herramienta; no inferir inclusion","igual frontend; no depende del proveedor","MIT","frontend/package-lock.json:node_modules/@napi-rs/nice-linux-x64-musl","https://www.npmjs.com/package/@napi-rs/nice-linux-x64-musl/v/1.1.1","PENDIENTE REVISION","El lock incluye plataformas opcionales; no equivale al contenido distribuido."
"npm","@napi-rs/nice-openharmony-arm64","1.1.1","frontend:desarrollo","herramienta; no inferir inclusion","igual frontend; no depende del proveedor","MIT","frontend/package-lock.json:node_modules/@napi-rs/nice-openharmony-arm64","https://www.npmjs.com/package/@napi-rs/nice-openharmony-arm64/v/1.1.1","PENDIENTE REVISION","El lock incluye plataformas opcionales; no equivale al contenido distribuido."
"npm","@napi-rs/nice-win32-arm64-msvc","1.1.1","frontend:desarrollo","herramienta; no inferir inclusion","igual frontend; no depende del proveedor","MIT","frontend/package-lock.json:node_modules/@napi-rs/nice-win32-arm64-msvc","https://www.npmjs.com/package/@napi-rs/nice-win32-arm64-msvc/v/1.1.1","PENDIENTE REVISION","El lock incluye plataformas opcionales; no equivale al contenido distribuido."
"npm","@napi-rs/nice-win32-ia32-msvc","1.1.1","frontend:desarrollo","herramienta; no inferir inclusion","igual frontend; no depende del proveedor","MIT","frontend/package-lock.json:node_modules/@napi-rs/nice-win32-ia32-msvc","https://www.npmjs.com/package/@napi-rs/nice-win32-ia32-msvc/v/1.1.1","PENDIENTE REVISION","El lock incluye plataformas opcionales; no equivale al contenido distribuido."
"npm","@napi-rs/nice-win32-x64-msvc","1.1.1","frontend:desarrollo","herramienta; no inferir inclusion","igual frontend; no depende del proveedor","MIT","frontend/package-lock.json:node_modules/@napi-rs/nice-win32-x64-msvc","https://www.npmjs.com/package/@napi-rs/nice-win32-x64-msvc/v/1.1.1","PENDIENTE REVISION","El lock incluye plataformas opcionales; no equivale al contenido distribuido."
"npm","@napi-rs/nice","1.1.1","frontend:desarrollo","herramienta; no inferir inclusion","igual frontend; no depende del proveedor","MIT","frontend/package-lock.json:node_modules/@napi-rs/nice","https://www.npmjs.com/package/@napi-rs/nice/v/1.1.1","PENDIENTE REVISION","El lock incluye plataformas opcionales; no equivale al contenido distribuido."
"npm","@napi-rs/wasm-runtime","1.2.2","frontend:desarrollo","herramienta; no inferir inclusion","igual frontend; no depende del proveedor","MIT","frontend/package-lock.json:node_modules/@napi-rs/wasm-runtime","https://www.npmjs.com/package/@napi-rs/wasm-runtime/v/1.2.2","PENDIENTE REVISION","El lock incluye plataformas opcionales; no equivale al contenido distribuido."
"npm","@oxc-parser/binding-android-arm-eabi","0.142.0","frontend:desarrollo","herramienta; no inferir inclusion","igual frontend; no depende del proveedor","MIT","frontend/package-lock.json:node_modules/@oxc-parser/binding-android-arm-eabi","https://www.npmjs.com/package/@oxc-parser/binding-android-arm-eabi/v/0.142.0","PENDIENTE REVISION","El lock incluye plataformas opcionales; no equivale al contenido distribuido."
"npm","@oxc-parser/binding-android-arm64","0.142.0","frontend:desarrollo","herramienta; no inferir inclusion","igual frontend; no depende del proveedor","MIT","frontend/package-lock.json:node_modules/@oxc-parser/binding-android-arm64","https://www.npmjs.com/package/@oxc-parser/binding-android-arm64/v/0.142.0","PENDIENTE REVISION","El lock incluye plataformas opcionales; no equivale al contenido distribuido."
"npm","@oxc-parser/binding-darwin-arm64","0.142.0","frontend:desarrollo","herramienta; no inferir inclusion","igual frontend; no depende del proveedor","MIT","frontend/package-lock.json:node_modules/@oxc-parser/binding-darwin-arm64","https://www.npmjs.com/package/@oxc-parser/binding-darwin-arm64/v/0.142.0","PENDIENTE REVISION","El lock incluye plataformas opcionales; no equivale al contenido distribuido."
"npm","@oxc-parser/binding-darwin-x64","0.142.0","frontend:desarrollo","herramienta; no inferir inclusion","igual frontend; no depende del proveedor","MIT","frontend/package-lock.json:node_modules/@oxc-parser/binding-darwin-x64","https://www.npmjs.com/package/@oxc-parser/binding-darwin-x64/v/0.142.0","PENDIENTE REVISION","El lock incluye plataformas opcionales; no equivale al contenido distribuido."
"npm","@oxc-parser/binding-freebsd-x64","0.142.0","frontend:desarrollo","herramienta; no inferir inclusion","igual frontend; no depende del proveedor","MIT","frontend/package-lock.json:node_modules/@oxc-parser/binding-freebsd-x64","https://www.npmjs.com/package/@oxc-parser/binding-freebsd-x64/v/0.142.0","PENDIENTE REVISION","El lock incluye plataformas opcionales; no equivale al contenido distribuido."
"npm","@oxc-parser/binding-linux-arm-gnueabihf","0.142.0","frontend:desarrollo","herramienta; no inferir inclusion","igual frontend; no depende del proveedor","MIT","frontend/package-lock.json:node_modules/@oxc-parser/binding-linux-arm-gnueabihf","https://www.npmjs.com/package/@oxc-parser/binding-linux-arm-gnueabihf/v/0.142.0","PENDIENTE REVISION","El lock incluye plataformas opcionales; no equivale al contenido distribuido."
"npm","@oxc-parser/binding-linux-arm-musleabihf","0.142.0","frontend:desarrollo","herramienta; no inferir inclusion","igual frontend; no depende del proveedor","MIT","frontend/package-lock.json:node_modules/@oxc-parser/binding-linux-arm-musleabihf","https://www.npmjs.com/package/@oxc-parser/binding-linux-arm-musleabihf/v/0.142.0","PENDIENTE REVISION","El lock incluye plataformas opcionales; no equivale al contenido distribuido."
"npm","@oxc-parser/binding-linux-arm64-gnu","0.142.0","frontend:desarrollo","herramienta; no inferir inclusion","igual frontend; no depende del proveedor","MIT","frontend/package-lock.json:node_modules/@oxc-parser/binding-linux-arm64-gnu","https://www.npmjs.com/package/@oxc-parser/binding-linux-arm64-gnu/v/0.142.0","PENDIENTE REVISION","El lock incluye plataformas opcionales; no equivale al contenido distribuido."
"npm","@oxc-parser/binding-linux-arm64-musl","0.142.0","frontend:desarrollo","herramienta; no inferir inclusion","igual frontend; no depende del proveedor","MIT","frontend/package-lock.json:node_modules/@oxc-parser/binding-linux-arm64-musl","https://www.npmjs.com/package/@oxc-parser/binding-linux-arm64-musl/v/0.142.0","PENDIENTE REVISION","El lock incluye plataformas opcionales; no equivale al contenido distribuido."
"npm","@oxc-parser/binding-linux-ppc64-gnu","0.142.0","frontend:desarrollo","herramienta; no inferir inclusion","igual frontend; no depende del proveedor","MIT","frontend/package-lock.json:node_modules/@oxc-parser/binding-linux-ppc64-gnu","https://www.npmjs.com/package/@oxc-parser/binding-linux-ppc64-gnu/v/0.142.0","PENDIENTE REVISION","El lock incluye plataformas opcionales; no equivale al contenido distribuido."
"npm","@oxc-parser/binding-linux-riscv64-gnu","0.142.0","frontend:desarrollo","herramienta; no inferir inclusion","igual frontend; no depende del proveedor","MIT","frontend/package-lock.json:node_modules/@oxc-parser/binding-linux-riscv64-gnu","https://www.npmjs.com/package/@oxc-parser/binding-linux-riscv64-gnu/v/0.142.0","PENDIENTE REVISION","El lock incluye plataformas opcionales; no equivale al contenido distribuido."
"npm","@oxc-parser/binding-linux-riscv64-musl","0.142.0","frontend:desarrollo","herramienta; no inferir inclusion","igual frontend; no depende del proveedor","MIT","frontend/package-lock.json:node_modules/@oxc-parser/binding-linux-riscv64-musl","https://www.npmjs.com/package/@oxc-parser/binding-linux-riscv64-musl/v/0.142.0","PENDIENTE REVISION","El lock incluye plataformas opcionales; no equivale al contenido distribuido."
"npm","@oxc-parser/binding-linux-s390x-gnu","0.142.0","frontend:desarrollo","herramienta; no inferir inclusion","igual frontend; no depende del proveedor","MIT","frontend/package-lock.json:node_modules/@oxc-parser/binding-linux-s390x-gnu","https://www.npmjs.com/package/@oxc-parser/binding-linux-s390x-gnu/v/0.142.0","PENDIENTE REVISION","El lock incluye plataformas opcionales; no equivale al contenido distribuido."
"npm","@oxc-parser/binding-linux-x64-gnu","0.142.0","frontend:desarrollo","herramienta; no inferir inclusion","igual frontend; no depende del proveedor","MIT","frontend/package-lock.json:node_modules/@oxc-parser/binding-linux-x64-gnu","https://www.npmjs.com/package/@oxc-parser/binding-linux-x64-gnu/v/0.142.0","PENDIENTE REVISION","El lock incluye plataformas opcionales; no equivale al contenido distribuido."
"npm","@oxc-parser/binding-linux-x64-musl","0.142.0","frontend:desarrollo","herramienta; no inferir inclusion","igual frontend; no depende del proveedor","MIT","frontend/package-lock.json:node_modules/@oxc-parser/binding-linux-x64-musl","https://www.npmjs.com/package/@oxc-parser/binding-linux-x64-musl/v/0.142.0","PENDIENTE REVISION","El lock incluye plataformas opcionales; no equivale al contenido distribuido."
"npm","@oxc-parser/binding-openharmony-arm64","0.142.0","frontend:desarrollo","herramienta; no inferir inclusion","igual frontend; no depende del proveedor","MIT","frontend/package-lock.json:node_modules/@oxc-parser/binding-openharmony-arm64","https://www.npmjs.com/package/@oxc-parser/binding-openharmony-arm64/v/0.142.0","PENDIENTE REVISION","El lock incluye plataformas opcionales; no equivale al contenido distribuido."
"npm","@oxc-parser/binding-wasm32-wasi","0.142.0","frontend:desarrollo","herramienta; no inferir inclusion","igual frontend; no depende del proveedor","MIT","frontend/package-lock.json:node_modules/@oxc-parser/binding-wasm32-wasi","https://www.npmjs.com/package/@oxc-parser/binding-wasm32-wasi/v/0.142.0","PENDIENTE REVISION","El lock incluye plataformas opcionales; no equivale al contenido distribuido."
"npm","@oxc-parser/binding-win32-arm64-msvc","0.142.0","frontend:desarrollo","herramienta; no inferir inclusion","igual frontend; no depende del proveedor","MIT","frontend/package-lock.json:node_modules/@oxc-parser/binding-win32-arm64-msvc","https://www.npmjs.com/package/@oxc-parser/binding-win32-arm64-msvc/v/0.142.0","PENDIENTE REVISION","El lock incluye plataformas opcionales; no equivale al contenido distribuido."
"npm","@oxc-parser/binding-win32-ia32-msvc","0.142.0","frontend:desarrollo","herramienta; no inferir inclusion","igual frontend; no depende del proveedor","MIT","frontend/package-lock.json:node_modules/@oxc-parser/binding-win32-ia32-msvc","https://www.npmjs.com/package/@oxc-parser/binding-win32-ia32-msvc/v/0.142.0","PENDIENTE REVISION","El lock incluye plataformas opcionales; no equivale al contenido distribuido."
"npm","@oxc-parser/binding-win32-x64-msvc","0.142.0","frontend:desarrollo","herramienta; no inferir inclusion","igual frontend; no depende del proveedor","MIT","frontend/package-lock.json:node_modules/@oxc-parser/binding-win32-x64-msvc","https://www.npmjs.com/package/@oxc-parser/binding-win32-x64-msvc/v/0.142.0","PENDIENTE REVISION","El lock incluye plataformas opcionales; no equivale al contenido distribuido."
"npm","@oxc-project/types","0.139.0","frontend:desarrollo","herramienta; no inferir inclusion","igual frontend; no depende del proveedor","MIT","frontend/package-lock.json:node_modules/vite/node_modules/@oxc-project/types","https://www.npmjs.com/package/@oxc-project/types/v/0.139.0","PENDIENTE REVISION","El lock incluye plataformas opcionales; no equivale al contenido distribuido."
"npm","@oxc-project/types","0.140.0","frontend:desarrollo","herramienta; no inferir inclusion","igual frontend; no depende del proveedor","MIT","frontend/package-lock.json:node_modules/rolldown/node_modules/@oxc-project/types","https://www.npmjs.com/package/@oxc-project/types/v/0.140.0","PENDIENTE REVISION","El lock incluye plataformas opcionales; no equivale al contenido distribuido."
"npm","@oxc-project/types","0.142.0","frontend:desarrollo","herramienta; no inferir inclusion","igual frontend; no depende del proveedor","MIT","frontend/package-lock.json:node_modules/@oxc-project/types","https://www.npmjs.com/package/@oxc-project/types/v/0.142.0","PENDIENTE REVISION","El lock incluye plataformas opcionales; no equivale al contenido distribuido."
"npm","@parcel/watcher-android-arm64","2.6.0","frontend:desarrollo","herramienta; no inferir inclusion","igual frontend; no depende del proveedor","MIT","frontend/package-lock.json:node_modules/@parcel/watcher-android-arm64","https://www.npmjs.com/package/@parcel/watcher-android-arm64/v/2.6.0","PENDIENTE REVISION","El lock incluye plataformas opcionales; no equivale al contenido distribuido."
"npm","@parcel/watcher-darwin-arm64","2.6.0","frontend:desarrollo","herramienta; no inferir inclusion","igual frontend; no depende del proveedor","MIT","frontend/package-lock.json:node_modules/@parcel/watcher-darwin-arm64","https://www.npmjs.com/package/@parcel/watcher-darwin-arm64/v/2.6.0","PENDIENTE REVISION","El lock incluye plataformas opcionales; no equivale al contenido distribuido."
"npm","@parcel/watcher-darwin-x64","2.6.0","frontend:desarrollo","herramienta; no inferir inclusion","igual frontend; no depende del proveedor","MIT","frontend/package-lock.json:node_modules/@parcel/watcher-darwin-x64","https://www.npmjs.com/package/@parcel/watcher-darwin-x64/v/2.6.0","PENDIENTE REVISION","El lock incluye plataformas opcionales; no equivale al contenido distribuido."
"npm","@parcel/watcher-freebsd-x64","2.6.0","frontend:desarrollo","herramienta; no inferir inclusion","igual frontend; no depende del proveedor","MIT","frontend/package-lock.json:node_modules/@parcel/watcher-freebsd-x64","https://www.npmjs.com/package/@parcel/watcher-freebsd-x64/v/2.6.0","PENDIENTE REVISION","El lock incluye plataformas opcionales; no equivale al contenido distribuido."
"npm","@parcel/watcher-linux-arm-glibc","2.6.0","frontend:desarrollo","herramienta; no inferir inclusion","igual frontend; no depende del proveedor","MIT","frontend/package-lock.json:node_modules/@parcel/watcher-linux-arm-glibc","https://www.npmjs.com/package/@parcel/watcher-linux-arm-glibc/v/2.6.0","PENDIENTE REVISION","El lock incluye plataformas opcionales; no equivale al contenido distribuido."
"npm","@parcel/watcher-linux-arm-musl","2.6.0","frontend:desarrollo","herramienta; no inferir inclusion","igual frontend; no depende del proveedor","MIT","frontend/package-lock.json:node_modules/@parcel/watcher-linux-arm-musl","https://www.npmjs.com/package/@parcel/watcher-linux-arm-musl/v/2.6.0","PENDIENTE REVISION","El lock incluye plataformas opcionales; no equivale al contenido distribuido."
"npm","@parcel/watcher-linux-arm64-glibc","2.6.0","frontend:desarrollo","herramienta; no inferir inclusion","igual frontend; no depende del proveedor","MIT","frontend/package-lock.json:node_modules/@parcel/watcher-linux-arm64-glibc","https://www.npmjs.com/package/@parcel/watcher-linux-arm64-glibc/v/2.6.0","PENDIENTE REVISION","El lock incluye plataformas opcionales; no equivale al contenido distribuido."
"npm","@parcel/watcher-linux-arm64-musl","2.6.0","frontend:desarrollo","herramienta; no inferir inclusion","igual frontend; no depende del proveedor","MIT","frontend/package-lock.json:node_modules/@parcel/watcher-linux-arm64-musl","https://www.npmjs.com/package/@parcel/watcher-linux-arm64-musl/v/2.6.0","PENDIENTE REVISION","El lock incluye plataformas opcionales; no equivale al contenido distribuido."
"npm","@parcel/watcher-linux-x64-glibc","2.6.0","frontend:desarrollo","herramienta; no inferir inclusion","igual frontend; no depende del proveedor","MIT","frontend/package-lock.json:node_modules/@parcel/watcher-linux-x64-glibc","https://www.npmjs.com/package/@parcel/watcher-linux-x64-glibc/v/2.6.0","PENDIENTE REVISION","El lock incluye plataformas opcionales; no equivale al contenido distribuido."
"npm","@parcel/watcher-linux-x64-musl","2.6.0","frontend:desarrollo","herramienta; no inferir inclusion","igual frontend; no depende del proveedor","MIT","frontend/package-lock.json:node_modules/@parcel/watcher-linux-x64-musl","https://www.npmjs.com/package/@parcel/watcher-linux-x64-musl/v/2.6.0","PENDIENTE REVISION","El lock incluye plataformas opcionales; no equivale al contenido distribuido."
"npm","@parcel/watcher-win32-arm64","2.6.0","frontend:desarrollo","herramienta; no inferir inclusion","igual frontend; no depende del proveedor","MIT","frontend/package-lock.json:node_modules/@parcel/watcher-win32-arm64","https://www.npmjs.com/package/@parcel/watcher-win32-arm64/v/2.6.0","PENDIENTE REVISION","El lock incluye plataformas opcionales; no equivale al contenido distribuido."
"npm","@parcel/watcher-win32-x64","2.6.0","frontend:desarrollo","herramienta; no inferir inclusion","igual frontend; no depende del proveedor","MIT","frontend/package-lock.json:node_modules/@parcel/watcher-win32-x64","https://www.npmjs.com/package/@parcel/watcher-win32-x64/v/2.6.0","PENDIENTE REVISION","El lock incluye plataformas opcionales; no equivale al contenido distribuido."
"npm","@parcel/watcher","2.6.0","frontend:desarrollo","herramienta; no inferir inclusion","igual frontend; no depende del proveedor","MIT","frontend/package-lock.json:node_modules/@parcel/watcher","https://www.npmjs.com/package/@parcel/watcher/v/2.6.0","PENDIENTE REVISION","El lock incluye plataformas opcionales; no equivale al contenido distribuido."
"npm","@playwright/test","1.62.1","e2e:desarrollo","herramienta; no inferir inclusion","igual frontend; no depende del proveedor","Apache-2.0","e2e/package-lock.json:node_modules/@playwright/test","https://www.npmjs.com/package/@playwright/test/v/1.62.1","PENDIENTE REVISION","El lock incluye plataformas opcionales; no equivale al contenido distribuido."
"npm","@rolldown/binding-android-arm64","1.1.5","frontend:desarrollo","herramienta; no inferir inclusion","igual frontend; no depende del proveedor","MIT","frontend/package-lock.json:node_modules/vite/node_modules/@rolldown/binding-android-arm64","https://www.npmjs.com/package/@rolldown/binding-android-arm64/v/1.1.5","PENDIENTE REVISION","El lock incluye plataformas opcionales; no equivale al contenido distribuido."
"npm","@rolldown/binding-android-arm64","1.2.0","frontend:desarrollo","herramienta; no inferir inclusion","igual frontend; no depende del proveedor","MIT","frontend/package-lock.json:node_modules/@rolldown/binding-android-arm64","https://www.npmjs.com/package/@rolldown/binding-android-arm64/v/1.2.0","PENDIENTE REVISION","El lock incluye plataformas opcionales; no equivale al contenido distribuido."
"npm","@rolldown/binding-darwin-arm64","1.1.5","frontend:desarrollo","herramienta; no inferir inclusion","igual frontend; no depende del proveedor","MIT","frontend/package-lock.json:node_modules/vite/node_modules/@rolldown/binding-darwin-arm64","https://www.npmjs.com/package/@rolldown/binding-darwin-arm64/v/1.1.5","PENDIENTE REVISION","El lock incluye plataformas opcionales; no equivale al contenido distribuido."
"npm","@rolldown/binding-darwin-arm64","1.2.0","frontend:desarrollo","herramienta; no inferir inclusion","igual frontend; no depende del proveedor","MIT","frontend/package-lock.json:node_modules/@rolldown/binding-darwin-arm64","https://www.npmjs.com/package/@rolldown/binding-darwin-arm64/v/1.2.0","PENDIENTE REVISION","El lock incluye plataformas opcionales; no equivale al contenido distribuido."
"npm","@rolldown/binding-darwin-x64","1.1.5","frontend:desarrollo","herramienta; no inferir inclusion","igual frontend; no depende del proveedor","MIT","frontend/package-lock.json:node_modules/vite/node_modules/@rolldown/binding-darwin-x64","https://www.npmjs.com/package/@rolldown/binding-darwin-x64/v/1.1.5","PENDIENTE REVISION","El lock incluye plataformas opcionales; no equivale al contenido distribuido."
"npm","@rolldown/binding-darwin-x64","1.2.0","frontend:desarrollo","herramienta; no inferir inclusion","igual frontend; no depende del proveedor","MIT","frontend/package-lock.json:node_modules/@rolldown/binding-darwin-x64","https://www.npmjs.com/package/@rolldown/binding-darwin-x64/v/1.2.0","PENDIENTE REVISION","El lock incluye plataformas opcionales; no equivale al contenido distribuido."
"npm","@rolldown/binding-freebsd-x64","1.1.5","frontend:desarrollo","herramienta; no inferir inclusion","igual frontend; no depende del proveedor","MIT","frontend/package-lock.json:node_modules/vite/node_modules/@rolldown/binding-freebsd-x64","https://www.npmjs.com/package/@rolldown/binding-freebsd-x64/v/1.1.5","PENDIENTE REVISION","El lock incluye plataformas opcionales; no equivale al contenido distribuido."
"npm","@rolldown/binding-freebsd-x64","1.2.0","frontend:desarrollo","herramienta; no inferir inclusion","igual frontend; no depende del proveedor","MIT","frontend/package-lock.json:node_modules/@rolldown/binding-freebsd-x64","https://www.npmjs.com/package/@rolldown/binding-freebsd-x64/v/1.2.0","PENDIENTE REVISION","El lock incluye plataformas opcionales; no equivale al contenido distribuido."
"npm","@rolldown/binding-linux-arm-gnueabihf","1.1.5","frontend:desarrollo","herramienta; no inferir inclusion","igual frontend; no depende del proveedor","MIT","frontend/package-lock.json:node_modules/vite/node_modules/@rolldown/binding-linux-arm-gnueabihf","https://www.npmjs.com/package/@rolldown/binding-linux-arm-gnueabihf/v/1.1.5","PENDIENTE REVISION","El lock incluye plataformas opcionales; no equivale al contenido distribuido."
"npm","@rolldown/binding-linux-arm-gnueabihf","1.2.0","frontend:desarrollo","herramienta; no inferir inclusion","igual frontend; no depende del proveedor","MIT","frontend/package-lock.json:node_modules/@rolldown/binding-linux-arm-gnueabihf","https://www.npmjs.com/package/@rolldown/binding-linux-arm-gnueabihf/v/1.2.0","PENDIENTE REVISION","El lock incluye plataformas opcionales; no equivale al contenido distribuido."
"npm","@rolldown/binding-linux-arm64-gnu","1.1.5","frontend:desarrollo","herramienta; no inferir inclusion","igual frontend; no depende del proveedor","MIT","frontend/package-lock.json:node_modules/vite/node_modules/@rolldown/binding-linux-arm64-gnu","https://www.npmjs.com/package/@rolldown/binding-linux-arm64-gnu/v/1.1.5","PENDIENTE REVISION","El lock incluye plataformas opcionales; no equivale al contenido distribuido."
"npm","@rolldown/binding-linux-arm64-gnu","1.2.0","frontend:desarrollo","herramienta; no inferir inclusion","igual frontend; no depende del proveedor","MIT","frontend/package-lock.json:node_modules/@rolldown/binding-linux-arm64-gnu","https://www.npmjs.com/package/@rolldown/binding-linux-arm64-gnu/v/1.2.0","PENDIENTE REVISION","El lock incluye plataformas opcionales; no equivale al contenido distribuido."
"npm","@rolldown/binding-linux-arm64-musl","1.1.5","frontend:desarrollo","herramienta; no inferir inclusion","igual frontend; no depende del proveedor","MIT","frontend/package-lock.json:node_modules/vite/node_modules/@rolldown/binding-linux-arm64-musl","https://www.npmjs.com/package/@rolldown/binding-linux-arm64-musl/v/1.1.5","PENDIENTE REVISION","El lock incluye plataformas opcionales; no equivale al contenido distribuido."
"npm","@rolldown/binding-linux-arm64-musl","1.2.0","frontend:desarrollo","herramienta; no inferir inclusion","igual frontend; no depende del proveedor","MIT","frontend/package-lock.json:node_modules/@rolldown/binding-linux-arm64-musl","https://www.npmjs.com/package/@rolldown/binding-linux-arm64-musl/v/1.2.0","PENDIENTE REVISION","El lock incluye plataformas opcionales; no equivale al contenido distribuido."
"npm","@rolldown/binding-linux-ppc64-gnu","1.1.5","frontend:desarrollo","herramienta; no inferir inclusion","igual frontend; no depende del proveedor","MIT","frontend/package-lock.json:node_modules/vite/node_modules/@rolldown/binding-linux-ppc64-gnu","https://www.npmjs.com/package/@rolldown/binding-linux-ppc64-gnu/v/1.1.5","PENDIENTE REVISION","El lock incluye plataformas opcionales; no equivale al contenido distribuido."
"npm","@rolldown/binding-linux-ppc64-gnu","1.2.0","frontend:desarrollo","herramienta; no inferir inclusion","igual frontend; no depende del proveedor","MIT","frontend/package-lock.json:node_modules/@rolldown/binding-linux-ppc64-gnu","https://www.npmjs.com/package/@rolldown/binding-linux-ppc64-gnu/v/1.2.0","PENDIENTE REVISION","El lock incluye plataformas opcionales; no equivale al contenido distribuido."
"npm","@rolldown/binding-linux-s390x-gnu","1.1.5","frontend:desarrollo","herramienta; no inferir inclusion","igual frontend; no depende del proveedor","MIT","frontend/package-lock.json:node_modules/vite/node_modules/@rolldown/binding-linux-s390x-gnu","https://www.npmjs.com/package/@rolldown/binding-linux-s390x-gnu/v/1.1.5","PENDIENTE REVISION","El lock incluye plataformas opcionales; no equivale al contenido distribuido."
"npm","@rolldown/binding-linux-s390x-gnu","1.2.0","frontend:desarrollo","herramienta; no inferir inclusion","igual frontend; no depende del proveedor","MIT","frontend/package-lock.json:node_modules/@rolldown/binding-linux-s390x-gnu","https://www.npmjs.com/package/@rolldown/binding-linux-s390x-gnu/v/1.2.0","PENDIENTE REVISION","El lock incluye plataformas opcionales; no equivale al contenido distribuido."
"npm","@rolldown/binding-linux-x64-gnu","1.1.5","frontend:desarrollo","herramienta; no inferir inclusion","igual frontend; no depende del proveedor","MIT","frontend/package-lock.json:node_modules/vite/node_modules/@rolldown/binding-linux-x64-gnu","https://www.npmjs.com/package/@rolldown/binding-linux-x64-gnu/v/1.1.5","PENDIENTE REVISION","El lock incluye plataformas opcionales; no equivale al contenido distribuido."
"npm","@rolldown/binding-linux-x64-gnu","1.2.0","frontend:desarrollo","herramienta; no inferir inclusion","igual frontend; no depende del proveedor","MIT","frontend/package-lock.json:node_modules/@rolldown/binding-linux-x64-gnu","https://www.npmjs.com/package/@rolldown/binding-linux-x64-gnu/v/1.2.0","PENDIENTE REVISION","El lock incluye plataformas opcionales; no equivale al contenido distribuido."
"npm","@rolldown/binding-linux-x64-musl","1.1.5","frontend:desarrollo","herramienta; no inferir inclusion","igual frontend; no depende del proveedor","MIT","frontend/package-lock.json:node_modules/vite/node_modules/@rolldown/binding-linux-x64-musl","https://www.npmjs.com/package/@rolldown/binding-linux-x64-musl/v/1.1.5","PENDIENTE REVISION","El lock incluye plataformas opcionales; no equivale al contenido distribuido."
"npm","@rolldown/binding-linux-x64-musl","1.2.0","frontend:desarrollo","herramienta; no inferir inclusion","igual frontend; no depende del proveedor","MIT","frontend/package-lock.json:node_modules/@rolldown/binding-linux-x64-musl","https://www.npmjs.com/package/@rolldown/binding-linux-x64-musl/v/1.2.0","PENDIENTE REVISION","El lock incluye plataformas opcionales; no equivale al contenido distribuido."
"npm","@rolldown/binding-openharmony-arm64","1.1.5","frontend:desarrollo","herramienta; no inferir inclusion","igual frontend; no depende del proveedor","MIT","frontend/package-lock.json:node_modules/vite/node_modules/@rolldown/binding-openharmony-arm64","https://www.npmjs.com/package/@rolldown/binding-openharmony-arm64/v/1.1.5","PENDIENTE REVISION","El lock incluye plataformas opcionales; no equivale al contenido distribuido."
"npm","@rolldown/binding-openharmony-arm64","1.2.0","frontend:desarrollo","herramienta; no inferir inclusion","igual frontend; no depende del proveedor","MIT","frontend/package-lock.json:node_modules/@rolldown/binding-openharmony-arm64","https://www.npmjs.com/package/@rolldown/binding-openharmony-arm64/v/1.2.0","PENDIENTE REVISION","El lock incluye plataformas opcionales; no equivale al contenido distribuido."
"npm","@rolldown/binding-wasm32-wasi","1.1.5","frontend:desarrollo","herramienta; no inferir inclusion","igual frontend; no depende del proveedor","MIT","frontend/package-lock.json:node_modules/vite/node_modules/@rolldown/binding-wasm32-wasi","https://www.npmjs.com/package/@rolldown/binding-wasm32-wasi/v/1.1.5","PENDIENTE REVISION","El lock incluye plataformas opcionales; no equivale al contenido distribuido."
"npm","@rolldown/binding-wasm32-wasi","1.2.0","frontend:desarrollo","herramienta; no inferir inclusion","igual frontend; no depende del proveedor","MIT","frontend/package-lock.json:node_modules/@rolldown/binding-wasm32-wasi","https://www.npmjs.com/package/@rolldown/binding-wasm32-wasi/v/1.2.0","PENDIENTE REVISION","El lock incluye plataformas opcionales; no equivale al contenido distribuido."
"npm","@rolldown/binding-win32-arm64-msvc","1.1.5","frontend:desarrollo","herramienta; no inferir inclusion","igual frontend; no depende del proveedor","MIT","frontend/package-lock.json:node_modules/vite/node_modules/@rolldown/binding-win32-arm64-msvc","https://www.npmjs.com/package/@rolldown/binding-win32-arm64-msvc/v/1.1.5","PENDIENTE REVISION","El lock incluye plataformas opcionales; no equivale al contenido distribuido."
"npm","@rolldown/binding-win32-arm64-msvc","1.2.0","frontend:desarrollo","herramienta; no inferir inclusion","igual frontend; no depende del proveedor","MIT","frontend/package-lock.json:node_modules/@rolldown/binding-win32-arm64-msvc","https://www.npmjs.com/package/@rolldown/binding-win32-arm64-msvc/v/1.2.0","PENDIENTE REVISION","El lock incluye plataformas opcionales; no equivale al contenido distribuido."
"npm","@rolldown/binding-win32-x64-msvc","1.1.5","frontend:desarrollo","herramienta; no inferir inclusion","igual frontend; no depende del proveedor","MIT","frontend/package-lock.json:node_modules/vite/node_modules/@rolldown/binding-win32-x64-msvc","https://www.npmjs.com/package/@rolldown/binding-win32-x64-msvc/v/1.1.5","PENDIENTE REVISION","El lock incluye plataformas opcionales; no equivale al contenido distribuido."
"npm","@rolldown/binding-win32-x64-msvc","1.2.0","frontend:desarrollo","herramienta; no inferir inclusion","igual frontend; no depende del proveedor","MIT","frontend/package-lock.json:node_modules/@rolldown/binding-win32-x64-msvc","https://www.npmjs.com/package/@rolldown/binding-win32-x64-msvc/v/1.2.0","PENDIENTE REVISION","El lock incluye plataformas opcionales; no equivale al contenido distribuido."
"npm","@rolldown/pluginutils","1.0.1","frontend:desarrollo","herramienta; no inferir inclusion","igual frontend; no depende del proveedor","MIT","frontend/package-lock.json:node_modules/@rolldown/pluginutils","https://www.npmjs.com/package/@rolldown/pluginutils/v/1.0.1","PENDIENTE REVISION","El lock incluye plataformas opcionales; no equivale al contenido distribuido."
"npm","@schematics/angular","22.1.3","frontend:desarrollo","herramienta; no inferir inclusion","igual frontend; no depende del proveedor","MIT","frontend/package-lock.json:node_modules/@schematics/angular","https://www.npmjs.com/package/@schematics/angular/v/22.1.3","PENDIENTE REVISION","El lock incluye plataformas opcionales; no equivale al contenido distribuido."
"npm","@standard-schema/spec","1.1.0","frontend:grafo produccion","posible codigo en bundle","igual frontend; no depende del proveedor","MIT","frontend/package-lock.json:node_modules/@standard-schema/spec","https://www.npmjs.com/package/@standard-schema/spec/v/1.1.0","PENDIENTE REVISION","El lock incluye plataformas opcionales; no equivale al contenido distribuido."
"npm","@tybys/wasm-util","0.10.3","frontend:desarrollo","herramienta; no inferir inclusion","igual frontend; no depende del proveedor","MIT","frontend/package-lock.json:node_modules/@tybys/wasm-util","https://www.npmjs.com/package/@tybys/wasm-util/v/0.10.3","PENDIENTE REVISION","El lock incluye plataformas opcionales; no equivale al contenido distribuido."
"npm","@types/chai","5.2.3","frontend:desarrollo","herramienta; no inferir inclusion","igual frontend; no depende del proveedor","MIT","frontend/package-lock.json:node_modules/@types/chai","https://www.npmjs.com/package/@types/chai/v/5.2.3","PENDIENTE REVISION","El lock incluye plataformas opcionales; no equivale al contenido distribuido."
"npm","@types/deep-eql","4.0.2","frontend:desarrollo","herramienta; no inferir inclusion","igual frontend; no depende del proveedor","MIT","frontend/package-lock.json:node_modules/@types/deep-eql","https://www.npmjs.com/package/@types/deep-eql/v/4.0.2","PENDIENTE REVISION","El lock incluye plataformas opcionales; no equivale al contenido distribuido."
"npm","@types/estree","1.0.9","frontend:desarrollo","herramienta; no inferir inclusion","igual frontend; no depende del proveedor","MIT","frontend/package-lock.json:node_modules/@types/estree","https://www.npmjs.com/package/@types/estree/v/1.0.9","PENDIENTE REVISION","El lock incluye plataformas opcionales; no equivale al contenido distribuido."
"npm","@types/gensync","1.0.5","frontend:desarrollo","herramienta; no inferir inclusion","igual frontend; no depende del proveedor","MIT","frontend/package-lock.json:node_modules/@types/gensync","https://www.npmjs.com/package/@types/gensync/v/1.0.5","PENDIENTE REVISION","El lock incluye plataformas opcionales; no equivale al contenido distribuido."
"npm","@types/jsesc","2.5.1","frontend:desarrollo","herramienta; no inferir inclusion","igual frontend; no depende del proveedor","MIT","frontend/package-lock.json:node_modules/@types/jsesc","https://www.npmjs.com/package/@types/jsesc/v/2.5.1","PENDIENTE REVISION","El lock incluye plataformas opcionales; no equivale al contenido distribuido."
"npm","@types/node","26.2.0","e2e:desarrollo","herramienta; no inferir inclusion","igual frontend; no depende del proveedor","MIT","e2e/package-lock.json:node_modules/@types/node","https://www.npmjs.com/package/@types/node/v/26.2.0","PENDIENTE REVISION","El lock incluye plataformas opcionales; no equivale al contenido distribuido."
"npm","@types/trusted-types","2.0.7","frontend:grafo produccion","posible codigo en bundle","igual frontend; no depende del proveedor","MIT","frontend/package-lock.json:node_modules/@types/trusted-types","https://www.npmjs.com/package/@types/trusted-types/v/2.0.7","PENDIENTE REVISION","El lock incluye plataformas opcionales; no equivale al contenido distribuido."
"npm","@typescript/typescript-aix-ppc64","7.0.2","e2e:desarrollo","herramienta; no inferir inclusion","igual frontend; no depende del proveedor","Apache-2.0","e2e/package-lock.json:node_modules/@typescript/typescript-aix-ppc64","https://www.npmjs.com/package/@typescript/typescript-aix-ppc64/v/7.0.2","PENDIENTE REVISION","El lock incluye plataformas opcionales; no equivale al contenido distribuido."
"npm","@typescript/typescript-darwin-arm64","7.0.2","e2e:desarrollo","herramienta; no inferir inclusion","igual frontend; no depende del proveedor","Apache-2.0","e2e/package-lock.json:node_modules/@typescript/typescript-darwin-arm64","https://www.npmjs.com/package/@typescript/typescript-darwin-arm64/v/7.0.2","PENDIENTE REVISION","El lock incluye plataformas opcionales; no equivale al contenido distribuido."
"npm","@typescript/typescript-darwin-x64","7.0.2","e2e:desarrollo","herramienta; no inferir inclusion","igual frontend; no depende del proveedor","Apache-2.0","e2e/package-lock.json:node_modules/@typescript/typescript-darwin-x64","https://www.npmjs.com/package/@typescript/typescript-darwin-x64/v/7.0.2","PENDIENTE REVISION","El lock incluye plataformas opcionales; no equivale al contenido distribuido."
"npm","@typescript/typescript-freebsd-arm64","7.0.2","e2e:desarrollo","herramienta; no inferir inclusion","igual frontend; no depende del proveedor","Apache-2.0","e2e/package-lock.json:node_modules/@typescript/typescript-freebsd-arm64","https://www.npmjs.com/package/@typescript/typescript-freebsd-arm64/v/7.0.2","PENDIENTE REVISION","El lock incluye plataformas opcionales; no equivale al contenido distribuido."
"npm","@typescript/typescript-freebsd-x64","7.0.2","e2e:desarrollo","herramienta; no inferir inclusion","igual frontend; no depende del proveedor","Apache-2.0","e2e/package-lock.json:node_modules/@typescript/typescript-freebsd-x64","https://www.npmjs.com/package/@typescript/typescript-freebsd-x64/v/7.0.2","PENDIENTE REVISION","El lock incluye plataformas opcionales; no equivale al contenido distribuido."
"npm","@typescript/typescript-linux-arm","7.0.2","e2e:desarrollo","herramienta; no inferir inclusion","igual frontend; no depende del proveedor","Apache-2.0","e2e/package-lock.json:node_modules/@typescript/typescript-linux-arm","https://www.npmjs.com/package/@typescript/typescript-linux-arm/v/7.0.2","PENDIENTE REVISION","El lock incluye plataformas opcionales; no equivale al contenido distribuido."
"npm","@typescript/typescript-linux-arm64","7.0.2","e2e:desarrollo","herramienta; no inferir inclusion","igual frontend; no depende del proveedor","Apache-2.0","e2e/package-lock.json:node_modules/@typescript/typescript-linux-arm64","https://www.npmjs.com/package/@typescript/typescript-linux-arm64/v/7.0.2","PENDIENTE REVISION","El lock incluye plataformas opcionales; no equivale al contenido distribuido."
"npm","@typescript/typescript-linux-loong64","7.0.2","e2e:desarrollo","herramienta; no inferir inclusion","igual frontend; no depende del proveedor","Apache-2.0","e2e/package-lock.json:node_modules/@typescript/typescript-linux-loong64","https://www.npmjs.com/package/@typescript/typescript-linux-loong64/v/7.0.2","PENDIENTE REVISION","El lock incluye plataformas opcionales; no equivale al contenido distribuido."
"npm","@typescript/typescript-linux-mips64el","7.0.2","e2e:desarrollo","herramienta; no inferir inclusion","igual frontend; no depende del proveedor","Apache-2.0","e2e/package-lock.json:node_modules/@typescript/typescript-linux-mips64el","https://www.npmjs.com/package/@typescript/typescript-linux-mips64el/v/7.0.2","PENDIENTE REVISION","El lock incluye plataformas opcionales; no equivale al contenido distribuido."
"npm","@typescript/typescript-linux-ppc64","7.0.2","e2e:desarrollo","herramienta; no inferir inclusion","igual frontend; no depende del proveedor","Apache-2.0","e2e/package-lock.json:node_modules/@typescript/typescript-linux-ppc64","https://www.npmjs.com/package/@typescript/typescript-linux-ppc64/v/7.0.2","PENDIENTE REVISION","El lock incluye plataformas opcionales; no equivale al contenido distribuido."
"npm","@typescript/typescript-linux-riscv64","7.0.2","e2e:desarrollo","herramienta; no inferir inclusion","igual frontend; no depende del proveedor","Apache-2.0","e2e/package-lock.json:node_modules/@typescript/typescript-linux-riscv64","https://www.npmjs.com/package/@typescript/typescript-linux-riscv64/v/7.0.2","PENDIENTE REVISION","El lock incluye plataformas opcionales; no equivale al contenido distribuido."
"npm","@typescript/typescript-linux-s390x","7.0.2","e2e:desarrollo","herramienta; no inferir inclusion","igual frontend; no depende del proveedor","Apache-2.0","e2e/package-lock.json:node_modules/@typescript/typescript-linux-s390x","https://www.npmjs.com/package/@typescript/typescript-linux-s390x/v/7.0.2","PENDIENTE REVISION","El lock incluye plataformas opcionales; no equivale al contenido distribuido."
"npm","@typescript/typescript-linux-x64","7.0.2","e2e:desarrollo","herramienta; no inferir inclusion","igual frontend; no depende del proveedor","Apache-2.0","e2e/package-lock.json:node_modules/@typescript/typescript-linux-x64","https://www.npmjs.com/package/@typescript/typescript-linux-x64/v/7.0.2","PENDIENTE REVISION","El lock incluye plataformas opcionales; no equivale al contenido distribuido."
"npm","@typescript/typescript-netbsd-arm64","7.0.2","e2e:desarrollo","herramienta; no inferir inclusion","igual frontend; no depende del proveedor","Apache-2.0","e2e/package-lock.json:node_modules/@typescript/typescript-netbsd-arm64","https://www.npmjs.com/package/@typescript/typescript-netbsd-arm64/v/7.0.2","PENDIENTE REVISION","El lock incluye plataformas opcionales; no equivale al contenido distribuido."
"npm","@typescript/typescript-netbsd-x64","7.0.2","e2e:desarrollo","herramienta; no inferir inclusion","igual frontend; no depende del proveedor","Apache-2.0","e2e/package-lock.json:node_modules/@typescript/typescript-netbsd-x64","https://www.npmjs.com/package/@typescript/typescript-netbsd-x64/v/7.0.2","PENDIENTE REVISION","El lock incluye plataformas opcionales; no equivale al contenido distribuido."
"npm","@typescript/typescript-openbsd-arm64","7.0.2","e2e:desarrollo","herramienta; no inferir inclusion","igual frontend; no depende del proveedor","Apache-2.0","e2e/package-lock.json:node_modules/@typescript/typescript-openbsd-arm64","https://www.npmjs.com/package/@typescript/typescript-openbsd-arm64/v/7.0.2","PENDIENTE REVISION","El lock incluye plataformas opcionales; no equivale al contenido distribuido."
"npm","@typescript/typescript-openbsd-x64","7.0.2","e2e:desarrollo","herramienta; no inferir inclusion","igual frontend; no depende del proveedor","Apache-2.0","e2e/package-lock.json:node_modules/@typescript/typescript-openbsd-x64","https://www.npmjs.com/package/@typescript/typescript-openbsd-x64/v/7.0.2","PENDIENTE REVISION","El lock incluye plataformas opcionales; no equivale al contenido distribuido."
"npm","@typescript/typescript-sunos-x64","7.0.2","e2e:desarrollo","herramienta; no inferir inclusion","igual frontend; no depende del proveedor","Apache-2.0","e2e/package-lock.json:node_modules/@typescript/typescript-sunos-x64","https://www.npmjs.com/package/@typescript/typescript-sunos-x64/v/7.0.2","PENDIENTE REVISION","El lock incluye plataformas opcionales; no equivale al contenido distribuido."
"npm","@typescript/typescript-win32-arm64","7.0.2","e2e:desarrollo","herramienta; no inferir inclusion","igual frontend; no depende del proveedor","Apache-2.0","e2e/package-lock.json:node_modules/@typescript/typescript-win32-arm64","https://www.npmjs.com/package/@typescript/typescript-win32-arm64/v/7.0.2","PENDIENTE REVISION","El lock incluye plataformas opcionales; no equivale al contenido distribuido."
"npm","@typescript/typescript-win32-x64","7.0.2","e2e:desarrollo","herramienta; no inferir inclusion","igual frontend; no depende del proveedor","Apache-2.0","e2e/package-lock.json:node_modules/@typescript/typescript-win32-x64","https://www.npmjs.com/package/@typescript/typescript-win32-x64/v/7.0.2","PENDIENTE REVISION","El lock incluye plataformas opcionales; no equivale al contenido distribuido."
"npm","@vitejs/plugin-basic-ssl","2.3.0","frontend:desarrollo","herramienta; no inferir inclusion","igual frontend; no depende del proveedor","MIT","frontend/package-lock.json:node_modules/@vitejs/plugin-basic-ssl","https://www.npmjs.com/package/@vitejs/plugin-basic-ssl/v/2.3.0","PENDIENTE REVISION","El lock incluye plataformas opcionales; no equivale al contenido distribuido."
"npm","@vitest/expect","4.1.10","frontend:desarrollo","herramienta; no inferir inclusion","igual frontend; no depende del proveedor","MIT","frontend/package-lock.json:node_modules/@vitest/expect","https://www.npmjs.com/package/@vitest/expect/v/4.1.10","PENDIENTE REVISION","El lock incluye plataformas opcionales; no equivale al contenido distribuido."
"npm","@vitest/mocker","4.1.10","frontend:desarrollo","herramienta; no inferir inclusion","igual frontend; no depende del proveedor","MIT","frontend/package-lock.json:node_modules/@vitest/mocker","https://www.npmjs.com/package/@vitest/mocker/v/4.1.10","PENDIENTE REVISION","El lock incluye plataformas opcionales; no equivale al contenido distribuido."
"npm","@vitest/pretty-format","4.1.10","frontend:desarrollo","herramienta; no inferir inclusion","igual frontend; no depende del proveedor","MIT","frontend/package-lock.json:node_modules/@vitest/pretty-format","https://www.npmjs.com/package/@vitest/pretty-format/v/4.1.10","PENDIENTE REVISION","El lock incluye plataformas opcionales; no equivale al contenido distribuido."
"npm","@vitest/runner","4.1.10","frontend:desarrollo","herramienta; no inferir inclusion","igual frontend; no depende del proveedor","MIT","frontend/package-lock.json:node_modules/@vitest/runner","https://www.npmjs.com/package/@vitest/runner/v/4.1.10","PENDIENTE REVISION","El lock incluye plataformas opcionales; no equivale al contenido distribuido."
"npm","@vitest/snapshot","4.1.10","frontend:desarrollo","herramienta; no inferir inclusion","igual frontend; no depende del proveedor","MIT","frontend/package-lock.json:node_modules/@vitest/snapshot","https://www.npmjs.com/package/@vitest/snapshot/v/4.1.10","PENDIENTE REVISION","El lock incluye plataformas opcionales; no equivale al contenido distribuido."
"npm","@vitest/spy","4.1.10","frontend:desarrollo","herramienta; no inferir inclusion","igual frontend; no depende del proveedor","MIT","frontend/package-lock.json:node_modules/@vitest/spy","https://www.npmjs.com/package/@vitest/spy/v/4.1.10","PENDIENTE REVISION","El lock incluye plataformas opcionales; no equivale al contenido distribuido."
"npm","@vitest/utils","4.1.10","frontend:desarrollo","herramienta; no inferir inclusion","igual frontend; no depende del proveedor","MIT","frontend/package-lock.json:node_modules/@vitest/utils","https://www.npmjs.com/package/@vitest/utils/v/4.1.10","PENDIENTE REVISION","El lock incluye plataformas opcionales; no equivale al contenido distribuido."
"npm","accepts","2.0.0","frontend:desarrollo","herramienta; no inferir inclusion","igual frontend; no depende del proveedor","MIT","frontend/package-lock.json:node_modules/accepts","https://www.npmjs.com/package/accepts/v/2.0.0","PENDIENTE REVISION","El lock incluye plataformas opcionales; no equivale al contenido distribuido."
"npm","agent-base","7.1.4","frontend:desarrollo","herramienta; no inferir inclusion","igual frontend; no depende del proveedor","MIT","frontend/package-lock.json:node_modules/http-proxy-agent/node_modules/agent-base","https://www.npmjs.com/package/agent-base/v/7.1.4","PENDIENTE REVISION","El lock incluye plataformas opcionales; no equivale al contenido distribuido."
"npm","agent-base","7.1.4","frontend:desarrollo","herramienta; no inferir inclusion","igual frontend; no depende del proveedor","MIT","frontend/package-lock.json:node_modules/jsdom/node_modules/agent-base","https://www.npmjs.com/package/agent-base/v/7.1.4","PENDIENTE REVISION","El lock incluye plataformas opcionales; no equivale al contenido distribuido."
"npm","agent-base","9.0.0","frontend:desarrollo","herramienta; no inferir inclusion","igual frontend; no depende del proveedor","MIT","frontend/package-lock.json:node_modules/agent-base","https://www.npmjs.com/package/agent-base/v/9.0.0","PENDIENTE REVISION","El lock incluye plataformas opcionales; no equivale al contenido distribuido."
"npm","ajv-formats","3.0.1","frontend:desarrollo","herramienta; no inferir inclusion","igual frontend; no depende del proveedor","MIT","frontend/package-lock.json:node_modules/ajv-formats","https://www.npmjs.com/package/ajv-formats/v/3.0.1","PENDIENTE REVISION","El lock incluye plataformas opcionales; no equivale al contenido distribuido."
"npm","ajv","8.20.0","frontend:desarrollo","herramienta; no inferir inclusion","igual frontend; no depende del proveedor","MIT","frontend/package-lock.json:node_modules/ajv","https://www.npmjs.com/package/ajv/v/8.20.0","PENDIENTE REVISION","El lock incluye plataformas opcionales; no equivale al contenido distribuido."
"npm","ansi-escapes","7.3.0","frontend:desarrollo","herramienta; no inferir inclusion","igual frontend; no depende del proveedor","MIT","frontend/package-lock.json:node_modules/ansi-escapes","https://www.npmjs.com/package/ansi-escapes/v/7.3.0","PENDIENTE REVISION","El lock incluye plataformas opcionales; no equivale al contenido distribuido."
"npm","ansi-regex","6.2.2","frontend:desarrollo","herramienta; no inferir inclusion","igual frontend; no depende del proveedor","MIT","frontend/package-lock.json:node_modules/ansi-regex","https://www.npmjs.com/package/ansi-regex/v/6.2.2","PENDIENTE REVISION","El lock incluye plataformas opcionales; no equivale al contenido distribuido."
"npm","ansi-styles","6.2.3","frontend:desarrollo","herramienta; no inferir inclusion","igual frontend; no depende del proveedor","MIT","frontend/package-lock.json:node_modules/ansi-styles","https://www.npmjs.com/package/ansi-styles/v/6.2.3","PENDIENTE REVISION","El lock incluye plataformas opcionales; no equivale al contenido distribuido."
"npm","argparse","2.0.1","frontend:grafo produccion","posible codigo en bundle","igual frontend; no depende del proveedor","Python-2.0","frontend/package-lock.json:node_modules/argparse","https://www.npmjs.com/package/argparse/v/2.0.1","PENDIENTE REVISION","El lock incluye plataformas opcionales; no equivale al contenido distribuido."
"npm","assertion-error","2.0.1","frontend:desarrollo","herramienta; no inferir inclusion","igual frontend; no depende del proveedor","MIT","frontend/package-lock.json:node_modules/assertion-error","https://www.npmjs.com/package/assertion-error/v/2.0.1","PENDIENTE REVISION","El lock incluye plataformas opcionales; no equivale al contenido distribuido."
"npm","baseline-browser-mapping","2.11.13","frontend:desarrollo","herramienta; no inferir inclusion","igual frontend; no depende del proveedor","Apache-2.0","frontend/package-lock.json:node_modules/baseline-browser-mapping","https://www.npmjs.com/package/baseline-browser-mapping/v/2.11.13","PENDIENTE REVISION","El lock incluye plataformas opcionales; no equivale al contenido distribuido."
"npm","beasties","0.4.3","frontend:desarrollo","herramienta; no inferir inclusion","igual frontend; no depende del proveedor","Apache-2.0","frontend/package-lock.json:node_modules/beasties","https://www.npmjs.com/package/beasties/v/0.4.3","PENDIENTE REVISION","El lock incluye plataformas opcionales; no equivale al contenido distribuido."
"npm","bidi-js","1.0.3","frontend:desarrollo","herramienta; no inferir inclusion","igual frontend; no depende del proveedor","MIT","frontend/package-lock.json:node_modules/bidi-js","https://www.npmjs.com/package/bidi-js/v/1.0.3","PENDIENTE REVISION","El lock incluye plataformas opcionales; no equivale al contenido distribuido."
"npm","body-parser","2.3.0","frontend:desarrollo","herramienta; no inferir inclusion","igual frontend; no depende del proveedor","MIT","frontend/package-lock.json:node_modules/body-parser","https://www.npmjs.com/package/body-parser/v/2.3.0","PENDIENTE REVISION","El lock incluye plataformas opcionales; no equivale al contenido distribuido."
"npm","boolbase","1.0.0","frontend:desarrollo","herramienta; no inferir inclusion","igual frontend; no depende del proveedor","ISC","frontend/package-lock.json:node_modules/boolbase","https://www.npmjs.com/package/boolbase/v/1.0.0","PENDIENTE REVISION","El lock incluye plataformas opcionales; no equivale al contenido distribuido."
"npm","browserslist","4.28.8","frontend:desarrollo","herramienta; no inferir inclusion","igual frontend; no depende del proveedor","MIT","frontend/package-lock.json:node_modules/browserslist","https://www.npmjs.com/package/browserslist/v/4.28.8","PENDIENTE REVISION","El lock incluye plataformas opcionales; no equivale al contenido distribuido."
"npm","buffer-from","1.1.2","frontend:desarrollo","herramienta; no inferir inclusion","igual frontend; no depende del proveedor","MIT","frontend/package-lock.json:node_modules/buffer-from","https://www.npmjs.com/package/buffer-from/v/1.1.2","PENDIENTE REVISION","El lock incluye plataformas opcionales; no equivale al contenido distribuido."
"npm","bytes","3.1.2","frontend:desarrollo","herramienta; no inferir inclusion","igual frontend; no depende del proveedor","MIT","frontend/package-lock.json:node_modules/bytes","https://www.npmjs.com/package/bytes/v/3.1.2","PENDIENTE REVISION","El lock incluye plataformas opcionales; no equivale al contenido distribuido."
"npm","call-bind-apply-helpers","1.0.2","frontend:desarrollo","herramienta; no inferir inclusion","igual frontend; no depende del proveedor","MIT","frontend/package-lock.json:node_modules/call-bind-apply-helpers","https://www.npmjs.com/package/call-bind-apply-helpers/v/1.0.2","PENDIENTE REVISION","El lock incluye plataformas opcionales; no equivale al contenido distribuido."
"npm","call-bound","1.0.4","frontend:desarrollo","herramienta; no inferir inclusion","igual frontend; no depende del proveedor","MIT","frontend/package-lock.json:node_modules/call-bound","https://www.npmjs.com/package/call-bound/v/1.0.4","PENDIENTE REVISION","El lock incluye plataformas opcionales; no equivale al contenido distribuido."
"npm","caniuse-lite","1.0.30001809","frontend:desarrollo","herramienta; no inferir inclusion","igual frontend; no depende del proveedor","CC-BY-4.0","frontend/package-lock.json:node_modules/caniuse-lite","https://www.npmjs.com/package/caniuse-lite/v/1.0.30001809","PENDIENTE REVISION","El lock incluye plataformas opcionales; no equivale al contenido distribuido."
"npm","chai","6.2.2","frontend:desarrollo","herramienta; no inferir inclusion","igual frontend; no depende del proveedor","MIT","frontend/package-lock.json:node_modules/chai","https://www.npmjs.com/package/chai/v/6.2.2","PENDIENTE REVISION","El lock incluye plataformas opcionales; no equivale al contenido distribuido."
"npm","chalk","5.6.2","frontend:desarrollo","herramienta; no inferir inclusion","igual frontend; no depende del proveedor","MIT","frontend/package-lock.json:node_modules/chalk","https://www.npmjs.com/package/chalk/v/5.6.2","PENDIENTE REVISION","El lock incluye plataformas opcionales; no equivale al contenido distribuido."
"npm","chardet","2.2.0","frontend:desarrollo","herramienta; no inferir inclusion","igual frontend; no depende del proveedor","MIT","frontend/package-lock.json:node_modules/chardet","https://www.npmjs.com/package/chardet/v/2.2.0","PENDIENTE REVISION","El lock incluye plataformas opcionales; no equivale al contenido distribuido."
"npm","chokidar","5.0.0","frontend:desarrollo","herramienta; no inferir inclusion","igual frontend; no depende del proveedor","MIT","frontend/package-lock.json:node_modules/chokidar","https://www.npmjs.com/package/chokidar/v/5.0.0","PENDIENTE REVISION","El lock incluye plataformas opcionales; no equivale al contenido distribuido."
"npm","cli-cursor","5.0.0","frontend:desarrollo","herramienta; no inferir inclusion","igual frontend; no depende del proveedor","MIT","frontend/package-lock.json:node_modules/cli-cursor","https://www.npmjs.com/package/cli-cursor/v/5.0.0","PENDIENTE REVISION","El lock incluye plataformas opcionales; no equivale al contenido distribuido."
"npm","cli-spinners","3.4.0","frontend:desarrollo","herramienta; no inferir inclusion","igual frontend; no depende del proveedor","MIT","frontend/package-lock.json:node_modules/cli-spinners","https://www.npmjs.com/package/cli-spinners/v/3.4.0","PENDIENTE REVISION","El lock incluye plataformas opcionales; no equivale al contenido distribuido."
"npm","cli-truncate","5.2.0","frontend:desarrollo","herramienta; no inferir inclusion","igual frontend; no depende del proveedor","MIT","frontend/package-lock.json:node_modules/cli-truncate","https://www.npmjs.com/package/cli-truncate/v/5.2.0","PENDIENTE REVISION","El lock incluye plataformas opcionales; no equivale al contenido distribuido."
"npm","cli-width","4.1.0","frontend:desarrollo","herramienta; no inferir inclusion","igual frontend; no depende del proveedor","ISC","frontend/package-lock.json:node_modules/cli-width","https://www.npmjs.com/package/cli-width/v/4.1.0","PENDIENTE REVISION","El lock incluye plataformas opcionales; no equivale al contenido distribuido."
"npm","cliui","9.0.1","frontend:desarrollo","herramienta; no inferir inclusion","igual frontend; no depende del proveedor","ISC","frontend/package-lock.json:node_modules/cliui","https://www.npmjs.com/package/cliui/v/9.0.1","PENDIENTE REVISION","El lock incluye plataformas opcionales; no equivale al contenido distribuido."
"npm","commander","2.20.3","frontend:grafo produccion","posible codigo en bundle","igual frontend; no depende del proveedor","MIT","frontend/package-lock.json:node_modules/commander","https://www.npmjs.com/package/commander/v/2.20.3","PENDIENTE REVISION","El lock incluye plataformas opcionales; no equivale al contenido distribuido."
"npm","content-disposition","1.1.0","frontend:desarrollo","herramienta; no inferir inclusion","igual frontend; no depende del proveedor","MIT","frontend/package-lock.json:node_modules/content-disposition","https://www.npmjs.com/package/content-disposition/v/1.1.0","PENDIENTE REVISION","El lock incluye plataformas opcionales; no equivale al contenido distribuido."
"npm","content-type","1.0.5","frontend:desarrollo","herramienta; no inferir inclusion","igual frontend; no depende del proveedor","MIT","frontend/package-lock.json:node_modules/content-type","https://www.npmjs.com/package/content-type/v/1.0.5","PENDIENTE REVISION","El lock incluye plataformas opcionales; no equivale al contenido distribuido."
"npm","content-type","2.0.0","frontend:desarrollo","herramienta; no inferir inclusion","igual frontend; no depende del proveedor","MIT","frontend/package-lock.json:node_modules/body-parser/node_modules/content-type","https://www.npmjs.com/package/content-type/v/2.0.0","PENDIENTE REVISION","El lock incluye plataformas opcionales; no equivale al contenido distribuido."
"npm","content-type","2.0.0","frontend:desarrollo","herramienta; no inferir inclusion","igual frontend; no depende del proveedor","MIT","frontend/package-lock.json:node_modules/type-is/node_modules/content-type","https://www.npmjs.com/package/content-type/v/2.0.0","PENDIENTE REVISION","El lock incluye plataformas opcionales; no equivale al contenido distribuido."
"npm","convert-source-map","1.9.0","frontend:desarrollo","herramienta; no inferir inclusion","igual frontend; no depende del proveedor","MIT","frontend/package-lock.json:node_modules/convert-source-map","https://www.npmjs.com/package/convert-source-map/v/1.9.0","PENDIENTE REVISION","El lock incluye plataformas opcionales; no equivale al contenido distribuido."
"npm","convert-source-map","2.0.0","frontend:desarrollo","herramienta; no inferir inclusion","igual frontend; no depende del proveedor","MIT","frontend/package-lock.json:node_modules/@babel/core/node_modules/convert-source-map","https://www.npmjs.com/package/convert-source-map/v/2.0.0","PENDIENTE REVISION","El lock incluye plataformas opcionales; no equivale al contenido distribuido."
"npm","convert-source-map","2.0.0","frontend:desarrollo","herramienta; no inferir inclusion","igual frontend; no depende del proveedor","MIT","frontend/package-lock.json:node_modules/@vitest/utils/node_modules/convert-source-map","https://www.npmjs.com/package/convert-source-map/v/2.0.0","PENDIENTE REVISION","El lock incluye plataformas opcionales; no equivale al contenido distribuido."
"npm","cookie-signature","1.2.2","frontend:desarrollo","herramienta; no inferir inclusion","igual frontend; no depende del proveedor","MIT","frontend/package-lock.json:node_modules/cookie-signature","https://www.npmjs.com/package/cookie-signature/v/1.2.2","PENDIENTE REVISION","El lock incluye plataformas opcionales; no equivale al contenido distribuido."
"npm","cookie","0.7.2","frontend:desarrollo","herramienta; no inferir inclusion","igual frontend; no depende del proveedor","MIT","frontend/package-lock.json:node_modules/cookie","https://www.npmjs.com/package/cookie/v/0.7.2","PENDIENTE REVISION","El lock incluye plataformas opcionales; no equivale al contenido distribuido."
"npm","cors","2.8.6","frontend:desarrollo","herramienta; no inferir inclusion","igual frontend; no depende del proveedor","MIT","frontend/package-lock.json:node_modules/cors","https://www.npmjs.com/package/cors/v/2.8.6","PENDIENTE REVISION","El lock incluye plataformas opcionales; no equivale al contenido distribuido."
"npm","cross-spawn","7.0.6","frontend:desarrollo","herramienta; no inferir inclusion","igual frontend; no depende del proveedor","MIT","frontend/package-lock.json:node_modules/cross-spawn","https://www.npmjs.com/package/cross-spawn/v/7.0.6","PENDIENTE REVISION","El lock incluye plataformas opcionales; no equivale al contenido distribuido."
"npm","css-select","6.0.0","frontend:desarrollo","herramienta; no inferir inclusion","igual frontend; no depende del proveedor","BSD-2-Clause","frontend/package-lock.json:node_modules/css-select","https://www.npmjs.com/package/css-select/v/6.0.0","PENDIENTE REVISION","El lock incluye plataformas opcionales; no equivale al contenido distribuido."
"npm","css-tree","3.2.1","frontend:desarrollo","herramienta; no inferir inclusion","igual frontend; no depende del proveedor","MIT","frontend/package-lock.json:node_modules/css-tree","https://www.npmjs.com/package/css-tree/v/3.2.1","PENDIENTE REVISION","El lock incluye plataformas opcionales; no equivale al contenido distribuido."
"npm","css-what","7.0.0","frontend:desarrollo","herramienta; no inferir inclusion","igual frontend; no depende del proveedor","BSD-2-Clause","frontend/package-lock.json:node_modules/css-what","https://www.npmjs.com/package/css-what/v/7.0.0","PENDIENTE REVISION","El lock incluye plataformas opcionales; no equivale al contenido distribuido."
"npm","cssstyle","6.2.0","frontend:desarrollo","herramienta; no inferir inclusion","igual frontend; no depende del proveedor","MIT","frontend/package-lock.json:node_modules/cssstyle","https://www.npmjs.com/package/cssstyle/v/6.2.0","PENDIENTE REVISION","El lock incluye plataformas opcionales; no equivale al contenido distribuido."
"npm","data-urls","7.0.0","frontend:desarrollo","herramienta; no inferir inclusion","igual frontend; no depende del proveedor","MIT","frontend/package-lock.json:node_modules/data-urls","https://www.npmjs.com/package/data-urls/v/7.0.0","PENDIENTE REVISION","El lock incluye plataformas opcionales; no equivale al contenido distribuido."
"npm","debug","4.4.3","frontend:desarrollo","herramienta; no inferir inclusion","igual frontend; no depende del proveedor","MIT","frontend/package-lock.json:node_modules/debug","https://www.npmjs.com/package/debug/v/4.4.3","PENDIENTE REVISION","El lock incluye plataformas opcionales; no equivale al contenido distribuido."
"npm","decimal.js","10.6.0","frontend:desarrollo","herramienta; no inferir inclusion","igual frontend; no depende del proveedor","MIT","frontend/package-lock.json:node_modules/decimal.js","https://www.npmjs.com/package/decimal.js/v/10.6.0","PENDIENTE REVISION","El lock incluye plataformas opcionales; no equivale al contenido distribuido."
"npm","depd","2.0.0","frontend:desarrollo","herramienta; no inferir inclusion","igual frontend; no depende del proveedor","MIT","frontend/package-lock.json:node_modules/depd","https://www.npmjs.com/package/depd/v/2.0.0","PENDIENTE REVISION","El lock incluye plataformas opcionales; no equivale al contenido distribuido."
"npm","detect-libc","2.1.2","frontend:desarrollo","herramienta; no inferir inclusion","igual frontend; no depende del proveedor","Apache-2.0","frontend/package-lock.json:node_modules/detect-libc","https://www.npmjs.com/package/detect-libc/v/2.1.2","PENDIENTE REVISION","El lock incluye plataformas opcionales; no equivale al contenido distribuido."
"npm","discontinuous-range","1.0.0","frontend:grafo produccion","posible codigo en bundle","igual frontend; no depende del proveedor","MIT","frontend/package-lock.json:node_modules/discontinuous-range","https://www.npmjs.com/package/discontinuous-range/v/1.0.0","PENDIENTE REVISION","El lock incluye plataformas opcionales; no equivale al contenido distribuido."
"npm","dom-serializer","2.0.0","frontend:desarrollo","herramienta; no inferir inclusion","igual frontend; no depende del proveedor","MIT","frontend/package-lock.json:node_modules/dom-serializer","https://www.npmjs.com/package/dom-serializer/v/2.0.0","PENDIENTE REVISION","El lock incluye plataformas opcionales; no equivale al contenido distribuido."
"npm","domelementtype","2.3.0","frontend:desarrollo","herramienta; no inferir inclusion","igual frontend; no depende del proveedor","BSD-2-Clause","frontend/package-lock.json:node_modules/domelementtype","https://www.npmjs.com/package/domelementtype/v/2.3.0","PENDIENTE REVISION","El lock incluye plataformas opcionales; no equivale al contenido distribuido."
"npm","domhandler","5.0.3","frontend:desarrollo","herramienta; no inferir inclusion","igual frontend; no depende del proveedor","BSD-2-Clause","frontend/package-lock.json:node_modules/domhandler","https://www.npmjs.com/package/domhandler/v/5.0.3","PENDIENTE REVISION","El lock incluye plataformas opcionales; no equivale al contenido distribuido."
"npm","dompurify","3.4.13","frontend:grafo produccion","posible codigo en bundle","igual frontend; no depende del proveedor","(MPL-2.0 OR Apache-2.0)","frontend/package-lock.json:node_modules/dompurify","https://www.npmjs.com/package/dompurify/v/3.4.13","PENDIENTE REVISION","El lock incluye plataformas opcionales; no equivale al contenido distribuido."
"npm","domutils","3.2.2","frontend:desarrollo","herramienta; no inferir inclusion","igual frontend; no depende del proveedor","BSD-2-Clause","frontend/package-lock.json:node_modules/domutils","https://www.npmjs.com/package/domutils/v/3.2.2","PENDIENTE REVISION","El lock incluye plataformas opcionales; no equivale al contenido distribuido."
"npm","dunder-proto","1.0.1","frontend:desarrollo","herramienta; no inferir inclusion","igual frontend; no depende del proveedor","MIT","frontend/package-lock.json:node_modules/dunder-proto","https://www.npmjs.com/package/dunder-proto/v/1.0.1","PENDIENTE REVISION","El lock incluye plataformas opcionales; no equivale al contenido distribuido."
"npm","ee-first","1.1.1","frontend:desarrollo","herramienta; no inferir inclusion","igual frontend; no depende del proveedor","MIT","frontend/package-lock.json:node_modules/ee-first","https://www.npmjs.com/package/ee-first/v/1.1.1","PENDIENTE REVISION","El lock incluye plataformas opcionales; no equivale al contenido distribuido."
"npm","electron-to-chromium","1.5.404","frontend:desarrollo","herramienta; no inferir inclusion","igual frontend; no depende del proveedor","ISC","frontend/package-lock.json:node_modules/electron-to-chromium","https://www.npmjs.com/package/electron-to-chromium/v/1.5.404","PENDIENTE REVISION","El lock incluye plataformas opcionales; no equivale al contenido distribuido."
"npm","emoji-regex","10.6.0","frontend:desarrollo","herramienta; no inferir inclusion","igual frontend; no depende del proveedor","MIT","frontend/package-lock.json:node_modules/emoji-regex","https://www.npmjs.com/package/emoji-regex/v/10.6.0","PENDIENTE REVISION","El lock incluye plataformas opcionales; no equivale al contenido distribuido."
"npm","empathic","2.0.1","frontend:desarrollo","herramienta; no inferir inclusion","igual frontend; no depende del proveedor","MIT","frontend/package-lock.json:node_modules/empathic","https://www.npmjs.com/package/empathic/v/2.0.1","PENDIENTE REVISION","El lock incluye plataformas opcionales; no equivale al contenido distribuido."
"npm","encodeurl","2.0.0","frontend:desarrollo","herramienta; no inferir inclusion","igual frontend; no depende del proveedor","MIT","frontend/package-lock.json:node_modules/encodeurl","https://www.npmjs.com/package/encodeurl/v/2.0.0","PENDIENTE REVISION","El lock incluye plataformas opcionales; no equivale al contenido distribuido."
"npm","entities","4.5.0","frontend:desarrollo","herramienta; no inferir inclusion","igual frontend; no depende del proveedor","BSD-2-Clause","frontend/package-lock.json:node_modules/entities","https://www.npmjs.com/package/entities/v/4.5.0","PENDIENTE REVISION","El lock incluye plataformas opcionales; no equivale al contenido distribuido."
"npm","entities","7.0.1","frontend:desarrollo","herramienta; no inferir inclusion","igual frontend; no depende del proveedor","BSD-2-Clause","frontend/package-lock.json:node_modules/htmlparser2/node_modules/entities","https://www.npmjs.com/package/entities/v/7.0.1","PENDIENTE REVISION","El lock incluye plataformas opcionales; no equivale al contenido distribuido."
"npm","entities","8.0.0","frontend:desarrollo","herramienta; no inferir inclusion","igual frontend; no depende del proveedor","BSD-2-Clause","frontend/package-lock.json:node_modules/parse5-html-rewriting-stream/node_modules/entities","https://www.npmjs.com/package/entities/v/8.0.0","PENDIENTE REVISION","El lock incluye plataformas opcionales; no equivale al contenido distribuido."
"npm","entities","8.0.0","frontend:desarrollo","herramienta; no inferir inclusion","igual frontend; no depende del proveedor","BSD-2-Clause","frontend/package-lock.json:node_modules/parse5/node_modules/entities","https://www.npmjs.com/package/entities/v/8.0.0","PENDIENTE REVISION","El lock incluye plataformas opcionales; no equivale al contenido distribuido."
"npm","environment","1.1.0","frontend:desarrollo","herramienta; no inferir inclusion","igual frontend; no depende del proveedor","MIT","frontend/package-lock.json:node_modules/environment","https://www.npmjs.com/package/environment/v/1.1.0","PENDIENTE REVISION","El lock incluye plataformas opcionales; no equivale al contenido distribuido."
"npm","es-define-property","1.0.1","frontend:desarrollo","herramienta; no inferir inclusion","igual frontend; no depende del proveedor","MIT","frontend/package-lock.json:node_modules/es-define-property","https://www.npmjs.com/package/es-define-property/v/1.0.1","PENDIENTE REVISION","El lock incluye plataformas opcionales; no equivale al contenido distribuido."
"npm","es-errors","1.3.0","frontend:desarrollo","herramienta; no inferir inclusion","igual frontend; no depende del proveedor","MIT","frontend/package-lock.json:node_modules/es-errors","https://www.npmjs.com/package/es-errors/v/1.3.0","PENDIENTE REVISION","El lock incluye plataformas opcionales; no equivale al contenido distribuido."
"npm","es-module-lexer","2.3.1","frontend:desarrollo","herramienta; no inferir inclusion","igual frontend; no depende del proveedor","MIT","frontend/package-lock.json:node_modules/es-module-lexer","https://www.npmjs.com/package/es-module-lexer/v/2.3.1","PENDIENTE REVISION","El lock incluye plataformas opcionales; no equivale al contenido distribuido."
"npm","es-object-atoms","1.1.2","frontend:desarrollo","herramienta; no inferir inclusion","igual frontend; no depende del proveedor","MIT","frontend/package-lock.json:node_modules/es-object-atoms","https://www.npmjs.com/package/es-object-atoms/v/1.1.2","PENDIENTE REVISION","El lock incluye plataformas opcionales; no equivale al contenido distribuido."
"npm","esbuild","0.28.1","frontend:desarrollo","herramienta; no inferir inclusion","igual frontend; no depende del proveedor","MIT","frontend/package-lock.json:node_modules/esbuild","https://www.npmjs.com/package/esbuild/v/0.28.1","PENDIENTE REVISION","El lock incluye plataformas opcionales; no equivale al contenido distribuido."
"npm","escalade","3.2.0","frontend:desarrollo","herramienta; no inferir inclusion","igual frontend; no depende del proveedor","MIT","frontend/package-lock.json:node_modules/escalade","https://www.npmjs.com/package/escalade/v/3.2.0","PENDIENTE REVISION","El lock incluye plataformas opcionales; no equivale al contenido distribuido."
"npm","escape-html","1.0.3","frontend:desarrollo","herramienta; no inferir inclusion","igual frontend; no depende del proveedor","MIT","frontend/package-lock.json:node_modules/escape-html","https://www.npmjs.com/package/escape-html/v/1.0.3","PENDIENTE REVISION","El lock incluye plataformas opcionales; no equivale al contenido distribuido."
"npm","estree-walker","3.0.3","frontend:desarrollo","herramienta; no inferir inclusion","igual frontend; no depende del proveedor","MIT","frontend/package-lock.json:node_modules/estree-walker","https://www.npmjs.com/package/estree-walker/v/3.0.3","PENDIENTE REVISION","El lock incluye plataformas opcionales; no equivale al contenido distribuido."
"npm","etag","1.8.1","frontend:desarrollo","herramienta; no inferir inclusion","igual frontend; no depende del proveedor","MIT","frontend/package-lock.json:node_modules/etag","https://www.npmjs.com/package/etag/v/1.8.1","PENDIENTE REVISION","El lock incluye plataformas opcionales; no equivale al contenido distribuido."
"npm","eventemitter3","5.0.4","frontend:desarrollo","herramienta; no inferir inclusion","igual frontend; no depende del proveedor","MIT","frontend/package-lock.json:node_modules/eventemitter3","https://www.npmjs.com/package/eventemitter3/v/5.0.4","PENDIENTE REVISION","El lock incluye plataformas opcionales; no equivale al contenido distribuido."
"npm","eventsource-parser","3.1.1","frontend:desarrollo","herramienta; no inferir inclusion","igual frontend; no depende del proveedor","MIT","frontend/package-lock.json:node_modules/eventsource-parser","https://www.npmjs.com/package/eventsource-parser/v/3.1.1","PENDIENTE REVISION","El lock incluye plataformas opcionales; no equivale al contenido distribuido."
"npm","eventsource","3.0.7","frontend:desarrollo","herramienta; no inferir inclusion","igual frontend; no depende del proveedor","MIT","frontend/package-lock.json:node_modules/eventsource","https://www.npmjs.com/package/eventsource/v/3.0.7","PENDIENTE REVISION","El lock incluye plataformas opcionales; no equivale al contenido distribuido."
"npm","expect-type","1.4.0","frontend:desarrollo","herramienta; no inferir inclusion","igual frontend; no depende del proveedor","Apache-2.0","frontend/package-lock.json:node_modules/expect-type","https://www.npmjs.com/package/expect-type/v/1.4.0","PENDIENTE REVISION","El lock incluye plataformas opcionales; no equivale al contenido distribuido."
"npm","express-rate-limit","8.6.2","frontend:desarrollo","herramienta; no inferir inclusion","igual frontend; no depende del proveedor","MIT","frontend/package-lock.json:node_modules/express-rate-limit","https://www.npmjs.com/package/express-rate-limit/v/8.6.2","PENDIENTE REVISION","El lock incluye plataformas opcionales; no equivale al contenido distribuido."
"npm","express","5.2.1","frontend:desarrollo","herramienta; no inferir inclusion","igual frontend; no depende del proveedor","MIT","frontend/package-lock.json:node_modules/express","https://www.npmjs.com/package/express/v/5.2.1","PENDIENTE REVISION","El lock incluye plataformas opcionales; no equivale al contenido distribuido."
"npm","fast-deep-equal","3.1.3","frontend:desarrollo","herramienta; no inferir inclusion","igual frontend; no depende del proveedor","MIT","frontend/package-lock.json:node_modules/fast-deep-equal","https://www.npmjs.com/package/fast-deep-equal/v/3.1.3","PENDIENTE REVISION","El lock incluye plataformas opcionales; no equivale al contenido distribuido."
"npm","fast-string-truncated-width","3.0.3","frontend:desarrollo","herramienta; no inferir inclusion","igual frontend; no depende del proveedor","MIT","frontend/package-lock.json:node_modules/fast-string-truncated-width","https://www.npmjs.com/package/fast-string-truncated-width/v/3.0.3","PENDIENTE REVISION","El lock incluye plataformas opcionales; no equivale al contenido distribuido."
"npm","fast-string-width","3.0.2","frontend:desarrollo","herramienta; no inferir inclusion","igual frontend; no depende del proveedor","MIT","frontend/package-lock.json:node_modules/fast-string-width","https://www.npmjs.com/package/fast-string-width/v/3.0.2","PENDIENTE REVISION","El lock incluye plataformas opcionales; no equivale al contenido distribuido."
"npm","fast-uri","3.1.5","frontend:desarrollo","herramienta; no inferir inclusion","igual frontend; no depende del proveedor","BSD-3-Clause","frontend/package-lock.json:node_modules/fast-uri","https://www.npmjs.com/package/fast-uri/v/3.1.5","PENDIENTE REVISION","El lock incluye plataformas opcionales; no equivale al contenido distribuido."
"npm","fast-wrap-ansi","0.2.2","frontend:desarrollo","herramienta; no inferir inclusion","igual frontend; no depende del proveedor","MIT","frontend/package-lock.json:node_modules/fast-wrap-ansi","https://www.npmjs.com/package/fast-wrap-ansi/v/0.2.2","PENDIENTE REVISION","El lock incluye plataformas opcionales; no equivale al contenido distribuido."
"npm","fdir","6.5.0","frontend:desarrollo","herramienta; no inferir inclusion","igual frontend; no depende del proveedor","MIT","frontend/package-lock.json:node_modules/fdir","https://www.npmjs.com/package/fdir/v/6.5.0","PENDIENTE REVISION","El lock incluye plataformas opcionales; no equivale al contenido distribuido."
"npm","finalhandler","2.1.1","frontend:desarrollo","herramienta; no inferir inclusion","igual frontend; no depende del proveedor","MIT","frontend/package-lock.json:node_modules/finalhandler","https://www.npmjs.com/package/finalhandler/v/2.1.1","PENDIENTE REVISION","El lock incluye plataformas opcionales; no equivale al contenido distribuido."
"npm","forwarded","0.2.0","frontend:desarrollo","herramienta; no inferir inclusion","igual frontend; no depende del proveedor","MIT","frontend/package-lock.json:node_modules/forwarded","https://www.npmjs.com/package/forwarded/v/0.2.0","PENDIENTE REVISION","El lock incluye plataformas opcionales; no equivale al contenido distribuido."
"npm","fresh","2.0.0","frontend:desarrollo","herramienta; no inferir inclusion","igual frontend; no depende del proveedor","MIT","frontend/package-lock.json:node_modules/fresh","https://www.npmjs.com/package/fresh/v/2.0.0","PENDIENTE REVISION","El lock incluye plataformas opcionales; no equivale al contenido distribuido."
"npm","fsevents","2.3.2","e2e:desarrollo","herramienta; no inferir inclusion","igual frontend; no depende del proveedor","MIT","e2e/package-lock.json:node_modules/fsevents","https://www.npmjs.com/package/fsevents/v/2.3.2","PENDIENTE REVISION","El lock incluye plataformas opcionales; no equivale al contenido distribuido."
"npm","fsevents","2.3.3","frontend:desarrollo","herramienta; no inferir inclusion","igual frontend; no depende del proveedor","MIT","frontend/package-lock.json:node_modules/fsevents","https://www.npmjs.com/package/fsevents/v/2.3.3","PENDIENTE REVISION","El lock incluye plataformas opcionales; no equivale al contenido distribuido."
"npm","function-bind","1.1.2","frontend:desarrollo","herramienta; no inferir inclusion","igual frontend; no depende del proveedor","MIT","frontend/package-lock.json:node_modules/function-bind","https://www.npmjs.com/package/function-bind/v/1.1.2","PENDIENTE REVISION","El lock incluye plataformas opcionales; no equivale al contenido distribuido."
"npm","gensync","1.0.0-beta.2","frontend:desarrollo","herramienta; no inferir inclusion","igual frontend; no depende del proveedor","MIT","frontend/package-lock.json:node_modules/gensync","https://www.npmjs.com/package/gensync/v/1.0.0-beta.2","PENDIENTE REVISION","El lock incluye plataformas opcionales; no equivale al contenido distribuido."
"npm","get-caller-file","2.0.5","frontend:desarrollo","herramienta; no inferir inclusion","igual frontend; no depende del proveedor","ISC","frontend/package-lock.json:node_modules/get-caller-file","https://www.npmjs.com/package/get-caller-file/v/2.0.5","PENDIENTE REVISION","El lock incluye plataformas opcionales; no equivale al contenido distribuido."
"npm","get-east-asian-width","1.6.0","frontend:desarrollo","herramienta; no inferir inclusion","igual frontend; no depende del proveedor","MIT","frontend/package-lock.json:node_modules/get-east-asian-width","https://www.npmjs.com/package/get-east-asian-width/v/1.6.0","PENDIENTE REVISION","El lock incluye plataformas opcionales; no equivale al contenido distribuido."
"npm","get-intrinsic","1.3.0","frontend:desarrollo","herramienta; no inferir inclusion","igual frontend; no depende del proveedor","MIT","frontend/package-lock.json:node_modules/get-intrinsic","https://www.npmjs.com/package/get-intrinsic/v/1.3.0","PENDIENTE REVISION","El lock incluye plataformas opcionales; no equivale al contenido distribuido."
"npm","get-proto","1.0.1","frontend:desarrollo","herramienta; no inferir inclusion","igual frontend; no depende del proveedor","MIT","frontend/package-lock.json:node_modules/get-proto","https://www.npmjs.com/package/get-proto/v/1.0.1","PENDIENTE REVISION","El lock incluye plataformas opcionales; no equivale al contenido distribuido."
"npm","gopd","1.2.0","frontend:desarrollo","herramienta; no inferir inclusion","igual frontend; no depende del proveedor","MIT","frontend/package-lock.json:node_modules/gopd","https://www.npmjs.com/package/gopd/v/1.2.0","PENDIENTE REVISION","El lock incluye plataformas opcionales; no equivale al contenido distribuido."
"npm","graceful-fs","4.2.11","frontend:desarrollo","herramienta; no inferir inclusion","igual frontend; no depende del proveedor","ISC","frontend/package-lock.json:node_modules/graceful-fs","https://www.npmjs.com/package/graceful-fs/v/4.2.11","PENDIENTE REVISION","El lock incluye plataformas opcionales; no equivale al contenido distribuido."
"npm","has-symbols","1.1.0","frontend:desarrollo","herramienta; no inferir inclusion","igual frontend; no depende del proveedor","MIT","frontend/package-lock.json:node_modules/has-symbols","https://www.npmjs.com/package/has-symbols/v/1.1.0","PENDIENTE REVISION","El lock incluye plataformas opcionales; no equivale al contenido distribuido."
"npm","hasown","2.0.4","frontend:desarrollo","herramienta; no inferir inclusion","igual frontend; no depende del proveedor","MIT","frontend/package-lock.json:node_modules/hasown","https://www.npmjs.com/package/hasown/v/2.0.4","PENDIENTE REVISION","El lock incluye plataformas opcionales; no equivale al contenido distribuido."
"npm","hono","4.13.1","frontend:desarrollo","herramienta; no inferir inclusion","igual frontend; no depende del proveedor","MIT","frontend/package-lock.json:node_modules/hono","https://www.npmjs.com/package/hono/v/4.13.1","PENDIENTE REVISION","El lock incluye plataformas opcionales; no equivale al contenido distribuido."
"npm","hosted-git-info","10.1.1","frontend:desarrollo","herramienta; no inferir inclusion","igual frontend; no depende del proveedor","ISC","frontend/package-lock.json:node_modules/hosted-git-info","https://www.npmjs.com/package/hosted-git-info/v/10.1.1","PENDIENTE REVISION","El lock incluye plataformas opcionales; no equivale al contenido distribuido."
"npm","html-encoding-sniffer","6.0.0","frontend:desarrollo","herramienta; no inferir inclusion","igual frontend; no depende del proveedor","MIT","frontend/package-lock.json:node_modules/html-encoding-sniffer","https://www.npmjs.com/package/html-encoding-sniffer/v/6.0.0","PENDIENTE REVISION","El lock incluye plataformas opcionales; no equivale al contenido distribuido."
"npm","htmlparser2","10.1.0","frontend:desarrollo","herramienta; no inferir inclusion","igual frontend; no depende del proveedor","MIT","frontend/package-lock.json:node_modules/htmlparser2","https://www.npmjs.com/package/htmlparser2/v/10.1.0","PENDIENTE REVISION","El lock incluye plataformas opcionales; no equivale al contenido distribuido."
"npm","http-errors","2.0.1","frontend:desarrollo","herramienta; no inferir inclusion","igual frontend; no depende del proveedor","MIT","frontend/package-lock.json:node_modules/http-errors","https://www.npmjs.com/package/http-errors/v/2.0.1","PENDIENTE REVISION","El lock incluye plataformas opcionales; no equivale al contenido distribuido."
"npm","http-proxy-agent","7.0.2","frontend:desarrollo","herramienta; no inferir inclusion","igual frontend; no depende del proveedor","MIT","frontend/package-lock.json:node_modules/http-proxy-agent","https://www.npmjs.com/package/http-proxy-agent/v/7.0.2","PENDIENTE REVISION","El lock incluye plataformas opcionales; no equivale al contenido distribuido."
"npm","https-proxy-agent","7.0.6","frontend:desarrollo","herramienta; no inferir inclusion","igual frontend; no depende del proveedor","MIT","frontend/package-lock.json:node_modules/jsdom/node_modules/https-proxy-agent","https://www.npmjs.com/package/https-proxy-agent/v/7.0.6","PENDIENTE REVISION","El lock incluye plataformas opcionales; no equivale al contenido distribuido."
"npm","https-proxy-agent","9.1.0","frontend:desarrollo","herramienta; no inferir inclusion","igual frontend; no depende del proveedor","MIT","frontend/package-lock.json:node_modules/https-proxy-agent","https://www.npmjs.com/package/https-proxy-agent/v/9.1.0","PENDIENTE REVISION","El lock incluye plataformas opcionales; no equivale al contenido distribuido."
"npm","iconv-lite","0.7.3","frontend:desarrollo","herramienta; no inferir inclusion","igual frontend; no depende del proveedor","MIT","frontend/package-lock.json:node_modules/iconv-lite","https://www.npmjs.com/package/iconv-lite/v/0.7.3","PENDIENTE REVISION","El lock incluye plataformas opcionales; no equivale al contenido distribuido."
"npm","immutable","5.1.9","frontend:desarrollo","herramienta; no inferir inclusion","igual frontend; no depende del proveedor","MIT","frontend/package-lock.json:node_modules/immutable","https://www.npmjs.com/package/immutable/v/5.1.9","PENDIENTE REVISION","El lock incluye plataformas opcionales; no equivale al contenido distribuido."
"npm","import-meta-resolve","4.2.0","frontend:desarrollo","herramienta; no inferir inclusion","igual frontend; no depende del proveedor","MIT","frontend/package-lock.json:node_modules/import-meta-resolve","https://www.npmjs.com/package/import-meta-resolve/v/4.2.0","PENDIENTE REVISION","El lock incluye plataformas opcionales; no equivale al contenido distribuido."
"npm","inherits","2.0.4","frontend:desarrollo","herramienta; no inferir inclusion","igual frontend; no depende del proveedor","ISC","frontend/package-lock.json:node_modules/inherits","https://www.npmjs.com/package/inherits/v/2.0.4","PENDIENTE REVISION","El lock incluye plataformas opcionales; no equivale al contenido distribuido."
"npm","ip-address","10.5.0","frontend:desarrollo","herramienta; no inferir inclusion","igual frontend; no depende del proveedor","MIT","frontend/package-lock.json:node_modules/ip-address","https://www.npmjs.com/package/ip-address/v/10.5.0","PENDIENTE REVISION","El lock incluye plataformas opcionales; no equivale al contenido distribuido."
"npm","ipaddr.js","1.9.1","frontend:desarrollo","herramienta; no inferir inclusion","igual frontend; no depende del proveedor","MIT","frontend/package-lock.json:node_modules/ipaddr.js","https://www.npmjs.com/package/ipaddr.js/v/1.9.1","PENDIENTE REVISION","El lock incluye plataformas opcionales; no equivale al contenido distribuido."
"npm","is-extglob","2.1.1","frontend:desarrollo","herramienta; no inferir inclusion","igual frontend; no depende del proveedor","MIT","frontend/package-lock.json:node_modules/is-extglob","https://www.npmjs.com/package/is-extglob/v/2.1.1","PENDIENTE REVISION","El lock incluye plataformas opcionales; no equivale al contenido distribuido."
"npm","is-fullwidth-code-point","5.1.0","frontend:desarrollo","herramienta; no inferir inclusion","igual frontend; no depende del proveedor","MIT","frontend/package-lock.json:node_modules/is-fullwidth-code-point","https://www.npmjs.com/package/is-fullwidth-code-point/v/5.1.0","PENDIENTE REVISION","El lock incluye plataformas opcionales; no equivale al contenido distribuido."
"npm","is-glob","4.0.3","frontend:desarrollo","herramienta; no inferir inclusion","igual frontend; no depende del proveedor","MIT","frontend/package-lock.json:node_modules/is-glob","https://www.npmjs.com/package/is-glob/v/4.0.3","PENDIENTE REVISION","El lock incluye plataformas opcionales; no equivale al contenido distribuido."
"npm","is-interactive","2.0.0","frontend:desarrollo","herramienta; no inferir inclusion","igual frontend; no depende del proveedor","MIT","frontend/package-lock.json:node_modules/is-interactive","https://www.npmjs.com/package/is-interactive/v/2.0.0","PENDIENTE REVISION","El lock incluye plataformas opcionales; no equivale al contenido distribuido."
"npm","is-potential-custom-element-name","1.0.1","frontend:desarrollo","herramienta; no inferir inclusion","igual frontend; no depende del proveedor","MIT","frontend/package-lock.json:node_modules/is-potential-custom-element-name","https://www.npmjs.com/package/is-potential-custom-element-name/v/1.0.1","PENDIENTE REVISION","El lock incluye plataformas opcionales; no equivale al contenido distribuido."
"npm","is-promise","4.0.0","frontend:desarrollo","herramienta; no inferir inclusion","igual frontend; no depende del proveedor","MIT","frontend/package-lock.json:node_modules/is-promise","https://www.npmjs.com/package/is-promise/v/4.0.0","PENDIENTE REVISION","El lock incluye plataformas opcionales; no equivale al contenido distribuido."
"npm","is-unicode-supported","2.1.0","frontend:desarrollo","herramienta; no inferir inclusion","igual frontend; no depende del proveedor","MIT","frontend/package-lock.json:node_modules/is-unicode-supported","https://www.npmjs.com/package/is-unicode-supported/v/2.1.0","PENDIENTE REVISION","El lock incluye plataformas opcionales; no equivale al contenido distribuido."
"npm","isexe","2.0.0","frontend:desarrollo","herramienta; no inferir inclusion","igual frontend; no depende del proveedor","ISC","frontend/package-lock.json:node_modules/isexe","https://www.npmjs.com/package/isexe/v/2.0.0","PENDIENTE REVISION","El lock incluye plataformas opcionales; no equivale al contenido distribuido."
"npm","jose","6.2.8","frontend:desarrollo","herramienta; no inferir inclusion","igual frontend; no depende del proveedor","MIT","frontend/package-lock.json:node_modules/jose","https://www.npmjs.com/package/jose/v/6.2.8","PENDIENTE REVISION","El lock incluye plataformas opcionales; no equivale al contenido distribuido."
"npm","js-tokens","10.0.0","frontend:desarrollo","herramienta; no inferir inclusion","igual frontend; no depende del proveedor","MIT","frontend/package-lock.json:node_modules/js-tokens","https://www.npmjs.com/package/js-tokens/v/10.0.0","PENDIENTE REVISION","El lock incluye plataformas opcionales; no equivale al contenido distribuido."
"npm","jsdom","28.1.0","frontend:desarrollo","herramienta; no inferir inclusion","igual frontend; no depende del proveedor","MIT","frontend/package-lock.json:node_modules/jsdom","https://www.npmjs.com/package/jsdom/v/28.1.0","PENDIENTE REVISION","El lock incluye plataformas opcionales; no equivale al contenido distribuido."
"npm","jsesc","3.1.0","frontend:desarrollo","herramienta; no inferir inclusion","igual frontend; no depende del proveedor","MIT","frontend/package-lock.json:node_modules/jsesc","https://www.npmjs.com/package/jsesc/v/3.1.0","PENDIENTE REVISION","El lock incluye plataformas opcionales; no equivale al contenido distribuido."
"npm","json-schema-traverse","1.0.0","frontend:desarrollo","herramienta; no inferir inclusion","igual frontend; no depende del proveedor","MIT","frontend/package-lock.json:node_modules/json-schema-traverse","https://www.npmjs.com/package/json-schema-traverse/v/1.0.0","PENDIENTE REVISION","El lock incluye plataformas opcionales; no equivale al contenido distribuido."
"npm","json-schema-typed","8.0.2","frontend:desarrollo","herramienta; no inferir inclusion","igual frontend; no depende del proveedor","BSD-2-Clause","frontend/package-lock.json:node_modules/json-schema-typed","https://www.npmjs.com/package/json-schema-typed/v/8.0.2","PENDIENTE REVISION","El lock incluye plataformas opcionales; no equivale al contenido distribuido."
"npm","json5","2.2.3","frontend:desarrollo","herramienta; no inferir inclusion","igual frontend; no depende del proveedor","MIT","frontend/package-lock.json:node_modules/json5","https://www.npmjs.com/package/json5/v/2.2.3","PENDIENTE REVISION","El lock incluye plataformas opcionales; no equivale al contenido distribuido."
"npm","jsonc-parser","3.3.1","frontend:desarrollo","herramienta; no inferir inclusion","igual frontend; no depende del proveedor","MIT","frontend/package-lock.json:node_modules/jsonc-parser","https://www.npmjs.com/package/jsonc-parser/v/3.3.1","PENDIENTE REVISION","El lock incluye plataformas opcionales; no equivale al contenido distribuido."
"npm","lightningcss-android-arm64","1.33.0","frontend:desarrollo","herramienta; no inferir inclusion","igual frontend; no depende del proveedor","MPL-2.0","frontend/package-lock.json:node_modules/lightningcss-android-arm64","https://www.npmjs.com/package/lightningcss-android-arm64/v/1.33.0","PENDIENTE REVISION","El lock incluye plataformas opcionales; no equivale al contenido distribuido."
"npm","lightningcss-darwin-arm64","1.33.0","frontend:desarrollo","herramienta; no inferir inclusion","igual frontend; no depende del proveedor","MPL-2.0","frontend/package-lock.json:node_modules/lightningcss-darwin-arm64","https://www.npmjs.com/package/lightningcss-darwin-arm64/v/1.33.0","PENDIENTE REVISION","El lock incluye plataformas opcionales; no equivale al contenido distribuido."
"npm","lightningcss-darwin-x64","1.33.0","frontend:desarrollo","herramienta; no inferir inclusion","igual frontend; no depende del proveedor","MPL-2.0","frontend/package-lock.json:node_modules/lightningcss-darwin-x64","https://www.npmjs.com/package/lightningcss-darwin-x64/v/1.33.0","PENDIENTE REVISION","El lock incluye plataformas opcionales; no equivale al contenido distribuido."
"npm","lightningcss-freebsd-x64","1.33.0","frontend:desarrollo","herramienta; no inferir inclusion","igual frontend; no depende del proveedor","MPL-2.0","frontend/package-lock.json:node_modules/lightningcss-freebsd-x64","https://www.npmjs.com/package/lightningcss-freebsd-x64/v/1.33.0","PENDIENTE REVISION","El lock incluye plataformas opcionales; no equivale al contenido distribuido."
"npm","lightningcss-linux-arm-gnueabihf","1.33.0","frontend:desarrollo","herramienta; no inferir inclusion","igual frontend; no depende del proveedor","MPL-2.0","frontend/package-lock.json:node_modules/lightningcss-linux-arm-gnueabihf","https://www.npmjs.com/package/lightningcss-linux-arm-gnueabihf/v/1.33.0","PENDIENTE REVISION","El lock incluye plataformas opcionales; no equivale al contenido distribuido."
"npm","lightningcss-linux-arm64-gnu","1.33.0","frontend:desarrollo","herramienta; no inferir inclusion","igual frontend; no depende del proveedor","MPL-2.0","frontend/package-lock.json:node_modules/lightningcss-linux-arm64-gnu","https://www.npmjs.com/package/lightningcss-linux-arm64-gnu/v/1.33.0","PENDIENTE REVISION","El lock incluye plataformas opcionales; no equivale al contenido distribuido."
"npm","lightningcss-linux-arm64-musl","1.33.0","frontend:desarrollo","herramienta; no inferir inclusion","igual frontend; no depende del proveedor","MPL-2.0","frontend/package-lock.json:node_modules/lightningcss-linux-arm64-musl","https://www.npmjs.com/package/lightningcss-linux-arm64-musl/v/1.33.0","PENDIENTE REVISION","El lock incluye plataformas opcionales; no equivale al contenido distribuido."
"npm","lightningcss-linux-x64-gnu","1.33.0","frontend:desarrollo","herramienta; no inferir inclusion","igual frontend; no depende del proveedor","MPL-2.0","frontend/package-lock.json:node_modules/lightningcss-linux-x64-gnu","https://www.npmjs.com/package/lightningcss-linux-x64-gnu/v/1.33.0","PENDIENTE REVISION","El lock incluye plataformas opcionales; no equivale al contenido distribuido."
"npm","lightningcss-linux-x64-musl","1.33.0","frontend:desarrollo","herramienta; no inferir inclusion","igual frontend; no depende del proveedor","MPL-2.0","frontend/package-lock.json:node_modules/lightningcss-linux-x64-musl","https://www.npmjs.com/package/lightningcss-linux-x64-musl/v/1.33.0","PENDIENTE REVISION","El lock incluye plataformas opcionales; no equivale al contenido distribuido."
"npm","lightningcss-win32-arm64-msvc","1.33.0","frontend:desarrollo","herramienta; no inferir inclusion","igual frontend; no depende del proveedor","MPL-2.0","frontend/package-lock.json:node_modules/lightningcss-win32-arm64-msvc","https://www.npmjs.com/package/lightningcss-win32-arm64-msvc/v/1.33.0","PENDIENTE REVISION","El lock incluye plataformas opcionales; no equivale al contenido distribuido."
"npm","lightningcss-win32-x64-msvc","1.33.0","frontend:desarrollo","herramienta; no inferir inclusion","igual frontend; no depende del proveedor","MPL-2.0","frontend/package-lock.json:node_modules/lightningcss-win32-x64-msvc","https://www.npmjs.com/package/lightningcss-win32-x64-msvc/v/1.33.0","PENDIENTE REVISION","El lock incluye plataformas opcionales; no equivale al contenido distribuido."
"npm","lightningcss","1.33.0","frontend:desarrollo","herramienta; no inferir inclusion","igual frontend; no depende del proveedor","MPL-2.0","frontend/package-lock.json:node_modules/lightningcss","https://www.npmjs.com/package/lightningcss/v/1.33.0","PENDIENTE REVISION","El lock incluye plataformas opcionales; no equivale al contenido distribuido."
"npm","listr2","10.2.1","frontend:desarrollo","herramienta; no inferir inclusion","igual frontend; no depende del proveedor","MIT","frontend/package-lock.json:node_modules/listr2","https://www.npmjs.com/package/listr2/v/10.2.1","PENDIENTE REVISION","El lock incluye plataformas opcionales; no equivale al contenido distribuido."
"npm","listr2","10.2.2","frontend:desarrollo","herramienta; no inferir inclusion","igual frontend; no depende del proveedor","MIT","frontend/package-lock.json:node_modules/@angular/build/node_modules/listr2","https://www.npmjs.com/package/listr2/v/10.2.2","PENDIENTE REVISION","El lock incluye plataformas opcionales; no equivale al contenido distribuido."
"npm","listr2","10.2.2","frontend:desarrollo","herramienta; no inferir inclusion","igual frontend; no depende del proveedor","MIT","frontend/package-lock.json:node_modules/@angular/cli/node_modules/listr2","https://www.npmjs.com/package/listr2/v/10.2.2","PENDIENTE REVISION","El lock incluye plataformas opcionales; no equivale al contenido distribuido."
"npm","lmdb","3.5.6","frontend:desarrollo","herramienta; no inferir inclusion","igual frontend; no depende del proveedor","MIT","frontend/package-lock.json:node_modules/lmdb","https://www.npmjs.com/package/lmdb/v/3.5.6","PENDIENTE REVISION","El lock incluye plataformas opcionales; no equivale al contenido distribuido."
"npm","log-symbols","7.0.1","frontend:desarrollo","herramienta; no inferir inclusion","igual frontend; no depende del proveedor","MIT","frontend/package-lock.json:node_modules/log-symbols","https://www.npmjs.com/package/log-symbols/v/7.0.1","PENDIENTE REVISION","El lock incluye plataformas opcionales; no equivale al contenido distribuido."
"npm","log-update","6.1.0","frontend:desarrollo","herramienta; no inferir inclusion","igual frontend; no depende del proveedor","MIT","frontend/package-lock.json:node_modules/log-update","https://www.npmjs.com/package/log-update/v/6.1.0","PENDIENTE REVISION","El lock incluye plataformas opcionales; no equivale al contenido distribuido."
"npm","lru-cache","11.5.2","frontend:desarrollo","herramienta; no inferir inclusion","igual frontend; no depende del proveedor","BlueOak-1.0.0","frontend/package-lock.json:node_modules/lru-cache","https://www.npmjs.com/package/lru-cache/v/11.5.2","PENDIENTE REVISION","El lock incluye plataformas opcionales; no equivale al contenido distribuido."
"npm","magic-string","0.30.21","frontend:desarrollo","herramienta; no inferir inclusion","igual frontend; no depende del proveedor","MIT","frontend/package-lock.json:node_modules/@vitest/mocker/node_modules/magic-string","https://www.npmjs.com/package/magic-string/v/0.30.21","PENDIENTE REVISION","El lock incluye plataformas opcionales; no equivale al contenido distribuido."
"npm","magic-string","0.30.21","frontend:desarrollo","herramienta; no inferir inclusion","igual frontend; no depende del proveedor","MIT","frontend/package-lock.json:node_modules/@vitest/snapshot/node_modules/magic-string","https://www.npmjs.com/package/magic-string/v/0.30.21","PENDIENTE REVISION","El lock incluye plataformas opcionales; no equivale al contenido distribuido."
"npm","magic-string","0.30.21","frontend:desarrollo","herramienta; no inferir inclusion","igual frontend; no depende del proveedor","MIT","frontend/package-lock.json:node_modules/vitest/node_modules/magic-string","https://www.npmjs.com/package/magic-string/v/0.30.21","PENDIENTE REVISION","El lock incluye plataformas opcionales; no equivale al contenido distribuido."
"npm","magic-string","1.0.0","frontend:desarrollo","herramienta; no inferir inclusion","igual frontend; no depende del proveedor","MIT","frontend/package-lock.json:node_modules/magic-string","https://www.npmjs.com/package/magic-string/v/1.0.0","PENDIENTE REVISION","El lock incluye plataformas opcionales; no equivale al contenido distribuido."
"npm","marked","14.0.0","frontend:grafo produccion","posible codigo en bundle","igual frontend; no depende del proveedor","MIT","frontend/package-lock.json:node_modules/marked","https://www.npmjs.com/package/marked/v/14.0.0","PENDIENTE REVISION","El lock incluye plataformas opcionales; no equivale al contenido distribuido."
"npm","math-intrinsics","1.1.0","frontend:desarrollo","herramienta; no inferir inclusion","igual frontend; no depende del proveedor","MIT","frontend/package-lock.json:node_modules/math-intrinsics","https://www.npmjs.com/package/math-intrinsics/v/1.1.0","PENDIENTE REVISION","El lock incluye plataformas opcionales; no equivale al contenido distribuido."
"npm","mdn-data","2.27.1","frontend:desarrollo","herramienta; no inferir inclusion","igual frontend; no depende del proveedor","CC0-1.0","frontend/package-lock.json:node_modules/mdn-data","https://www.npmjs.com/package/mdn-data/v/2.27.1","PENDIENTE REVISION","El lock incluye plataformas opcionales; no equivale al contenido distribuido."
"npm","media-typer","1.1.1","frontend:desarrollo","herramienta; no inferir inclusion","igual frontend; no depende del proveedor","MIT","frontend/package-lock.json:node_modules/media-typer","https://www.npmjs.com/package/media-typer/v/1.1.1","PENDIENTE REVISION","El lock incluye plataformas opcionales; no equivale al contenido distribuido."
"npm","merge-descriptors","2.0.0","frontend:desarrollo","herramienta; no inferir inclusion","igual frontend; no depende del proveedor","MIT","frontend/package-lock.json:node_modules/merge-descriptors","https://www.npmjs.com/package/merge-descriptors/v/2.0.0","PENDIENTE REVISION","El lock incluye plataformas opcionales; no equivale al contenido distribuido."
"npm","mime-db","1.54.0","frontend:desarrollo","herramienta; no inferir inclusion","igual frontend; no depende del proveedor","MIT","frontend/package-lock.json:node_modules/mime-db","https://www.npmjs.com/package/mime-db/v/1.54.0","PENDIENTE REVISION","El lock incluye plataformas opcionales; no equivale al contenido distribuido."
"npm","mime-types","3.0.2","frontend:desarrollo","herramienta; no inferir inclusion","igual frontend; no depende del proveedor","MIT","frontend/package-lock.json:node_modules/mime-types","https://www.npmjs.com/package/mime-types/v/3.0.2","PENDIENTE REVISION","El lock incluye plataformas opcionales; no equivale al contenido distribuido."
"npm","mimic-function","5.0.1","frontend:desarrollo","herramienta; no inferir inclusion","igual frontend; no depende del proveedor","MIT","frontend/package-lock.json:node_modules/mimic-function","https://www.npmjs.com/package/mimic-function/v/5.0.1","PENDIENTE REVISION","El lock incluye plataformas opcionales; no equivale al contenido distribuido."
"npm","monaco-editor","0.56.0","frontend:grafo produccion","posible codigo en bundle","igual frontend; no depende del proveedor","MIT","frontend/package-lock.json:node_modules/monaco-editor","https://www.npmjs.com/package/monaco-editor/v/0.56.0","PENDIENTE REVISION","El lock incluye plataformas opcionales; no equivale al contenido distribuido."
"npm","moo","0.5.3","frontend:grafo produccion","posible codigo en bundle","igual frontend; no depende del proveedor","BSD-3-Clause","frontend/package-lock.json:node_modules/moo","https://www.npmjs.com/package/moo/v/0.5.3","PENDIENTE REVISION","El lock incluye plataformas opcionales; no equivale al contenido distribuido."
"npm","mrmime","2.0.1","frontend:desarrollo","herramienta; no inferir inclusion","igual frontend; no depende del proveedor","MIT","frontend/package-lock.json:node_modules/mrmime","https://www.npmjs.com/package/mrmime/v/2.0.1","PENDIENTE REVISION","El lock incluye plataformas opcionales; no equivale al contenido distribuido."
"npm","ms","2.1.3","frontend:desarrollo","herramienta; no inferir inclusion","igual frontend; no depende del proveedor","MIT","frontend/package-lock.json:node_modules/ms","https://www.npmjs.com/package/ms/v/2.1.3","PENDIENTE REVISION","El lock incluye plataformas opcionales; no equivale al contenido distribuido."
"npm","msgpackr-extract","3.0.4","frontend:desarrollo","herramienta; no inferir inclusion","igual frontend; no depende del proveedor","MIT","frontend/package-lock.json:node_modules/msgpackr-extract","https://www.npmjs.com/package/msgpackr-extract/v/3.0.4","PENDIENTE REVISION","El lock incluye plataformas opcionales; no equivale al contenido distribuido."
"npm","msgpackr","1.12.1","frontend:desarrollo","herramienta; no inferir inclusion","igual frontend; no depende del proveedor","MIT","frontend/package-lock.json:node_modules/msgpackr","https://www.npmjs.com/package/msgpackr/v/1.12.1","PENDIENTE REVISION","El lock incluye plataformas opcionales; no equivale al contenido distribuido."
"npm","mute-stream","3.0.0","frontend:desarrollo","herramienta; no inferir inclusion","igual frontend; no depende del proveedor","ISC","frontend/package-lock.json:node_modules/mute-stream","https://www.npmjs.com/package/mute-stream/v/3.0.0","PENDIENTE REVISION","El lock incluye plataformas opcionales; no equivale al contenido distribuido."
"npm","nanoid","3.3.18","frontend:desarrollo","herramienta; no inferir inclusion","igual frontend; no depende del proveedor","MIT","frontend/package-lock.json:node_modules/nanoid","https://www.npmjs.com/package/nanoid/v/3.3.18","PENDIENTE REVISION","El lock incluye plataformas opcionales; no equivale al contenido distribuido."
"npm","nearley","2.20.1","frontend:grafo produccion","posible codigo en bundle","igual frontend; no depende del proveedor","MIT","frontend/package-lock.json:node_modules/nearley","https://www.npmjs.com/package/nearley/v/2.20.1","PENDIENTE REVISION","El lock incluye plataformas opcionales; no equivale al contenido distribuido."
"npm","negotiator","1.0.0","frontend:desarrollo","herramienta; no inferir inclusion","igual frontend; no depende del proveedor","MIT","frontend/package-lock.json:node_modules/negotiator","https://www.npmjs.com/package/negotiator/v/1.0.0","PENDIENTE REVISION","El lock incluye plataformas opcionales; no equivale al contenido distribuido."
"npm","node-addon-api","6.1.0","frontend:desarrollo","herramienta; no inferir inclusion","igual frontend; no depende del proveedor","MIT","frontend/package-lock.json:node_modules/node-addon-api","https://www.npmjs.com/package/node-addon-api/v/6.1.0","PENDIENTE REVISION","El lock incluye plataformas opcionales; no equivale al contenido distribuido."
"npm","node-addon-api","7.1.1","frontend:desarrollo","herramienta; no inferir inclusion","igual frontend; no depende del proveedor","MIT","frontend/package-lock.json:node_modules/@parcel/watcher/node_modules/node-addon-api","https://www.npmjs.com/package/node-addon-api/v/7.1.1","PENDIENTE REVISION","El lock incluye plataformas opcionales; no equivale al contenido distribuido."
"npm","node-gyp-build-optional-packages","5.2.2","frontend:desarrollo","herramienta; no inferir inclusion","igual frontend; no depende del proveedor","MIT","frontend/package-lock.json:node_modules/node-gyp-build-optional-packages","https://www.npmjs.com/package/node-gyp-build-optional-packages/v/5.2.2","PENDIENTE REVISION","El lock incluye plataformas opcionales; no equivale al contenido distribuido."
"npm","node-releases","2.0.53","frontend:desarrollo","herramienta; no inferir inclusion","igual frontend; no depende del proveedor","MIT","frontend/package-lock.json:node_modules/node-releases","https://www.npmjs.com/package/node-releases/v/2.0.53","PENDIENTE REVISION","El lock incluye plataformas opcionales; no equivale al contenido distribuido."
"npm","npm-package-arg","14.0.0","frontend:desarrollo","herramienta; no inferir inclusion","igual frontend; no depende del proveedor","ISC","frontend/package-lock.json:node_modules/npm-package-arg","https://www.npmjs.com/package/npm-package-arg/v/14.0.0","PENDIENTE REVISION","El lock incluye plataformas opcionales; no equivale al contenido distribuido."
"npm","nth-check","2.1.1","frontend:desarrollo","herramienta; no inferir inclusion","igual frontend; no depende del proveedor","BSD-2-Clause","frontend/package-lock.json:node_modules/nth-check","https://www.npmjs.com/package/nth-check/v/2.1.1","PENDIENTE REVISION","El lock incluye plataformas opcionales; no equivale al contenido distribuido."
"npm","object-assign","4.1.1","frontend:desarrollo","herramienta; no inferir inclusion","igual frontend; no depende del proveedor","MIT","frontend/package-lock.json:node_modules/object-assign","https://www.npmjs.com/package/object-assign/v/4.1.1","PENDIENTE REVISION","El lock incluye plataformas opcionales; no equivale al contenido distribuido."
"npm","object-inspect","1.13.4","frontend:desarrollo","herramienta; no inferir inclusion","igual frontend; no depende del proveedor","MIT","frontend/package-lock.json:node_modules/object-inspect","https://www.npmjs.com/package/object-inspect/v/1.13.4","PENDIENTE REVISION","El lock incluye plataformas opcionales; no equivale al contenido distribuido."
"npm","obug","2.1.4","frontend:desarrollo","herramienta; no inferir inclusion","igual frontend; no depende del proveedor","MIT","frontend/package-lock.json:node_modules/obug","https://www.npmjs.com/package/obug/v/2.1.4","PENDIENTE REVISION","El lock incluye plataformas opcionales; no equivale al contenido distribuido."
"npm","on-finished","2.4.1","frontend:desarrollo","herramienta; no inferir inclusion","igual frontend; no depende del proveedor","MIT","frontend/package-lock.json:node_modules/on-finished","https://www.npmjs.com/package/on-finished/v/2.4.1","PENDIENTE REVISION","El lock incluye plataformas opcionales; no equivale al contenido distribuido."
"npm","once","1.4.0","frontend:desarrollo","herramienta; no inferir inclusion","igual frontend; no depende del proveedor","ISC","frontend/package-lock.json:node_modules/once","https://www.npmjs.com/package/once/v/1.4.0","PENDIENTE REVISION","El lock incluye plataformas opcionales; no equivale al contenido distribuido."
"npm","onetime","7.0.0","frontend:desarrollo","herramienta; no inferir inclusion","igual frontend; no depende del proveedor","MIT","frontend/package-lock.json:node_modules/onetime","https://www.npmjs.com/package/onetime/v/7.0.0","PENDIENTE REVISION","El lock incluye plataformas opcionales; no equivale al contenido distribuido."
"npm","ora","9.4.1","frontend:desarrollo","herramienta; no inferir inclusion","igual frontend; no depende del proveedor","MIT","frontend/package-lock.json:node_modules/ora","https://www.npmjs.com/package/ora/v/9.4.1","PENDIENTE REVISION","El lock incluye plataformas opcionales; no equivale al contenido distribuido."
"npm","ordered-binary","1.6.1","frontend:desarrollo","herramienta; no inferir inclusion","igual frontend; no depende del proveedor","MIT","frontend/package-lock.json:node_modules/ordered-binary","https://www.npmjs.com/package/ordered-binary/v/1.6.1","PENDIENTE REVISION","El lock incluye plataformas opcionales; no equivale al contenido distribuido."
"npm","oxc-parser","0.142.0","frontend:desarrollo","herramienta; no inferir inclusion","igual frontend; no depende del proveedor","MIT","frontend/package-lock.json:node_modules/oxc-parser","https://www.npmjs.com/package/oxc-parser/v/0.142.0","PENDIENTE REVISION","El lock incluye plataformas opcionales; no equivale al contenido distribuido."
"npm","parse5-html-rewriting-stream","8.0.1","frontend:desarrollo","herramienta; no inferir inclusion","igual frontend; no depende del proveedor","MIT","frontend/package-lock.json:node_modules/parse5-html-rewriting-stream","https://www.npmjs.com/package/parse5-html-rewriting-stream/v/8.0.1","PENDIENTE REVISION","El lock incluye plataformas opcionales; no equivale al contenido distribuido."
"npm","parse5-sax-parser","8.0.0","frontend:desarrollo","herramienta; no inferir inclusion","igual frontend; no depende del proveedor","MIT","frontend/package-lock.json:node_modules/parse5-sax-parser","https://www.npmjs.com/package/parse5-sax-parser/v/8.0.0","PENDIENTE REVISION","El lock incluye plataformas opcionales; no equivale al contenido distribuido."
"npm","parse5","8.0.1","frontend:desarrollo","herramienta; no inferir inclusion","igual frontend; no depende del proveedor","MIT","frontend/package-lock.json:node_modules/parse5","https://www.npmjs.com/package/parse5/v/8.0.1","PENDIENTE REVISION","El lock incluye plataformas opcionales; no equivale al contenido distribuido."
"npm","parseurl","1.3.3","frontend:desarrollo","herramienta; no inferir inclusion","igual frontend; no depende del proveedor","MIT","frontend/package-lock.json:node_modules/parseurl","https://www.npmjs.com/package/parseurl/v/1.3.3","PENDIENTE REVISION","El lock incluye plataformas opcionales; no equivale al contenido distribuido."
"npm","path-key","3.1.1","frontend:desarrollo","herramienta; no inferir inclusion","igual frontend; no depende del proveedor","MIT","frontend/package-lock.json:node_modules/path-key","https://www.npmjs.com/package/path-key/v/3.1.1","PENDIENTE REVISION","El lock incluye plataformas opcionales; no equivale al contenido distribuido."
"npm","path-to-regexp","8.4.2","frontend:desarrollo","herramienta; no inferir inclusion","igual frontend; no depende del proveedor","MIT","frontend/package-lock.json:node_modules/path-to-regexp","https://www.npmjs.com/package/path-to-regexp/v/8.4.2","PENDIENTE REVISION","El lock incluye plataformas opcionales; no equivale al contenido distribuido."
"npm","pathe","2.0.3","frontend:desarrollo","herramienta; no inferir inclusion","igual frontend; no depende del proveedor","MIT","frontend/package-lock.json:node_modules/pathe","https://www.npmjs.com/package/pathe/v/2.0.3","PENDIENTE REVISION","El lock incluye plataformas opcionales; no equivale al contenido distribuido."
"npm","picocolors","1.1.1","frontend:desarrollo","herramienta; no inferir inclusion","igual frontend; no depende del proveedor","ISC","frontend/package-lock.json:node_modules/picocolors","https://www.npmjs.com/package/picocolors/v/1.1.1","PENDIENTE REVISION","El lock incluye plataformas opcionales; no equivale al contenido distribuido."
"npm","picomatch","4.0.5","frontend:desarrollo","herramienta; no inferir inclusion","igual frontend; no depende del proveedor","MIT","frontend/package-lock.json:node_modules/picomatch","https://www.npmjs.com/package/picomatch/v/4.0.5","PENDIENTE REVISION","El lock incluye plataformas opcionales; no equivale al contenido distribuido."
"npm","piscina","5.2.0","frontend:desarrollo","herramienta; no inferir inclusion","igual frontend; no depende del proveedor","MIT","frontend/package-lock.json:node_modules/piscina","https://www.npmjs.com/package/piscina/v/5.2.0","PENDIENTE REVISION","El lock incluye plataformas opcionales; no equivale al contenido distribuido."
"npm","pkce-challenge","5.0.1","frontend:desarrollo","herramienta; no inferir inclusion","igual frontend; no depende del proveedor","MIT","frontend/package-lock.json:node_modules/pkce-challenge","https://www.npmjs.com/package/pkce-challenge/v/5.0.1","PENDIENTE REVISION","El lock incluye plataformas opcionales; no equivale al contenido distribuido."
"npm","playwright-core","1.62.1","e2e:desarrollo","herramienta; no inferir inclusion","igual frontend; no depende del proveedor","Apache-2.0","e2e/package-lock.json:node_modules/playwright-core","https://www.npmjs.com/package/playwright-core/v/1.62.1","PENDIENTE REVISION","El lock incluye plataformas opcionales; no equivale al contenido distribuido."
"npm","playwright","1.62.1","e2e:desarrollo","herramienta; no inferir inclusion","igual frontend; no depende del proveedor","Apache-2.0","e2e/package-lock.json:node_modules/playwright","https://www.npmjs.com/package/playwright/v/1.62.1","PENDIENTE REVISION","El lock incluye plataformas opcionales; no equivale al contenido distribuido."
"npm","postcss-media-query-parser","0.2.3","frontend:desarrollo","herramienta; no inferir inclusion","igual frontend; no depende del proveedor","MIT","frontend/package-lock.json:node_modules/postcss-media-query-parser","https://www.npmjs.com/package/postcss-media-query-parser/v/0.2.3","PENDIENTE REVISION","El lock incluye plataformas opcionales; no equivale al contenido distribuido."
"npm","postcss-safe-parser","7.0.1","frontend:desarrollo","herramienta; no inferir inclusion","igual frontend; no depende del proveedor","MIT","frontend/package-lock.json:node_modules/postcss-safe-parser","https://www.npmjs.com/package/postcss-safe-parser/v/7.0.1","PENDIENTE REVISION","El lock incluye plataformas opcionales; no equivale al contenido distribuido."
"npm","postcss","8.5.26","frontend:desarrollo","herramienta; no inferir inclusion","igual frontend; no depende del proveedor","MIT","frontend/package-lock.json:node_modules/postcss","https://www.npmjs.com/package/postcss/v/8.5.26","PENDIENTE REVISION","El lock incluye plataformas opcionales; no equivale al contenido distribuido."
"npm","prettier","3.9.6","frontend:desarrollo","herramienta; no inferir inclusion","igual frontend; no depende del proveedor","MIT","frontend/package-lock.json:node_modules/prettier","https://www.npmjs.com/package/prettier/v/3.9.6","PENDIENTE REVISION","El lock incluye plataformas opcionales; no equivale al contenido distribuido."
"npm","proc-log","7.0.0","frontend:desarrollo","herramienta; no inferir inclusion","igual frontend; no depende del proveedor","ISC","frontend/package-lock.json:node_modules/proc-log","https://www.npmjs.com/package/proc-log/v/7.0.0","PENDIENTE REVISION","El lock incluye plataformas opcionales; no equivale al contenido distribuido."
"npm","proxy-addr","2.0.7","frontend:desarrollo","herramienta; no inferir inclusion","igual frontend; no depende del proveedor","MIT","frontend/package-lock.json:node_modules/proxy-addr","https://www.npmjs.com/package/proxy-addr/v/2.0.7","PENDIENTE REVISION","El lock incluye plataformas opcionales; no equivale al contenido distribuido."
"npm","proxy-agent-negotiate","1.1.0","frontend:desarrollo","herramienta; no inferir inclusion","igual frontend; no depende del proveedor","MIT","frontend/package-lock.json:node_modules/proxy-agent-negotiate","https://www.npmjs.com/package/proxy-agent-negotiate/v/1.1.0","PENDIENTE REVISION","El lock incluye plataformas opcionales; no equivale al contenido distribuido."
"npm","punycode","2.3.1","frontend:desarrollo","herramienta; no inferir inclusion","igual frontend; no depende del proveedor","MIT","frontend/package-lock.json:node_modules/punycode","https://www.npmjs.com/package/punycode/v/2.3.1","PENDIENTE REVISION","El lock incluye plataformas opcionales; no equivale al contenido distribuido."
"npm","qs","6.15.3","frontend:desarrollo","herramienta; no inferir inclusion","igual frontend; no depende del proveedor","BSD-3-Clause","frontend/package-lock.json:node_modules/qs","https://www.npmjs.com/package/qs/v/6.15.3","PENDIENTE REVISION","El lock incluye plataformas opcionales; no equivale al contenido distribuido."
"npm","railroad-diagrams","1.0.0","frontend:grafo produccion","posible codigo en bundle","igual frontend; no depende del proveedor","CC0-1.0","frontend/package-lock.json:node_modules/railroad-diagrams","https://www.npmjs.com/package/railroad-diagrams/v/1.0.0","PENDIENTE REVISION","El lock incluye plataformas opcionales; no equivale al contenido distribuido."
"npm","randexp","0.4.6","frontend:grafo produccion","posible codigo en bundle","igual frontend; no depende del proveedor","MIT","frontend/package-lock.json:node_modules/randexp","https://www.npmjs.com/package/randexp/v/0.4.6","PENDIENTE REVISION","El lock incluye plataformas opcionales; no equivale al contenido distribuido."
"npm","range-parser","1.3.0","frontend:desarrollo","herramienta; no inferir inclusion","igual frontend; no depende del proveedor","MIT","frontend/package-lock.json:node_modules/range-parser","https://www.npmjs.com/package/range-parser/v/1.3.0","PENDIENTE REVISION","El lock incluye plataformas opcionales; no equivale al contenido distribuido."
"npm","raw-body","3.0.2","frontend:desarrollo","herramienta; no inferir inclusion","igual frontend; no depende del proveedor","MIT","frontend/package-lock.json:node_modules/raw-body","https://www.npmjs.com/package/raw-body/v/3.0.2","PENDIENTE REVISION","El lock incluye plataformas opcionales; no equivale al contenido distribuido."
"npm","readdirp","5.1.1","frontend:desarrollo","herramienta; no inferir inclusion","igual frontend; no depende del proveedor","MIT","frontend/package-lock.json:node_modules/readdirp","https://www.npmjs.com/package/readdirp/v/5.1.1","PENDIENTE REVISION","El lock incluye plataformas opcionales; no equivale al contenido distribuido."
"npm","reflect-metadata","0.2.2","frontend:desarrollo","herramienta; no inferir inclusion","igual frontend; no depende del proveedor","Apache-2.0","frontend/package-lock.json:node_modules/reflect-metadata","https://www.npmjs.com/package/reflect-metadata/v/0.2.2","PENDIENTE REVISION","El lock incluye plataformas opcionales; no equivale al contenido distribuido."
"npm","require-from-string","2.0.2","frontend:desarrollo","herramienta; no inferir inclusion","igual frontend; no depende del proveedor","MIT","frontend/package-lock.json:node_modules/require-from-string","https://www.npmjs.com/package/require-from-string/v/2.0.2","PENDIENTE REVISION","El lock incluye plataformas opcionales; no equivale al contenido distribuido."
"npm","restore-cursor","5.1.0","frontend:desarrollo","herramienta; no inferir inclusion","igual frontend; no depende del proveedor","MIT","frontend/package-lock.json:node_modules/restore-cursor","https://www.npmjs.com/package/restore-cursor/v/5.1.0","PENDIENTE REVISION","El lock incluye plataformas opcionales; no equivale al contenido distribuido."
"npm","ret","0.1.15","frontend:grafo produccion","posible codigo en bundle","igual frontend; no depende del proveedor","MIT","frontend/package-lock.json:node_modules/ret","https://www.npmjs.com/package/ret/v/0.1.15","PENDIENTE REVISION","El lock incluye plataformas opcionales; no equivale al contenido distribuido."
"npm","rfdc","1.4.1","frontend:desarrollo","herramienta; no inferir inclusion","igual frontend; no depende del proveedor","MIT","frontend/package-lock.json:node_modules/rfdc","https://www.npmjs.com/package/rfdc/v/1.4.1","PENDIENTE REVISION","El lock incluye plataformas opcionales; no equivale al contenido distribuido."
"npm","rolldown","1.1.5","frontend:desarrollo","herramienta; no inferir inclusion","igual frontend; no depende del proveedor","MIT","frontend/package-lock.json:node_modules/vite/node_modules/rolldown","https://www.npmjs.com/package/rolldown/v/1.1.5","PENDIENTE REVISION","El lock incluye plataformas opcionales; no equivale al contenido distribuido."
"npm","rolldown","1.2.0","frontend:desarrollo","herramienta; no inferir inclusion","igual frontend; no depende del proveedor","MIT","frontend/package-lock.json:node_modules/rolldown","https://www.npmjs.com/package/rolldown/v/1.2.0","PENDIENTE REVISION","El lock incluye plataformas opcionales; no equivale al contenido distribuido."
"npm","router","2.2.0","frontend:desarrollo","herramienta; no inferir inclusion","igual frontend; no depende del proveedor","MIT","frontend/package-lock.json:node_modules/router","https://www.npmjs.com/package/router/v/2.2.0","PENDIENTE REVISION","El lock incluye plataformas opcionales; no equivale al contenido distribuido."
"npm","rxjs","7.8.2","frontend:grafo produccion","posible codigo en bundle","igual frontend; no depende del proveedor","Apache-2.0","frontend/package-lock.json:node_modules/rxjs","https://www.npmjs.com/package/rxjs/v/7.8.2","PENDIENTE REVISION","El lock incluye plataformas opcionales; no equivale al contenido distribuido."
"npm","safer-buffer","2.1.2","frontend:desarrollo","herramienta; no inferir inclusion","igual frontend; no depende del proveedor","MIT","frontend/package-lock.json:node_modules/safer-buffer","https://www.npmjs.com/package/safer-buffer/v/2.1.2","PENDIENTE REVISION","El lock incluye plataformas opcionales; no equivale al contenido distribuido."
"npm","sass","1.101.0","frontend:desarrollo","herramienta; no inferir inclusion","igual frontend; no depende del proveedor","MIT","frontend/package-lock.json:node_modules/sass","https://www.npmjs.com/package/sass/v/1.101.0","PENDIENTE REVISION","El lock incluye plataformas opcionales; no equivale al contenido distribuido."
"npm","saxes","6.0.0","frontend:desarrollo","herramienta; no inferir inclusion","igual frontend; no depende del proveedor","ISC","frontend/package-lock.json:node_modules/saxes","https://www.npmjs.com/package/saxes/v/6.0.0","PENDIENTE REVISION","El lock incluye plataformas opcionales; no equivale al contenido distribuido."
"npm","semver","7.8.5","frontend:desarrollo","herramienta; no inferir inclusion","igual frontend; no depende del proveedor","ISC","frontend/package-lock.json:node_modules/semver","https://www.npmjs.com/package/semver/v/7.8.5","PENDIENTE REVISION","El lock incluye plataformas opcionales; no equivale al contenido distribuido."
"npm","send","1.2.1","frontend:desarrollo","herramienta; no inferir inclusion","igual frontend; no depende del proveedor","MIT","frontend/package-lock.json:node_modules/send","https://www.npmjs.com/package/send/v/1.2.1","PENDIENTE REVISION","El lock incluye plataformas opcionales; no equivale al contenido distribuido."
"npm","serve-static","2.2.1","frontend:desarrollo","herramienta; no inferir inclusion","igual frontend; no depende del proveedor","MIT","frontend/package-lock.json:node_modules/serve-static","https://www.npmjs.com/package/serve-static/v/2.2.1","PENDIENTE REVISION","El lock incluye plataformas opcionales; no equivale al contenido distribuido."
"npm","setprototypeof","1.2.0","frontend:desarrollo","herramienta; no inferir inclusion","igual frontend; no depende del proveedor","ISC","frontend/package-lock.json:node_modules/setprototypeof","https://www.npmjs.com/package/setprototypeof/v/1.2.0","PENDIENTE REVISION","El lock incluye plataformas opcionales; no equivale al contenido distribuido."
"npm","shebang-command","2.0.0","frontend:desarrollo","herramienta; no inferir inclusion","igual frontend; no depende del proveedor","MIT","frontend/package-lock.json:node_modules/shebang-command","https://www.npmjs.com/package/shebang-command/v/2.0.0","PENDIENTE REVISION","El lock incluye plataformas opcionales; no equivale al contenido distribuido."
"npm","shebang-regex","3.0.0","frontend:desarrollo","herramienta; no inferir inclusion","igual frontend; no depende del proveedor","MIT","frontend/package-lock.json:node_modules/shebang-regex","https://www.npmjs.com/package/shebang-regex/v/3.0.0","PENDIENTE REVISION","El lock incluye plataformas opcionales; no equivale al contenido distribuido."
"npm","side-channel-list","1.0.1","frontend:desarrollo","herramienta; no inferir inclusion","igual frontend; no depende del proveedor","MIT","frontend/package-lock.json:node_modules/side-channel-list","https://www.npmjs.com/package/side-channel-list/v/1.0.1","PENDIENTE REVISION","El lock incluye plataformas opcionales; no equivale al contenido distribuido."
"npm","side-channel-map","1.0.1","frontend:desarrollo","herramienta; no inferir inclusion","igual frontend; no depende del proveedor","MIT","frontend/package-lock.json:node_modules/side-channel-map","https://www.npmjs.com/package/side-channel-map/v/1.0.1","PENDIENTE REVISION","El lock incluye plataformas opcionales; no equivale al contenido distribuido."
"npm","side-channel-weakmap","1.0.2","frontend:desarrollo","herramienta; no inferir inclusion","igual frontend; no depende del proveedor","MIT","frontend/package-lock.json:node_modules/side-channel-weakmap","https://www.npmjs.com/package/side-channel-weakmap/v/1.0.2","PENDIENTE REVISION","El lock incluye plataformas opcionales; no equivale al contenido distribuido."
"npm","side-channel","1.1.1","frontend:desarrollo","herramienta; no inferir inclusion","igual frontend; no depende del proveedor","MIT","frontend/package-lock.json:node_modules/side-channel","https://www.npmjs.com/package/side-channel/v/1.1.1","PENDIENTE REVISION","El lock incluye plataformas opcionales; no equivale al contenido distribuido."
"npm","siginfo","2.0.0","frontend:desarrollo","herramienta; no inferir inclusion","igual frontend; no depende del proveedor","ISC","frontend/package-lock.json:node_modules/siginfo","https://www.npmjs.com/package/siginfo/v/2.0.0","PENDIENTE REVISION","El lock incluye plataformas opcionales; no equivale al contenido distribuido."
"npm","signal-exit","4.1.0","frontend:desarrollo","herramienta; no inferir inclusion","igual frontend; no depende del proveedor","ISC","frontend/package-lock.json:node_modules/signal-exit","https://www.npmjs.com/package/signal-exit/v/4.1.0","PENDIENTE REVISION","El lock incluye plataformas opcionales; no equivale al contenido distribuido."
"npm","slice-ansi","7.1.2","frontend:desarrollo","herramienta; no inferir inclusion","igual frontend; no depende del proveedor","MIT","frontend/package-lock.json:node_modules/log-update/node_modules/slice-ansi","https://www.npmjs.com/package/slice-ansi/v/7.1.2","PENDIENTE REVISION","El lock incluye plataformas opcionales; no equivale al contenido distribuido."
"npm","slice-ansi","8.0.0","frontend:desarrollo","herramienta; no inferir inclusion","igual frontend; no depende del proveedor","MIT","frontend/package-lock.json:node_modules/slice-ansi","https://www.npmjs.com/package/slice-ansi/v/8.0.0","PENDIENTE REVISION","El lock incluye plataformas opcionales; no equivale al contenido distribuido."
"npm","source-map-js","1.2.1","frontend:desarrollo","herramienta; no inferir inclusion","igual frontend; no depende del proveedor","BSD-3-Clause","frontend/package-lock.json:node_modules/source-map-js","https://www.npmjs.com/package/source-map-js/v/1.2.1","PENDIENTE REVISION","El lock incluye plataformas opcionales; no equivale al contenido distribuido."
"npm","source-map-support","0.5.21","frontend:desarrollo","herramienta; no inferir inclusion","igual frontend; no depende del proveedor","MIT","frontend/package-lock.json:node_modules/source-map-support","https://www.npmjs.com/package/source-map-support/v/0.5.21","PENDIENTE REVISION","El lock incluye plataformas opcionales; no equivale al contenido distribuido."
"npm","source-map","0.6.1","frontend:desarrollo","herramienta; no inferir inclusion","igual frontend; no depende del proveedor","BSD-3-Clause","frontend/package-lock.json:node_modules/source-map-support/node_modules/source-map","https://www.npmjs.com/package/source-map/v/0.6.1","PENDIENTE REVISION","El lock incluye plataformas opcionales; no equivale al contenido distribuido."
"npm","source-map","0.7.6","frontend:desarrollo","herramienta; no inferir inclusion","igual frontend; no depende del proveedor","BSD-3-Clause","frontend/package-lock.json:node_modules/source-map","https://www.npmjs.com/package/source-map/v/0.7.6","PENDIENTE REVISION","El lock incluye plataformas opcionales; no equivale al contenido distribuido."
"npm","sql-formatter","15.8.2","frontend:grafo produccion","posible codigo en bundle","igual frontend; no depende del proveedor","MIT","frontend/package-lock.json:node_modules/sql-formatter","https://www.npmjs.com/package/sql-formatter/v/15.8.2","PENDIENTE REVISION","El lock incluye plataformas opcionales; no equivale al contenido distribuido."
"npm","stackback","0.0.2","frontend:desarrollo","herramienta; no inferir inclusion","igual frontend; no depende del proveedor","MIT","frontend/package-lock.json:node_modules/stackback","https://www.npmjs.com/package/stackback/v/0.0.2","PENDIENTE REVISION","El lock incluye plataformas opcionales; no equivale al contenido distribuido."
"npm","statuses","2.0.2","frontend:desarrollo","herramienta; no inferir inclusion","igual frontend; no depende del proveedor","MIT","frontend/package-lock.json:node_modules/statuses","https://www.npmjs.com/package/statuses/v/2.0.2","PENDIENTE REVISION","El lock incluye plataformas opcionales; no equivale al contenido distribuido."
"npm","std-env","4.2.0","frontend:desarrollo","herramienta; no inferir inclusion","igual frontend; no depende del proveedor","MIT","frontend/package-lock.json:node_modules/std-env","https://www.npmjs.com/package/std-env/v/4.2.0","PENDIENTE REVISION","El lock incluye plataformas opcionales; no equivale al contenido distribuido."
"npm","stdin-discarder","0.3.2","frontend:desarrollo","herramienta; no inferir inclusion","igual frontend; no depende del proveedor","MIT","frontend/package-lock.json:node_modules/stdin-discarder","https://www.npmjs.com/package/stdin-discarder/v/0.3.2","PENDIENTE REVISION","El lock incluye plataformas opcionales; no equivale al contenido distribuido."
"npm","string-width","7.2.0","frontend:desarrollo","herramienta; no inferir inclusion","igual frontend; no depende del proveedor","MIT","frontend/package-lock.json:node_modules/cliui/node_modules/string-width","https://www.npmjs.com/package/string-width/v/7.2.0","PENDIENTE REVISION","El lock incluye plataformas opcionales; no equivale al contenido distribuido."
"npm","string-width","7.2.0","frontend:desarrollo","herramienta; no inferir inclusion","igual frontend; no depende del proveedor","MIT","frontend/package-lock.json:node_modules/log-update/node_modules/string-width","https://www.npmjs.com/package/string-width/v/7.2.0","PENDIENTE REVISION","El lock incluye plataformas opcionales; no equivale al contenido distribuido."
"npm","string-width","7.2.0","frontend:desarrollo","herramienta; no inferir inclusion","igual frontend; no depende del proveedor","MIT","frontend/package-lock.json:node_modules/yargs/node_modules/string-width","https://www.npmjs.com/package/string-width/v/7.2.0","PENDIENTE REVISION","El lock incluye plataformas opcionales; no equivale al contenido distribuido."
"npm","string-width","8.2.2","frontend:desarrollo","herramienta; no inferir inclusion","igual frontend; no depende del proveedor","MIT","frontend/package-lock.json:node_modules/string-width","https://www.npmjs.com/package/string-width/v/8.2.2","PENDIENTE REVISION","El lock incluye plataformas opcionales; no equivale al contenido distribuido."
"npm","strip-ansi","7.2.0","frontend:desarrollo","herramienta; no inferir inclusion","igual frontend; no depende del proveedor","MIT","frontend/package-lock.json:node_modules/strip-ansi","https://www.npmjs.com/package/strip-ansi/v/7.2.0","PENDIENTE REVISION","El lock incluye plataformas opcionales; no equivale al contenido distribuido."
"npm","symbol-tree","3.2.4","frontend:desarrollo","herramienta; no inferir inclusion","igual frontend; no depende del proveedor","MIT","frontend/package-lock.json:node_modules/symbol-tree","https://www.npmjs.com/package/symbol-tree/v/3.2.4","PENDIENTE REVISION","El lock incluye plataformas opcionales; no equivale al contenido distribuido."
"npm","tinybench","2.9.0","frontend:desarrollo","herramienta; no inferir inclusion","igual frontend; no depende del proveedor","MIT","frontend/package-lock.json:node_modules/tinybench","https://www.npmjs.com/package/tinybench/v/2.9.0","PENDIENTE REVISION","El lock incluye plataformas opcionales; no equivale al contenido distribuido."
"npm","tinyexec","1.3.0","frontend:desarrollo","herramienta; no inferir inclusion","igual frontend; no depende del proveedor","MIT","frontend/package-lock.json:node_modules/tinyexec","https://www.npmjs.com/package/tinyexec/v/1.3.0","PENDIENTE REVISION","El lock incluye plataformas opcionales; no equivale al contenido distribuido."
"npm","tinyglobby","0.2.17","frontend:desarrollo","herramienta; no inferir inclusion","igual frontend; no depende del proveedor","MIT","frontend/package-lock.json:node_modules/tinyglobby","https://www.npmjs.com/package/tinyglobby/v/0.2.17","PENDIENTE REVISION","El lock incluye plataformas opcionales; no equivale al contenido distribuido."
"npm","tinyrainbow","3.1.1","frontend:desarrollo","herramienta; no inferir inclusion","igual frontend; no depende del proveedor","MIT","frontend/package-lock.json:node_modules/tinyrainbow","https://www.npmjs.com/package/tinyrainbow/v/3.1.1","PENDIENTE REVISION","El lock incluye plataformas opcionales; no equivale al contenido distribuido."
"npm","tldts-core","7.4.10","frontend:desarrollo","herramienta; no inferir inclusion","igual frontend; no depende del proveedor","MIT","frontend/package-lock.json:node_modules/tldts-core","https://www.npmjs.com/package/tldts-core/v/7.4.10","PENDIENTE REVISION","El lock incluye plataformas opcionales; no equivale al contenido distribuido."
"npm","tldts","7.4.10","frontend:desarrollo","herramienta; no inferir inclusion","igual frontend; no depende del proveedor","MIT","frontend/package-lock.json:node_modules/tldts","https://www.npmjs.com/package/tldts/v/7.4.10","PENDIENTE REVISION","El lock incluye plataformas opcionales; no equivale al contenido distribuido."
"npm","toidentifier","1.0.1","frontend:desarrollo","herramienta; no inferir inclusion","igual frontend; no depende del proveedor","MIT","frontend/package-lock.json:node_modules/toidentifier","https://www.npmjs.com/package/toidentifier/v/1.0.1","PENDIENTE REVISION","El lock incluye plataformas opcionales; no equivale al contenido distribuido."
"npm","tough-cookie","6.0.2","frontend:desarrollo","herramienta; no inferir inclusion","igual frontend; no depende del proveedor","BSD-3-Clause","frontend/package-lock.json:node_modules/tough-cookie","https://www.npmjs.com/package/tough-cookie/v/6.0.2","PENDIENTE REVISION","El lock incluye plataformas opcionales; no equivale al contenido distribuido."
"npm","tr46","6.0.0","frontend:desarrollo","herramienta; no inferir inclusion","igual frontend; no depende del proveedor","MIT","frontend/package-lock.json:node_modules/tr46","https://www.npmjs.com/package/tr46/v/6.0.0","PENDIENTE REVISION","El lock incluye plataformas opcionales; no equivale al contenido distribuido."
"npm","tslib","2.8.1","frontend:grafo produccion","posible codigo en bundle","igual frontend; no depende del proveedor","0BSD","frontend/package-lock.json:node_modules/tslib","https://www.npmjs.com/package/tslib/v/2.8.1","PENDIENTE REVISION","El lock incluye plataformas opcionales; no equivale al contenido distribuido."
"npm","type-is","2.1.0","frontend:desarrollo","herramienta; no inferir inclusion","igual frontend; no depende del proveedor","MIT","frontend/package-lock.json:node_modules/type-is","https://www.npmjs.com/package/type-is/v/2.1.0","PENDIENTE REVISION","El lock incluye plataformas opcionales; no equivale al contenido distribuido."
"npm","typescript","6.0.3","frontend:desarrollo","herramienta; no inferir inclusion","igual frontend; no depende del proveedor","Apache-2.0","frontend/package-lock.json:node_modules/typescript","https://www.npmjs.com/package/typescript/v/6.0.3","PENDIENTE REVISION","El lock incluye plataformas opcionales; no equivale al contenido distribuido."
"npm","typescript","7.0.2","e2e:desarrollo","herramienta; no inferir inclusion","igual frontend; no depende del proveedor","Apache-2.0","e2e/package-lock.json:node_modules/typescript","https://www.npmjs.com/package/typescript/v/7.0.2","PENDIENTE REVISION","El lock incluye plataformas opcionales; no equivale al contenido distribuido."
"npm","undici-types","8.3.0","e2e:desarrollo","herramienta; no inferir inclusion","igual frontend; no depende del proveedor","MIT","e2e/package-lock.json:node_modules/undici-types","https://www.npmjs.com/package/undici-types/v/8.3.0","PENDIENTE REVISION","El lock incluye plataformas opcionales; no equivale al contenido distribuido."
"npm","undici","7.29.0","frontend:desarrollo","herramienta; no inferir inclusion","igual frontend; no depende del proveedor","MIT","frontend/package-lock.json:node_modules/undici","https://www.npmjs.com/package/undici/v/7.29.0","PENDIENTE REVISION","El lock incluye plataformas opcionales; no equivale al contenido distribuido."
"npm","unpipe","1.0.0","frontend:desarrollo","herramienta; no inferir inclusion","igual frontend; no depende del proveedor","MIT","frontend/package-lock.json:node_modules/unpipe","https://www.npmjs.com/package/unpipe/v/1.0.0","PENDIENTE REVISION","El lock incluye plataformas opcionales; no equivale al contenido distribuido."
"npm","update-browserslist-db","1.3.1","frontend:desarrollo","herramienta; no inferir inclusion","igual frontend; no depende del proveedor","MIT","frontend/package-lock.json:node_modules/update-browserslist-db","https://www.npmjs.com/package/update-browserslist-db/v/1.3.1","PENDIENTE REVISION","El lock incluye plataformas opcionales; no equivale al contenido distribuido."
"npm","validate-npm-package-name","8.0.0","frontend:desarrollo","herramienta; no inferir inclusion","igual frontend; no depende del proveedor","ISC","frontend/package-lock.json:node_modules/validate-npm-package-name","https://www.npmjs.com/package/validate-npm-package-name/v/8.0.0","PENDIENTE REVISION","El lock incluye plataformas opcionales; no equivale al contenido distribuido."
"npm","vary","1.1.2","frontend:desarrollo","herramienta; no inferir inclusion","igual frontend; no depende del proveedor","MIT","frontend/package-lock.json:node_modules/vary","https://www.npmjs.com/package/vary/v/1.1.2","PENDIENTE REVISION","El lock incluye plataformas opcionales; no equivale al contenido distribuido."
"npm","vite","8.1.5","frontend:desarrollo","herramienta; no inferir inclusion","igual frontend; no depende del proveedor","MIT","frontend/package-lock.json:node_modules/vite","https://www.npmjs.com/package/vite/v/8.1.5","PENDIENTE REVISION","El lock incluye plataformas opcionales; no equivale al contenido distribuido."
"npm","vitest","4.1.10","frontend:desarrollo","herramienta; no inferir inclusion","igual frontend; no depende del proveedor","MIT","frontend/package-lock.json:node_modules/vitest","https://www.npmjs.com/package/vitest/v/4.1.10","PENDIENTE REVISION","El lock incluye plataformas opcionales; no equivale al contenido distribuido."
"npm","w3c-xmlserializer","5.0.0","frontend:desarrollo","herramienta; no inferir inclusion","igual frontend; no depende del proveedor","MIT","frontend/package-lock.json:node_modules/w3c-xmlserializer","https://www.npmjs.com/package/w3c-xmlserializer/v/5.0.0","PENDIENTE REVISION","El lock incluye plataformas opcionales; no equivale al contenido distribuido."
"npm","watchpack","2.5.2","frontend:desarrollo","herramienta; no inferir inclusion","igual frontend; no depende del proveedor","MIT","frontend/package-lock.json:node_modules/watchpack","https://www.npmjs.com/package/watchpack/v/2.5.2","PENDIENTE REVISION","El lock incluye plataformas opcionales; no equivale al contenido distribuido."
"npm","weak-lru-cache","1.2.2","frontend:desarrollo","herramienta; no inferir inclusion","igual frontend; no depende del proveedor","MIT","frontend/package-lock.json:node_modules/weak-lru-cache","https://www.npmjs.com/package/weak-lru-cache/v/1.2.2","PENDIENTE REVISION","El lock incluye plataformas opcionales; no equivale al contenido distribuido."
"npm","webidl-conversions","8.0.1","frontend:desarrollo","herramienta; no inferir inclusion","igual frontend; no depende del proveedor","BSD-2-Clause","frontend/package-lock.json:node_modules/webidl-conversions","https://www.npmjs.com/package/webidl-conversions/v/8.0.1","PENDIENTE REVISION","El lock incluye plataformas opcionales; no equivale al contenido distribuido."
"npm","whatwg-mimetype","5.0.0","frontend:desarrollo","herramienta; no inferir inclusion","igual frontend; no depende del proveedor","MIT","frontend/package-lock.json:node_modules/whatwg-mimetype","https://www.npmjs.com/package/whatwg-mimetype/v/5.0.0","PENDIENTE REVISION","El lock incluye plataformas opcionales; no equivale al contenido distribuido."
"npm","whatwg-url","16.0.1","frontend:desarrollo","herramienta; no inferir inclusion","igual frontend; no depende del proveedor","MIT","frontend/package-lock.json:node_modules/whatwg-url","https://www.npmjs.com/package/whatwg-url/v/16.0.1","PENDIENTE REVISION","El lock incluye plataformas opcionales; no equivale al contenido distribuido."
"npm","which","2.0.2","frontend:desarrollo","herramienta; no inferir inclusion","igual frontend; no depende del proveedor","ISC","frontend/package-lock.json:node_modules/which","https://www.npmjs.com/package/which/v/2.0.2","PENDIENTE REVISION","El lock incluye plataformas opcionales; no equivale al contenido distribuido."
"npm","why-is-node-running","2.3.0","frontend:desarrollo","herramienta; no inferir inclusion","igual frontend; no depende del proveedor","MIT","frontend/package-lock.json:node_modules/why-is-node-running","https://www.npmjs.com/package/why-is-node-running/v/2.3.0","PENDIENTE REVISION","El lock incluye plataformas opcionales; no equivale al contenido distribuido."
"npm","wrap-ansi","10.0.0","frontend:desarrollo","herramienta; no inferir inclusion","igual frontend; no depende del proveedor","MIT","frontend/package-lock.json:node_modules/wrap-ansi","https://www.npmjs.com/package/wrap-ansi/v/10.0.0","PENDIENTE REVISION","El lock incluye plataformas opcionales; no equivale al contenido distribuido."
"npm","wrap-ansi","9.0.2","frontend:desarrollo","herramienta; no inferir inclusion","igual frontend; no depende del proveedor","MIT","frontend/package-lock.json:node_modules/cliui/node_modules/wrap-ansi","https://www.npmjs.com/package/wrap-ansi/v/9.0.2","PENDIENTE REVISION","El lock incluye plataformas opcionales; no equivale al contenido distribuido."
"npm","wrap-ansi","9.0.2","frontend:desarrollo","herramienta; no inferir inclusion","igual frontend; no depende del proveedor","MIT","frontend/package-lock.json:node_modules/log-update/node_modules/wrap-ansi","https://www.npmjs.com/package/wrap-ansi/v/9.0.2","PENDIENTE REVISION","El lock incluye plataformas opcionales; no equivale al contenido distribuido."
"npm","wrappy","1.0.2","frontend:desarrollo","herramienta; no inferir inclusion","igual frontend; no depende del proveedor","ISC","frontend/package-lock.json:node_modules/wrappy","https://www.npmjs.com/package/wrappy/v/1.0.2","PENDIENTE REVISION","El lock incluye plataformas opcionales; no equivale al contenido distribuido."
"npm","xml-name-validator","5.0.0","frontend:desarrollo","herramienta; no inferir inclusion","igual frontend; no depende del proveedor","Apache-2.0","frontend/package-lock.json:node_modules/xml-name-validator","https://www.npmjs.com/package/xml-name-validator/v/5.0.0","PENDIENTE REVISION","El lock incluye plataformas opcionales; no equivale al contenido distribuido."
"npm","xmlchars","2.2.0","frontend:desarrollo","herramienta; no inferir inclusion","igual frontend; no depende del proveedor","MIT","frontend/package-lock.json:node_modules/xmlchars","https://www.npmjs.com/package/xmlchars/v/2.2.0","PENDIENTE REVISION","El lock incluye plataformas opcionales; no equivale al contenido distribuido."
"npm","y18n","5.0.8","frontend:desarrollo","herramienta; no inferir inclusion","igual frontend; no depende del proveedor","ISC","frontend/package-lock.json:node_modules/y18n","https://www.npmjs.com/package/y18n/v/5.0.8","PENDIENTE REVISION","El lock incluye plataformas opcionales; no equivale al contenido distribuido."
"npm","yargs-parser","22.0.0","frontend:desarrollo","herramienta; no inferir inclusion","igual frontend; no depende del proveedor","ISC","frontend/package-lock.json:node_modules/yargs-parser","https://www.npmjs.com/package/yargs-parser/v/22.0.0","PENDIENTE REVISION","El lock incluye plataformas opcionales; no equivale al contenido distribuido."
"npm","yargs","18.0.0","frontend:desarrollo","herramienta; no inferir inclusion","igual frontend; no depende del proveedor","MIT","frontend/package-lock.json:node_modules/yargs","https://www.npmjs.com/package/yargs/v/18.0.0","PENDIENTE REVISION","El lock incluye plataformas opcionales; no equivale al contenido distribuido."
"npm","yoctocolors","2.2.0","frontend:desarrollo","herramienta; no inferir inclusion","igual frontend; no depende del proveedor","MIT","frontend/package-lock.json:node_modules/yoctocolors","https://www.npmjs.com/package/yoctocolors/v/2.2.0","PENDIENTE REVISION","El lock incluye plataformas opcionales; no equivale al contenido distribuido."
"npm","zod-to-json-schema","3.25.2","frontend:desarrollo","herramienta; no inferir inclusion","igual frontend; no depende del proveedor","ISC","frontend/package-lock.json:node_modules/zod-to-json-schema","https://www.npmjs.com/package/zod-to-json-schema/v/3.25.2","PENDIENTE REVISION","El lock incluye plataformas opcionales; no equivale al contenido distribuido."
"npm","zod","4.4.3","frontend:grafo produccion","posible codigo en bundle","igual frontend; no depende del proveedor","MIT","frontend/package-lock.json:node_modules/zod","https://www.npmjs.com/package/zod/v/4.4.3","PENDIENTE REVISION","El lock incluye plataformas opcionales; no equivale al contenido distribuido."
"NuGet","BouncyCastle.Cryptography","2.7.0","backend/src/Druse.Host.LocalApi;backend/src/Druse.Ssh;backend/tests/Druse.IntegrationTests","grafo host","grafo host inferido","MIT","NuGet:BouncyCastle.Cryptography/2.7.0/bouncycastle.cryptography.nuspec","https://www.nuget.org/packages/BouncyCastle.Cryptography/2.7.0","PENDIENTE REVISION","Inferencia desde assets restaurados: confirmar con publicacion limpia y archivos del paquete."
"NuGet","ClosedXML.Parser","2.0.0","backend/src/Druse.Host.LocalApi;backend/src/Druse.Infrastructure;backend/tests/Druse.IntegrationTests;backend/tests/Druse.UnitTests","grafo host","grafo host inferido","MIT","NuGet:ClosedXML.Parser/2.0.0/closedxml.parser.nuspec","https://www.nuget.org/packages/ClosedXML.Parser/2.0.0","PENDIENTE REVISION","Inferencia desde assets restaurados: confirmar con publicacion limpia y archivos del paquete."
"NuGet","ClosedXML","0.105.1","backend/src/Druse.Host.LocalApi;backend/src/Druse.Infrastructure;backend/tests/Druse.IntegrationTests;backend/tests/Druse.UnitTests","grafo host","grafo host inferido","MIT","NuGet:ClosedXML/0.105.1/closedxml.nuspec","https://www.nuget.org/packages/ClosedXML/0.105.1","PENDIENTE REVISION","Inferencia desde assets restaurados: confirmar con publicacion limpia y archivos del paquete."
"NuGet","coverlet.collector","6.0.4","backend/tests/Druse.IntegrationTests;backend/tests/Druse.ProviderContractTests;backend/tests/Druse.UnitTests","build/test/runtime pack","sin inferir","MIT","NuGet:coverlet.collector/6.0.4/coverlet.collector.nuspec","https://www.nuget.org/packages/coverlet.collector/6.0.4","PENDIENTE REVISION","Inferencia desde assets restaurados: confirmar con publicacion limpia y archivos del paquete."
"NuGet","DocumentFormat.OpenXml.Framework","3.1.1","backend/src/Druse.Host.LocalApi;backend/src/Druse.Infrastructure;backend/tests/Druse.IntegrationTests;backend/tests/Druse.UnitTests","grafo host","grafo host inferido","MIT","NuGet:DocumentFormat.OpenXml.Framework/3.1.1/documentformat.openxml.framework.nuspec","https://www.nuget.org/packages/DocumentFormat.OpenXml.Framework/3.1.1","PENDIENTE REVISION","Inferencia desde assets restaurados: confirmar con publicacion limpia y archivos del paquete."
"NuGet","DocumentFormat.OpenXml","3.1.1","backend/src/Druse.Host.LocalApi;backend/src/Druse.Infrastructure;backend/tests/Druse.IntegrationTests;backend/tests/Druse.UnitTests","grafo host","grafo host inferido","MIT","NuGet:DocumentFormat.OpenXml/3.1.1/documentformat.openxml.nuspec","https://www.nuget.org/packages/DocumentFormat.OpenXml/3.1.1","PENDIENTE REVISION","Inferencia desde assets restaurados: confirmar con publicacion limpia y archivos del paquete."
"NuGet","ExcelNumberFormat","1.1.0","backend/src/Druse.Host.LocalApi;backend/src/Druse.Infrastructure;backend/tests/Druse.IntegrationTests;backend/tests/Druse.UnitTests","grafo host","grafo host inferido","MIT","NuGet:ExcelNumberFormat/1.1.0/excelnumberformat.nuspec","https://www.nuget.org/packages/ExcelNumberFormat/1.1.0","PENDIENTE REVISION","Inferencia desde assets restaurados: confirmar con publicacion limpia y archivos del paquete."
"NuGet","IKVM.ByteCode","9.3.0","backend/src/Druse.Host.LocalApi;backend/src/Druse.Jdbc;backend/src/Druse.Provider.Informix;backend/tests/Druse.IntegrationTests;backend/tests/Druse.ProviderContractTests;backend/tests/Druse.UnitTests","grafo host","excluido del grafo inferido","MIT","NuGet:IKVM.ByteCode/9.3.0/LICENSE","https://www.nuget.org/packages/IKVM.ByteCode/9.3.0","PENDIENTE REVISION","Inferencia desde assets restaurados: confirmar con publicacion limpia y archivos del paquete."
"NuGet","IKVM.Image.runtime.linux-arm","8.11.2","backend/src/Druse.Host.LocalApi;backend/src/Druse.Jdbc;backend/src/Druse.Provider.Informix;backend/tests/Druse.IntegrationTests;backend/tests/Druse.ProviderContractTests;backend/tests/Druse.UnitTests","grafo host","excluido del grafo inferido","IKVM: Zlib y GPL-2.0 con Classpath exception, segun archivo","NuGet:IKVM.Image.runtime.linux-arm/8.11.2/LICENSE.md","https://www.nuget.org/packages/IKVM.Image.runtime.linux-arm/8.11.2","PENDIENTE REVISION","Inferencia desde assets restaurados: confirmar con publicacion limpia y archivos del paquete."
"NuGet","IKVM.Image.runtime.linux-arm64","8.11.2","backend/src/Druse.Host.LocalApi;backend/src/Druse.Jdbc;backend/src/Druse.Provider.Informix;backend/tests/Druse.IntegrationTests;backend/tests/Druse.ProviderContractTests;backend/tests/Druse.UnitTests","grafo host","excluido del grafo inferido","IKVM: Zlib y GPL-2.0 con Classpath exception, segun archivo","NuGet:IKVM.Image.runtime.linux-arm64/8.11.2/LICENSE.md","https://www.nuget.org/packages/IKVM.Image.runtime.linux-arm64/8.11.2","PENDIENTE REVISION","Inferencia desde assets restaurados: confirmar con publicacion limpia y archivos del paquete."
"NuGet","IKVM.Image.runtime.linux-musl-arm","8.11.2","backend/src/Druse.Host.LocalApi;backend/src/Druse.Jdbc;backend/src/Druse.Provider.Informix;backend/tests/Druse.IntegrationTests;backend/tests/Druse.ProviderContractTests;backend/tests/Druse.UnitTests","grafo host","excluido del grafo inferido","IKVM: Zlib y GPL-2.0 con Classpath exception, segun archivo","NuGet:IKVM.Image.runtime.linux-musl-arm/8.11.2/LICENSE.md","https://www.nuget.org/packages/IKVM.Image.runtime.linux-musl-arm/8.11.2","PENDIENTE REVISION","Inferencia desde assets restaurados: confirmar con publicacion limpia y archivos del paquete."
"NuGet","IKVM.Image.runtime.linux-musl-arm64","8.11.2","backend/src/Druse.Host.LocalApi;backend/src/Druse.Jdbc;backend/src/Druse.Provider.Informix;backend/tests/Druse.IntegrationTests;backend/tests/Druse.ProviderContractTests;backend/tests/Druse.UnitTests","grafo host","excluido del grafo inferido","IKVM: Zlib y GPL-2.0 con Classpath exception, segun archivo","NuGet:IKVM.Image.runtime.linux-musl-arm64/8.11.2/LICENSE.md","https://www.nuget.org/packages/IKVM.Image.runtime.linux-musl-arm64/8.11.2","PENDIENTE REVISION","Inferencia desde assets restaurados: confirmar con publicacion limpia y archivos del paquete."
"NuGet","IKVM.Image.runtime.linux-musl-x64","8.11.2","backend/src/Druse.Host.LocalApi;backend/src/Druse.Jdbc;backend/src/Druse.Provider.Informix;backend/tests/Druse.IntegrationTests;backend/tests/Druse.ProviderContractTests;backend/tests/Druse.UnitTests","grafo host","excluido del grafo inferido","IKVM: Zlib y GPL-2.0 con Classpath exception, segun archivo","NuGet:IKVM.Image.runtime.linux-musl-x64/8.11.2/LICENSE.md","https://www.nuget.org/packages/IKVM.Image.runtime.linux-musl-x64/8.11.2","PENDIENTE REVISION","Inferencia desde assets restaurados: confirmar con publicacion limpia y archivos del paquete."
"NuGet","IKVM.Image.runtime.linux-x64","8.11.2","backend/src/Druse.Host.LocalApi;backend/src/Druse.Jdbc;backend/src/Druse.Provider.Informix;backend/tests/Druse.IntegrationTests;backend/tests/Druse.ProviderContractTests;backend/tests/Druse.UnitTests","grafo host","excluido del grafo inferido","IKVM: Zlib y GPL-2.0 con Classpath exception, segun archivo","NuGet:IKVM.Image.runtime.linux-x64/8.11.2/LICENSE.md","https://www.nuget.org/packages/IKVM.Image.runtime.linux-x64/8.11.2","PENDIENTE REVISION","Inferencia desde assets restaurados: confirmar con publicacion limpia y archivos del paquete."
"NuGet","IKVM.Image.runtime.osx-arm64","8.11.2","backend/src/Druse.Host.LocalApi;backend/src/Druse.Jdbc;backend/src/Druse.Provider.Informix;backend/tests/Druse.IntegrationTests;backend/tests/Druse.ProviderContractTests;backend/tests/Druse.UnitTests","grafo host","excluido del grafo inferido","IKVM: Zlib y GPL-2.0 con Classpath exception, segun archivo","NuGet:IKVM.Image.runtime.osx-arm64/8.11.2/LICENSE.md","https://www.nuget.org/packages/IKVM.Image.runtime.osx-arm64/8.11.2","PENDIENTE REVISION","Inferencia desde assets restaurados: confirmar con publicacion limpia y archivos del paquete."
"NuGet","IKVM.Image.runtime.osx-x64","8.11.2","backend/src/Druse.Host.LocalApi;backend/src/Druse.Jdbc;backend/src/Druse.Provider.Informix;backend/tests/Druse.IntegrationTests;backend/tests/Druse.ProviderContractTests;backend/tests/Druse.UnitTests","grafo host","excluido del grafo inferido","IKVM: Zlib y GPL-2.0 con Classpath exception, segun archivo","NuGet:IKVM.Image.runtime.osx-x64/8.11.2/LICENSE.md","https://www.nuget.org/packages/IKVM.Image.runtime.osx-x64/8.11.2","PENDIENTE REVISION","Inferencia desde assets restaurados: confirmar con publicacion limpia y archivos del paquete."
"NuGet","IKVM.Image.runtime.win-arm64","8.11.2","backend/src/Druse.Host.LocalApi;backend/src/Druse.Jdbc;backend/src/Druse.Provider.Informix;backend/tests/Druse.IntegrationTests;backend/tests/Druse.ProviderContractTests;backend/tests/Druse.UnitTests","grafo host","excluido del grafo inferido","IKVM: Zlib y GPL-2.0 con Classpath exception, segun archivo","NuGet:IKVM.Image.runtime.win-arm64/8.11.2/LICENSE.md","https://www.nuget.org/packages/IKVM.Image.runtime.win-arm64/8.11.2","PENDIENTE REVISION","Inferencia desde assets restaurados: confirmar con publicacion limpia y archivos del paquete."
"NuGet","IKVM.Image.runtime.win-x64","8.11.2","backend/src/Druse.Host.LocalApi;backend/src/Druse.Jdbc;backend/src/Druse.Provider.Informix;backend/tests/Druse.IntegrationTests;backend/tests/Druse.ProviderContractTests;backend/tests/Druse.UnitTests","grafo host","excluido del grafo inferido","IKVM: Zlib y GPL-2.0 con Classpath exception, segun archivo","NuGet:IKVM.Image.runtime.win-x64/8.11.2/LICENSE.md","https://www.nuget.org/packages/IKVM.Image.runtime.win-x64/8.11.2","PENDIENTE REVISION","Inferencia desde assets restaurados: confirmar con publicacion limpia y archivos del paquete."
"NuGet","IKVM.Image.runtime.win-x86","8.11.2","backend/src/Druse.Host.LocalApi;backend/src/Druse.Jdbc;backend/src/Druse.Provider.Informix;backend/tests/Druse.IntegrationTests;backend/tests/Druse.ProviderContractTests;backend/tests/Druse.UnitTests","grafo host","excluido del grafo inferido","IKVM: Zlib y GPL-2.0 con Classpath exception, segun archivo","NuGet:IKVM.Image.runtime.win-x86/8.11.2/LICENSE.md","https://www.nuget.org/packages/IKVM.Image.runtime.win-x86/8.11.2","PENDIENTE REVISION","Inferencia desde assets restaurados: confirmar con publicacion limpia y archivos del paquete."
"NuGet","IKVM.Image","8.11.2","backend/src/Druse.Host.LocalApi;backend/src/Druse.Jdbc;backend/src/Druse.Provider.Informix;backend/tests/Druse.IntegrationTests;backend/tests/Druse.ProviderContractTests;backend/tests/Druse.UnitTests","grafo host","excluido del grafo inferido","IKVM: Zlib y GPL-2.0 con Classpath exception, segun archivo","NuGet:IKVM.Image/8.11.2/LICENSE.md","https://www.nuget.org/packages/IKVM.Image/8.11.2","PENDIENTE REVISION","Inferencia desde assets restaurados: confirmar con publicacion limpia y archivos del paquete."
"NuGet","IKVM.Maven.Sdk","1.9.3","backend/src/Druse.Host.LocalApi;backend/src/Druse.Jdbc;backend/src/Druse.Provider.Informix;backend/tests/Druse.IntegrationTests;backend/tests/Druse.ProviderContractTests;backend/tests/Druse.UnitTests","grafo host","excluido del grafo inferido","MIT","NuGet:IKVM.Maven.Sdk/1.9.3/LICENSE.md","https://www.nuget.org/packages/IKVM.Maven.Sdk/1.9.3","PENDIENTE REVISION","Inferencia desde assets restaurados: confirmar con publicacion limpia y archivos del paquete."
"NuGet","IKVM.MSBuild.Tools.runtime.linux-arm","8.11.2","backend/src/Druse.Host.LocalApi;backend/src/Druse.Jdbc;backend/src/Druse.Provider.Informix;backend/tests/Druse.IntegrationTests;backend/tests/Druse.ProviderContractTests;backend/tests/Druse.UnitTests","grafo host","excluido del grafo inferido","IKVM: Zlib y GPL-2.0 con Classpath exception, segun archivo","NuGet:IKVM.MSBuild.Tools.runtime.linux-arm/8.11.2/LICENSE.md","https://www.nuget.org/packages/IKVM.MSBuild.Tools.runtime.linux-arm/8.11.2","PENDIENTE REVISION","Inferencia desde assets restaurados: confirmar con publicacion limpia y archivos del paquete."
"NuGet","IKVM.MSBuild.Tools.runtime.linux-arm64","8.11.2","backend/src/Druse.Host.LocalApi;backend/src/Druse.Jdbc;backend/src/Druse.Provider.Informix;backend/tests/Druse.IntegrationTests;backend/tests/Druse.ProviderContractTests;backend/tests/Druse.UnitTests","grafo host","excluido del grafo inferido","IKVM: Zlib y GPL-2.0 con Classpath exception, segun archivo","NuGet:IKVM.MSBuild.Tools.runtime.linux-arm64/8.11.2/LICENSE.md","https://www.nuget.org/packages/IKVM.MSBuild.Tools.runtime.linux-arm64/8.11.2","PENDIENTE REVISION","Inferencia desde assets restaurados: confirmar con publicacion limpia y archivos del paquete."
"NuGet","IKVM.MSBuild.Tools.runtime.linux-x64","8.11.2","backend/src/Druse.Host.LocalApi;backend/src/Druse.Jdbc;backend/src/Druse.Provider.Informix;backend/tests/Druse.IntegrationTests;backend/tests/Druse.ProviderContractTests;backend/tests/Druse.UnitTests","grafo host","excluido del grafo inferido","IKVM: Zlib y GPL-2.0 con Classpath exception, segun archivo","NuGet:IKVM.MSBuild.Tools.runtime.linux-x64/8.11.2/LICENSE.md","https://www.nuget.org/packages/IKVM.MSBuild.Tools.runtime.linux-x64/8.11.2","PENDIENTE REVISION","Inferencia desde assets restaurados: confirmar con publicacion limpia y archivos del paquete."
"NuGet","IKVM.MSBuild.Tools.runtime.osx-arm64","8.11.2","backend/src/Druse.Host.LocalApi;backend/src/Druse.Jdbc;backend/src/Druse.Provider.Informix;backend/tests/Druse.IntegrationTests;backend/tests/Druse.ProviderContractTests;backend/tests/Druse.UnitTests","grafo host","excluido del grafo inferido","IKVM: Zlib y GPL-2.0 con Classpath exception, segun archivo","NuGet:IKVM.MSBuild.Tools.runtime.osx-arm64/8.11.2/LICENSE.md","https://www.nuget.org/packages/IKVM.MSBuild.Tools.runtime.osx-arm64/8.11.2","PENDIENTE REVISION","Inferencia desde assets restaurados: confirmar con publicacion limpia y archivos del paquete."
"NuGet","IKVM.MSBuild.Tools.runtime.osx-x64","8.11.2","backend/src/Druse.Host.LocalApi;backend/src/Druse.Jdbc;backend/src/Druse.Provider.Informix;backend/tests/Druse.IntegrationTests;backend/tests/Druse.ProviderContractTests;backend/tests/Druse.UnitTests","grafo host","excluido del grafo inferido","IKVM: Zlib y GPL-2.0 con Classpath exception, segun archivo","NuGet:IKVM.MSBuild.Tools.runtime.osx-x64/8.11.2/LICENSE.md","https://www.nuget.org/packages/IKVM.MSBuild.Tools.runtime.osx-x64/8.11.2","PENDIENTE REVISION","Inferencia desde assets restaurados: confirmar con publicacion limpia y archivos del paquete."
"NuGet","IKVM.MSBuild.Tools.runtime.win-arm64","8.11.2","backend/src/Druse.Host.LocalApi;backend/src/Druse.Jdbc;backend/src/Druse.Provider.Informix;backend/tests/Druse.IntegrationTests;backend/tests/Druse.ProviderContractTests;backend/tests/Druse.UnitTests","grafo host","excluido del grafo inferido","IKVM: Zlib y GPL-2.0 con Classpath exception, segun archivo","NuGet:IKVM.MSBuild.Tools.runtime.win-arm64/8.11.2/LICENSE.md","https://www.nuget.org/packages/IKVM.MSBuild.Tools.runtime.win-arm64/8.11.2","PENDIENTE REVISION","Inferencia desde assets restaurados: confirmar con publicacion limpia y archivos del paquete."
"NuGet","IKVM.MSBuild.Tools.runtime.win-x64","8.11.2","backend/src/Druse.Host.LocalApi;backend/src/Druse.Jdbc;backend/src/Druse.Provider.Informix;backend/tests/Druse.IntegrationTests;backend/tests/Druse.ProviderContractTests;backend/tests/Druse.UnitTests","grafo host","excluido del grafo inferido","IKVM: Zlib y GPL-2.0 con Classpath exception, segun archivo","NuGet:IKVM.MSBuild.Tools.runtime.win-x64/8.11.2/LICENSE.md","https://www.nuget.org/packages/IKVM.MSBuild.Tools.runtime.win-x64/8.11.2","PENDIENTE REVISION","Inferencia desde assets restaurados: confirmar con publicacion limpia y archivos del paquete."
"NuGet","IKVM.MSBuild.Tools","8.11.2","backend/src/Druse.Host.LocalApi;backend/src/Druse.Jdbc;backend/src/Druse.Provider.Informix;backend/tests/Druse.IntegrationTests;backend/tests/Druse.ProviderContractTests;backend/tests/Druse.UnitTests","grafo host","excluido del grafo inferido","IKVM: Zlib y GPL-2.0 con Classpath exception, segun archivo","NuGet:IKVM.MSBuild.Tools/8.11.2/LICENSE.md","https://www.nuget.org/packages/IKVM.MSBuild.Tools/8.11.2","PENDIENTE REVISION","Inferencia desde assets restaurados: confirmar con publicacion limpia y archivos del paquete."
"NuGet","IKVM.MSBuild","8.11.2","backend/src/Druse.Host.LocalApi;backend/src/Druse.Jdbc;backend/src/Druse.Provider.Informix;backend/tests/Druse.IntegrationTests;backend/tests/Druse.ProviderContractTests;backend/tests/Druse.UnitTests","grafo host","excluido del grafo inferido","IKVM: Zlib y GPL-2.0 con Classpath exception, segun archivo","NuGet:IKVM.MSBuild/8.11.2/LICENSE.md","https://www.nuget.org/packages/IKVM.MSBuild/8.11.2","PENDIENTE REVISION","Inferencia desde assets restaurados: confirmar con publicacion limpia y archivos del paquete."
"NuGet","IKVM","8.11.2","backend/src/Druse.Host.LocalApi;backend/src/Druse.Jdbc;backend/src/Druse.Provider.Informix;backend/tests/Druse.IntegrationTests;backend/tests/Druse.ProviderContractTests;backend/tests/Druse.UnitTests","grafo host","excluido del grafo inferido","IKVM: Zlib y GPL-2.0 con Classpath exception, segun archivo","NuGet:IKVM/8.11.2/LICENSE.md","https://www.nuget.org/packages/IKVM/8.11.2","PENDIENTE REVISION","Inferencia desde assets restaurados: confirmar con publicacion limpia y archivos del paquete."
"NuGet","Microsoft.AspNetCore.App.Runtime.win-x64","10.0.12","runtime pack de restauracion","build/test/runtime pack","sin inferir","MIT","NuGet:Microsoft.AspNetCore.App.Runtime.win-x64/10.0.12/microsoft.aspnetcore.app.runtime.win-x64.nuspec","https://www.nuget.org/packages/Microsoft.AspNetCore.App.Runtime.win-x64/10.0.12","PENDIENTE REVISION","Inferencia desde assets restaurados: confirmar con publicacion limpia y archivos del paquete."
"NuGet","Microsoft.AspNetCore.Mvc.Testing","10.0.11","backend/tests/Druse.IntegrationTests","build/test/runtime pack","sin inferir","MIT","NuGet:Microsoft.AspNetCore.Mvc.Testing/10.0.11/microsoft.aspnetcore.mvc.testing.nuspec","https://www.nuget.org/packages/Microsoft.AspNetCore.Mvc.Testing/10.0.11","PENDIENTE REVISION","Inferencia desde assets restaurados: confirmar con publicacion limpia y archivos del paquete."
"NuGet","Microsoft.AspNetCore.OpenApi","10.0.10","backend/src/Druse.Host.LocalApi;backend/tests/Druse.IntegrationTests","grafo host","grafo host inferido","MIT","NuGet:Microsoft.AspNetCore.OpenApi/10.0.10/microsoft.aspnetcore.openapi.nuspec","https://www.nuget.org/packages/Microsoft.AspNetCore.OpenApi/10.0.10","PENDIENTE REVISION","Inferencia desde assets restaurados: confirmar con publicacion limpia y archivos del paquete."
"NuGet","Microsoft.AspNetCore.TestHost","10.0.11","backend/tests/Druse.IntegrationTests","build/test/runtime pack","sin inferir","MIT","NuGet:Microsoft.AspNetCore.TestHost/10.0.11/microsoft.aspnetcore.testhost.nuspec","https://www.nuget.org/packages/Microsoft.AspNetCore.TestHost/10.0.11","PENDIENTE REVISION","Inferencia desde assets restaurados: confirmar con publicacion limpia y archivos del paquete."
"NuGet","Microsoft.Bcl.Cryptography","9.0.13","backend/src/Druse.Host.LocalApi;backend/src/Druse.Provider.SqlServer;backend/tests/Druse.IntegrationTests;backend/tests/Druse.ProviderContractTests;backend/tests/Druse.UnitTests","grafo host","grafo host inferido","MIT","NuGet:Microsoft.Bcl.Cryptography/9.0.13/microsoft.bcl.cryptography.nuspec","https://www.nuget.org/packages/Microsoft.Bcl.Cryptography/9.0.13","PENDIENTE REVISION","Inferencia desde assets restaurados: confirmar con publicacion limpia y archivos del paquete."
"NuGet","Microsoft.CodeCoverage","17.14.1","backend/tests/Druse.IntegrationTests;backend/tests/Druse.ProviderContractTests;backend/tests/Druse.UnitTests","build/test/runtime pack","sin inferir","MIT","NuGet:Microsoft.CodeCoverage/17.14.1/microsoft.codecoverage.nuspec","https://www.nuget.org/packages/Microsoft.CodeCoverage/17.14.1","PENDIENTE REVISION","Inferencia desde assets restaurados: confirmar con publicacion limpia y archivos del paquete."
"NuGet","Microsoft.Data.SqlClient.Extensions.Abstractions","7.0.2","backend/src/Druse.Host.LocalApi;backend/src/Druse.Provider.SqlServer;backend/tests/Druse.IntegrationTests;backend/tests/Druse.ProviderContractTests;backend/tests/Druse.UnitTests","grafo host","grafo host inferido","MIT","NuGet:Microsoft.Data.SqlClient.Extensions.Abstractions/7.0.2/microsoft.data.sqlclient.extensions.abstractions.nuspec","https://www.nuget.org/packages/Microsoft.Data.SqlClient.Extensions.Abstractions/7.0.2","PENDIENTE REVISION","Inferencia desde assets restaurados: confirmar con publicacion limpia y archivos del paquete."
"NuGet","Microsoft.Data.SqlClient.Internal.Logging","7.0.2","backend/src/Druse.Host.LocalApi;backend/src/Druse.Provider.SqlServer;backend/tests/Druse.IntegrationTests;backend/tests/Druse.ProviderContractTests;backend/tests/Druse.UnitTests","grafo host","grafo host inferido","MIT","NuGet:Microsoft.Data.SqlClient.Internal.Logging/7.0.2/microsoft.data.sqlclient.internal.logging.nuspec","https://www.nuget.org/packages/Microsoft.Data.SqlClient.Internal.Logging/7.0.2","PENDIENTE REVISION","Inferencia desde assets restaurados: confirmar con publicacion limpia y archivos del paquete."
"NuGet","Microsoft.Data.SqlClient.SNI.runtime","6.0.2","backend/src/Druse.Host.LocalApi;backend/src/Druse.Provider.SqlServer;backend/tests/Druse.IntegrationTests;backend/tests/Druse.ProviderContractTests;backend/tests/Druse.UnitTests","grafo host","grafo host inferido","Microsoft Software License Terms - SQLCLIENT SNI","NuGet:Microsoft.Data.SqlClient.SNI.runtime/6.0.2/LICENSE.txt","https://www.nuget.org/packages/Microsoft.Data.SqlClient.SNI.runtime/6.0.2","PENDIENTE REVISION","Inferencia desde assets restaurados: confirmar con publicacion limpia y archivos del paquete."
"NuGet","Microsoft.Data.SqlClient","7.0.2","backend/src/Druse.Host.LocalApi;backend/src/Druse.Provider.SqlServer;backend/tests/Druse.IntegrationTests;backend/tests/Druse.ProviderContractTests;backend/tests/Druse.UnitTests","grafo host","grafo host inferido","MIT","NuGet:Microsoft.Data.SqlClient/7.0.2/microsoft.data.sqlclient.nuspec","https://www.nuget.org/packages/Microsoft.Data.SqlClient/7.0.2","PENDIENTE REVISION","Inferencia desde assets restaurados: confirmar con publicacion limpia y archivos del paquete."
"NuGet","Microsoft.Data.Sqlite.Core","10.0.11","backend/src/Druse.Host.LocalApi;backend/src/Druse.Persistence.Sqlite;backend/src/Druse.Provider.Sqlite;backend/tests/Druse.IntegrationTests;backend/tests/Druse.ProviderContractTests;backend/tests/Druse.UnitTests","grafo host","grafo host inferido","MIT","NuGet:Microsoft.Data.Sqlite.Core/10.0.11/microsoft.data.sqlite.core.nuspec","https://www.nuget.org/packages/Microsoft.Data.Sqlite.Core/10.0.11","PENDIENTE REVISION","Inferencia desde assets restaurados: confirmar con publicacion limpia y archivos del paquete."
"NuGet","Microsoft.Data.Sqlite","10.0.11","backend/src/Druse.Host.LocalApi;backend/src/Druse.Persistence.Sqlite;backend/src/Druse.Provider.Sqlite;backend/tests/Druse.IntegrationTests;backend/tests/Druse.ProviderContractTests;backend/tests/Druse.UnitTests","grafo host","grafo host inferido","MIT","NuGet:Microsoft.Data.Sqlite/10.0.11/microsoft.data.sqlite.nuspec","https://www.nuget.org/packages/Microsoft.Data.Sqlite/10.0.11","PENDIENTE REVISION","Inferencia desde assets restaurados: confirmar con publicacion limpia y archivos del paquete."
"NuGet","Microsoft.Extensions.Caching.Abstractions","9.0.13","backend/src/Druse.Provider.SqlServer;backend/tests/Druse.IntegrationTests;backend/tests/Druse.ProviderContractTests;backend/tests/Druse.UnitTests","build/test/runtime pack","sin inferir","MIT","NuGet:Microsoft.Extensions.Caching.Abstractions/9.0.13/microsoft.extensions.caching.abstractions.nuspec","https://www.nuget.org/packages/Microsoft.Extensions.Caching.Abstractions/9.0.13","PENDIENTE REVISION","Inferencia desde assets restaurados: confirmar con publicacion limpia y archivos del paquete."
"NuGet","Microsoft.Extensions.Caching.Memory","9.0.13","backend/src/Druse.Provider.SqlServer;backend/tests/Druse.IntegrationTests;backend/tests/Druse.ProviderContractTests;backend/tests/Druse.UnitTests","build/test/runtime pack","sin inferir","MIT","NuGet:Microsoft.Extensions.Caching.Memory/9.0.13/microsoft.extensions.caching.memory.nuspec","https://www.nuget.org/packages/Microsoft.Extensions.Caching.Memory/9.0.13","PENDIENTE REVISION","Inferencia desde assets restaurados: confirmar con publicacion limpia y archivos del paquete."
"NuGet","Microsoft.Extensions.Configuration.Abstractions","10.0.11","backend/tests/Druse.IntegrationTests","build/test/runtime pack","sin inferir","MIT","NuGet:Microsoft.Extensions.Configuration.Abstractions/10.0.11/microsoft.extensions.configuration.abstractions.nuspec","https://www.nuget.org/packages/Microsoft.Extensions.Configuration.Abstractions/10.0.11","PENDIENTE REVISION","Inferencia desde assets restaurados: confirmar con publicacion limpia y archivos del paquete."
"NuGet","Microsoft.Extensions.Configuration.Binder","10.0.11","backend/tests/Druse.IntegrationTests","build/test/runtime pack","sin inferir","MIT","NuGet:Microsoft.Extensions.Configuration.Binder/10.0.11/microsoft.extensions.configuration.binder.nuspec","https://www.nuget.org/packages/Microsoft.Extensions.Configuration.Binder/10.0.11","PENDIENTE REVISION","Inferencia desde assets restaurados: confirmar con publicacion limpia y archivos del paquete."
"NuGet","Microsoft.Extensions.Configuration.CommandLine","10.0.11","backend/tests/Druse.IntegrationTests","build/test/runtime pack","sin inferir","MIT","NuGet:Microsoft.Extensions.Configuration.CommandLine/10.0.11/microsoft.extensions.configuration.commandline.nuspec","https://www.nuget.org/packages/Microsoft.Extensions.Configuration.CommandLine/10.0.11","PENDIENTE REVISION","Inferencia desde assets restaurados: confirmar con publicacion limpia y archivos del paquete."
"NuGet","Microsoft.Extensions.Configuration.EnvironmentVariables","10.0.11","backend/tests/Druse.IntegrationTests","build/test/runtime pack","sin inferir","MIT","NuGet:Microsoft.Extensions.Configuration.EnvironmentVariables/10.0.11/microsoft.extensions.configuration.environmentvariables.nuspec","https://www.nuget.org/packages/Microsoft.Extensions.Configuration.EnvironmentVariables/10.0.11","PENDIENTE REVISION","Inferencia desde assets restaurados: confirmar con publicacion limpia y archivos del paquete."
"NuGet","Microsoft.Extensions.Configuration.FileExtensions","10.0.11","backend/tests/Druse.IntegrationTests","build/test/runtime pack","sin inferir","MIT","NuGet:Microsoft.Extensions.Configuration.FileExtensions/10.0.11/microsoft.extensions.configuration.fileextensions.nuspec","https://www.nuget.org/packages/Microsoft.Extensions.Configuration.FileExtensions/10.0.11","PENDIENTE REVISION","Inferencia desde assets restaurados: confirmar con publicacion limpia y archivos del paquete."
"NuGet","Microsoft.Extensions.Configuration.Json","10.0.11","backend/tests/Druse.IntegrationTests","build/test/runtime pack","sin inferir","MIT","NuGet:Microsoft.Extensions.Configuration.Json/10.0.11/microsoft.extensions.configuration.json.nuspec","https://www.nuget.org/packages/Microsoft.Extensions.Configuration.Json/10.0.11","PENDIENTE REVISION","Inferencia desde assets restaurados: confirmar con publicacion limpia y archivos del paquete."
"NuGet","Microsoft.Extensions.Configuration.UserSecrets","10.0.11","backend/tests/Druse.IntegrationTests","build/test/runtime pack","sin inferir","MIT","NuGet:Microsoft.Extensions.Configuration.UserSecrets/10.0.11/microsoft.extensions.configuration.usersecrets.nuspec","https://www.nuget.org/packages/Microsoft.Extensions.Configuration.UserSecrets/10.0.11","PENDIENTE REVISION","Inferencia desde assets restaurados: confirmar con publicacion limpia y archivos del paquete."
"NuGet","Microsoft.Extensions.Configuration","10.0.11","backend/tests/Druse.IntegrationTests","build/test/runtime pack","sin inferir","MIT","NuGet:Microsoft.Extensions.Configuration/10.0.11/microsoft.extensions.configuration.nuspec","https://www.nuget.org/packages/Microsoft.Extensions.Configuration/10.0.11","PENDIENTE REVISION","Inferencia desde assets restaurados: confirmar con publicacion limpia y archivos del paquete."
"NuGet","Microsoft.Extensions.DependencyInjection.Abstractions","10.0.0","backend/src/Druse.Provider.PostgreSql;backend/src/Druse.Provider.SqlServer;backend/tests/Druse.ProviderContractTests;backend/tests/Druse.UnitTests","build/test/runtime pack","sin inferir","MIT","NuGet:Microsoft.Extensions.DependencyInjection.Abstractions/10.0.0/microsoft.extensions.dependencyinjection.abstractions.nuspec","https://www.nuget.org/packages/Microsoft.Extensions.DependencyInjection.Abstractions/10.0.0","PENDIENTE REVISION","Inferencia desde assets restaurados: confirmar con publicacion limpia y archivos del paquete."
"NuGet","Microsoft.Extensions.DependencyInjection.Abstractions","10.0.11","backend/tests/Druse.IntegrationTests","build/test/runtime pack","sin inferir","MIT","NuGet:Microsoft.Extensions.DependencyInjection.Abstractions/10.0.11/microsoft.extensions.dependencyinjection.abstractions.nuspec","https://www.nuget.org/packages/Microsoft.Extensions.DependencyInjection.Abstractions/10.0.11","PENDIENTE REVISION","Inferencia desde assets restaurados: confirmar con publicacion limpia y archivos del paquete."
"NuGet","Microsoft.Extensions.DependencyInjection.Abstractions","8.0.2","backend/src/Druse.Provider.MySql;backend/src/Druse.Ssh","build/test/runtime pack","sin inferir","MIT","NuGet:Microsoft.Extensions.DependencyInjection.Abstractions/8.0.2/microsoft.extensions.dependencyinjection.abstractions.nuspec","https://www.nuget.org/packages/Microsoft.Extensions.DependencyInjection.Abstractions/8.0.2","PENDIENTE REVISION","Inferencia desde assets restaurados: confirmar con publicacion limpia y archivos del paquete."
"NuGet","Microsoft.Extensions.DependencyInjection","10.0.11","backend/tests/Druse.IntegrationTests","build/test/runtime pack","sin inferir","MIT","NuGet:Microsoft.Extensions.DependencyInjection/10.0.11/microsoft.extensions.dependencyinjection.nuspec","https://www.nuget.org/packages/Microsoft.Extensions.DependencyInjection/10.0.11","PENDIENTE REVISION","Inferencia desde assets restaurados: confirmar con publicacion limpia y archivos del paquete."
"NuGet","Microsoft.Extensions.DependencyModel","10.0.11","backend/tests/Druse.IntegrationTests","build/test/runtime pack","sin inferir","MIT","NuGet:Microsoft.Extensions.DependencyModel/10.0.11/microsoft.extensions.dependencymodel.nuspec","https://www.nuget.org/packages/Microsoft.Extensions.DependencyModel/10.0.11","PENDIENTE REVISION","Inferencia desde assets restaurados: confirmar con publicacion limpia y archivos del paquete."
"NuGet","Microsoft.Extensions.DependencyModel","8.0.0","backend/src/Druse.Host.LocalApi;backend/src/Druse.Jdbc;backend/src/Druse.Provider.Informix;backend/tests/Druse.ProviderContractTests;backend/tests/Druse.UnitTests","grafo host","excluido del grafo inferido","MIT","NuGet:Microsoft.Extensions.DependencyModel/8.0.0/microsoft.extensions.dependencymodel.nuspec","https://www.nuget.org/packages/Microsoft.Extensions.DependencyModel/8.0.0","PENDIENTE REVISION","Inferencia desde assets restaurados: confirmar con publicacion limpia y archivos del paquete."
"NuGet","Microsoft.Extensions.Diagnostics.Abstractions","10.0.11","backend/tests/Druse.IntegrationTests","build/test/runtime pack","sin inferir","MIT","NuGet:Microsoft.Extensions.Diagnostics.Abstractions/10.0.11/microsoft.extensions.diagnostics.abstractions.nuspec","https://www.nuget.org/packages/Microsoft.Extensions.Diagnostics.Abstractions/10.0.11","PENDIENTE REVISION","Inferencia desde assets restaurados: confirmar con publicacion limpia y archivos del paquete."
"NuGet","Microsoft.Extensions.Diagnostics","10.0.11","backend/tests/Druse.IntegrationTests","build/test/runtime pack","sin inferir","MIT","NuGet:Microsoft.Extensions.Diagnostics/10.0.11/microsoft.extensions.diagnostics.nuspec","https://www.nuget.org/packages/Microsoft.Extensions.Diagnostics/10.0.11","PENDIENTE REVISION","Inferencia desde assets restaurados: confirmar con publicacion limpia y archivos del paquete."
"NuGet","Microsoft.Extensions.FileProviders.Abstractions","10.0.11","backend/tests/Druse.IntegrationTests","build/test/runtime pack","sin inferir","MIT","NuGet:Microsoft.Extensions.FileProviders.Abstractions/10.0.11/microsoft.extensions.fileproviders.abstractions.nuspec","https://www.nuget.org/packages/Microsoft.Extensions.FileProviders.Abstractions/10.0.11","PENDIENTE REVISION","Inferencia desde assets restaurados: confirmar con publicacion limpia y archivos del paquete."
"NuGet","Microsoft.Extensions.FileProviders.Physical","10.0.11","backend/tests/Druse.IntegrationTests","build/test/runtime pack","sin inferir","MIT","NuGet:Microsoft.Extensions.FileProviders.Physical/10.0.11/microsoft.extensions.fileproviders.physical.nuspec","https://www.nuget.org/packages/Microsoft.Extensions.FileProviders.Physical/10.0.11","PENDIENTE REVISION","Inferencia desde assets restaurados: confirmar con publicacion limpia y archivos del paquete."
"NuGet","Microsoft.Extensions.FileSystemGlobbing","10.0.11","backend/tests/Druse.IntegrationTests","build/test/runtime pack","sin inferir","MIT","NuGet:Microsoft.Extensions.FileSystemGlobbing/10.0.11/microsoft.extensions.filesystemglobbing.nuspec","https://www.nuget.org/packages/Microsoft.Extensions.FileSystemGlobbing/10.0.11","PENDIENTE REVISION","Inferencia desde assets restaurados: confirmar con publicacion limpia y archivos del paquete."
"NuGet","Microsoft.Extensions.Hosting.Abstractions","10.0.11","backend/tests/Druse.IntegrationTests","build/test/runtime pack","sin inferir","MIT","NuGet:Microsoft.Extensions.Hosting.Abstractions/10.0.11/microsoft.extensions.hosting.abstractions.nuspec","https://www.nuget.org/packages/Microsoft.Extensions.Hosting.Abstractions/10.0.11","PENDIENTE REVISION","Inferencia desde assets restaurados: confirmar con publicacion limpia y archivos del paquete."
"NuGet","Microsoft.Extensions.Hosting","10.0.11","backend/tests/Druse.IntegrationTests","build/test/runtime pack","sin inferir","MIT","NuGet:Microsoft.Extensions.Hosting/10.0.11/microsoft.extensions.hosting.nuspec","https://www.nuget.org/packages/Microsoft.Extensions.Hosting/10.0.11","PENDIENTE REVISION","Inferencia desde assets restaurados: confirmar con publicacion limpia y archivos del paquete."
"NuGet","Microsoft.Extensions.Logging.Abstractions","10.0.0","backend/src/Druse.Provider.PostgreSql;backend/src/Druse.Provider.SqlServer;backend/tests/Druse.ProviderContractTests;backend/tests/Druse.UnitTests","build/test/runtime pack","sin inferir","MIT","NuGet:Microsoft.Extensions.Logging.Abstractions/10.0.0/microsoft.extensions.logging.abstractions.nuspec","https://www.nuget.org/packages/Microsoft.Extensions.Logging.Abstractions/10.0.0","PENDIENTE REVISION","Inferencia desde assets restaurados: confirmar con publicacion limpia y archivos del paquete."
"NuGet","Microsoft.Extensions.Logging.Abstractions","10.0.11","backend/tests/Druse.IntegrationTests","build/test/runtime pack","sin inferir","MIT","NuGet:Microsoft.Extensions.Logging.Abstractions/10.0.11/microsoft.extensions.logging.abstractions.nuspec","https://www.nuget.org/packages/Microsoft.Extensions.Logging.Abstractions/10.0.11","PENDIENTE REVISION","Inferencia desde assets restaurados: confirmar con publicacion limpia y archivos del paquete."
"NuGet","Microsoft.Extensions.Logging.Abstractions","8.0.2","backend/src/Druse.Provider.MySql","build/test/runtime pack","sin inferir","MIT","NuGet:Microsoft.Extensions.Logging.Abstractions/8.0.2/microsoft.extensions.logging.abstractions.nuspec","https://www.nuget.org/packages/Microsoft.Extensions.Logging.Abstractions/8.0.2","PENDIENTE REVISION","Inferencia desde assets restaurados: confirmar con publicacion limpia y archivos del paquete."
"NuGet","Microsoft.Extensions.Logging.Abstractions","8.0.3","backend/src/Druse.Ssh","build/test/runtime pack","sin inferir","MIT","NuGet:Microsoft.Extensions.Logging.Abstractions/8.0.3/microsoft.extensions.logging.abstractions.nuspec","https://www.nuget.org/packages/Microsoft.Extensions.Logging.Abstractions/8.0.3","PENDIENTE REVISION","Inferencia desde assets restaurados: confirmar con publicacion limpia y archivos del paquete."
"NuGet","Microsoft.Extensions.Logging.Configuration","10.0.11","backend/tests/Druse.IntegrationTests","build/test/runtime pack","sin inferir","MIT","NuGet:Microsoft.Extensions.Logging.Configuration/10.0.11/microsoft.extensions.logging.configuration.nuspec","https://www.nuget.org/packages/Microsoft.Extensions.Logging.Configuration/10.0.11","PENDIENTE REVISION","Inferencia desde assets restaurados: confirmar con publicacion limpia y archivos del paquete."
"NuGet","Microsoft.Extensions.Logging.Console","10.0.11","backend/tests/Druse.IntegrationTests","build/test/runtime pack","sin inferir","MIT","NuGet:Microsoft.Extensions.Logging.Console/10.0.11/microsoft.extensions.logging.console.nuspec","https://www.nuget.org/packages/Microsoft.Extensions.Logging.Console/10.0.11","PENDIENTE REVISION","Inferencia desde assets restaurados: confirmar con publicacion limpia y archivos del paquete."
"NuGet","Microsoft.Extensions.Logging.Debug","10.0.11","backend/tests/Druse.IntegrationTests","build/test/runtime pack","sin inferir","MIT","NuGet:Microsoft.Extensions.Logging.Debug/10.0.11/microsoft.extensions.logging.debug.nuspec","https://www.nuget.org/packages/Microsoft.Extensions.Logging.Debug/10.0.11","PENDIENTE REVISION","Inferencia desde assets restaurados: confirmar con publicacion limpia y archivos del paquete."
"NuGet","Microsoft.Extensions.Logging.EventLog","10.0.11","backend/tests/Druse.IntegrationTests","build/test/runtime pack","sin inferir","MIT","NuGet:Microsoft.Extensions.Logging.EventLog/10.0.11/microsoft.extensions.logging.eventlog.nuspec","https://www.nuget.org/packages/Microsoft.Extensions.Logging.EventLog/10.0.11","PENDIENTE REVISION","Inferencia desde assets restaurados: confirmar con publicacion limpia y archivos del paquete."
"NuGet","Microsoft.Extensions.Logging.EventSource","10.0.11","backend/tests/Druse.IntegrationTests","build/test/runtime pack","sin inferir","MIT","NuGet:Microsoft.Extensions.Logging.EventSource/10.0.11/microsoft.extensions.logging.eventsource.nuspec","https://www.nuget.org/packages/Microsoft.Extensions.Logging.EventSource/10.0.11","PENDIENTE REVISION","Inferencia desde assets restaurados: confirmar con publicacion limpia y archivos del paquete."
"NuGet","Microsoft.Extensions.Logging","10.0.11","backend/tests/Druse.IntegrationTests","build/test/runtime pack","sin inferir","MIT","NuGet:Microsoft.Extensions.Logging/10.0.11/microsoft.extensions.logging.nuspec","https://www.nuget.org/packages/Microsoft.Extensions.Logging/10.0.11","PENDIENTE REVISION","Inferencia desde assets restaurados: confirmar con publicacion limpia y archivos del paquete."
"NuGet","Microsoft.Extensions.Options.ConfigurationExtensions","10.0.11","backend/tests/Druse.IntegrationTests","build/test/runtime pack","sin inferir","MIT","NuGet:Microsoft.Extensions.Options.ConfigurationExtensions/10.0.11/microsoft.extensions.options.configurationextensions.nuspec","https://www.nuget.org/packages/Microsoft.Extensions.Options.ConfigurationExtensions/10.0.11","PENDIENTE REVISION","Inferencia desde assets restaurados: confirmar con publicacion limpia y archivos del paquete."
"NuGet","Microsoft.Extensions.Options","10.0.11","backend/tests/Druse.IntegrationTests","build/test/runtime pack","sin inferir","MIT","NuGet:Microsoft.Extensions.Options/10.0.11/microsoft.extensions.options.nuspec","https://www.nuget.org/packages/Microsoft.Extensions.Options/10.0.11","PENDIENTE REVISION","Inferencia desde assets restaurados: confirmar con publicacion limpia y archivos del paquete."
"NuGet","Microsoft.Extensions.Options","9.0.13","backend/src/Druse.Provider.SqlServer;backend/tests/Druse.ProviderContractTests;backend/tests/Druse.UnitTests","build/test/runtime pack","sin inferir","MIT","NuGet:Microsoft.Extensions.Options/9.0.13/microsoft.extensions.options.nuspec","https://www.nuget.org/packages/Microsoft.Extensions.Options/9.0.13","PENDIENTE REVISION","Inferencia desde assets restaurados: confirmar con publicacion limpia y archivos del paquete."
"NuGet","Microsoft.Extensions.Primitives","10.0.11","backend/tests/Druse.IntegrationTests","build/test/runtime pack","sin inferir","MIT","NuGet:Microsoft.Extensions.Primitives/10.0.11/microsoft.extensions.primitives.nuspec","https://www.nuget.org/packages/Microsoft.Extensions.Primitives/10.0.11","PENDIENTE REVISION","Inferencia desde assets restaurados: confirmar con publicacion limpia y archivos del paquete."
"NuGet","Microsoft.Extensions.Primitives","9.0.13","backend/src/Druse.Provider.SqlServer;backend/tests/Druse.ProviderContractTests;backend/tests/Druse.UnitTests","build/test/runtime pack","sin inferir","MIT","NuGet:Microsoft.Extensions.Primitives/9.0.13/microsoft.extensions.primitives.nuspec","https://www.nuget.org/packages/Microsoft.Extensions.Primitives/9.0.13","PENDIENTE REVISION","Inferencia desde assets restaurados: confirmar con publicacion limpia y archivos del paquete."
"NuGet","Microsoft.IdentityModel.Abstractions","8.16.0","backend/src/Druse.Host.LocalApi;backend/src/Druse.Provider.SqlServer;backend/tests/Druse.IntegrationTests;backend/tests/Druse.ProviderContractTests;backend/tests/Druse.UnitTests","grafo host","grafo host inferido","MIT","NuGet:Microsoft.IdentityModel.Abstractions/8.16.0/microsoft.identitymodel.abstractions.nuspec","https://www.nuget.org/packages/Microsoft.IdentityModel.Abstractions/8.16.0","PENDIENTE REVISION","Inferencia desde assets restaurados: confirmar con publicacion limpia y archivos del paquete."
"NuGet","Microsoft.IdentityModel.JsonWebTokens","8.16.0","backend/src/Druse.Host.LocalApi;backend/src/Druse.Provider.SqlServer;backend/tests/Druse.IntegrationTests;backend/tests/Druse.ProviderContractTests;backend/tests/Druse.UnitTests","grafo host","grafo host inferido","MIT","NuGet:Microsoft.IdentityModel.JsonWebTokens/8.16.0/microsoft.identitymodel.jsonwebtokens.nuspec","https://www.nuget.org/packages/Microsoft.IdentityModel.JsonWebTokens/8.16.0","PENDIENTE REVISION","Inferencia desde assets restaurados: confirmar con publicacion limpia y archivos del paquete."
"NuGet","Microsoft.IdentityModel.Logging","8.16.0","backend/src/Druse.Host.LocalApi;backend/src/Druse.Provider.SqlServer;backend/tests/Druse.IntegrationTests;backend/tests/Druse.ProviderContractTests;backend/tests/Druse.UnitTests","grafo host","grafo host inferido","MIT","NuGet:Microsoft.IdentityModel.Logging/8.16.0/microsoft.identitymodel.logging.nuspec","https://www.nuget.org/packages/Microsoft.IdentityModel.Logging/8.16.0","PENDIENTE REVISION","Inferencia desde assets restaurados: confirmar con publicacion limpia y archivos del paquete."
"NuGet","Microsoft.IdentityModel.Protocols.OpenIdConnect","8.16.0","backend/src/Druse.Host.LocalApi;backend/src/Druse.Provider.SqlServer;backend/tests/Druse.IntegrationTests;backend/tests/Druse.ProviderContractTests;backend/tests/Druse.UnitTests","grafo host","grafo host inferido","MIT","NuGet:Microsoft.IdentityModel.Protocols.OpenIdConnect/8.16.0/microsoft.identitymodel.protocols.openidconnect.nuspec","https://www.nuget.org/packages/Microsoft.IdentityModel.Protocols.OpenIdConnect/8.16.0","PENDIENTE REVISION","Inferencia desde assets restaurados: confirmar con publicacion limpia y archivos del paquete."
"NuGet","Microsoft.IdentityModel.Protocols","8.16.0","backend/src/Druse.Host.LocalApi;backend/src/Druse.Provider.SqlServer;backend/tests/Druse.IntegrationTests;backend/tests/Druse.ProviderContractTests;backend/tests/Druse.UnitTests","grafo host","grafo host inferido","MIT","NuGet:Microsoft.IdentityModel.Protocols/8.16.0/microsoft.identitymodel.protocols.nuspec","https://www.nuget.org/packages/Microsoft.IdentityModel.Protocols/8.16.0","PENDIENTE REVISION","Inferencia desde assets restaurados: confirmar con publicacion limpia y archivos del paquete."
"NuGet","Microsoft.IdentityModel.Tokens","8.16.0","backend/src/Druse.Host.LocalApi;backend/src/Druse.Provider.SqlServer;backend/tests/Druse.IntegrationTests;backend/tests/Druse.ProviderContractTests;backend/tests/Druse.UnitTests","grafo host","grafo host inferido","MIT","NuGet:Microsoft.IdentityModel.Tokens/8.16.0/microsoft.identitymodel.tokens.nuspec","https://www.nuget.org/packages/Microsoft.IdentityModel.Tokens/8.16.0","PENDIENTE REVISION","Inferencia desde assets restaurados: confirmar con publicacion limpia y archivos del paquete."
"NuGet","Microsoft.NET.Test.Sdk","17.14.1","backend/tests/Druse.IntegrationTests;backend/tests/Druse.ProviderContractTests;backend/tests/Druse.UnitTests","build/test/runtime pack","sin inferir","MIT","NuGet:Microsoft.NET.Test.Sdk/17.14.1/microsoft.net.test.sdk.nuspec","https://www.nuget.org/packages/Microsoft.NET.Test.Sdk/17.14.1","PENDIENTE REVISION","Inferencia desde assets restaurados: confirmar con publicacion limpia y archivos del paquete."
"NuGet","Microsoft.NETCore.App.Runtime.win-x64","10.0.12","runtime pack de restauracion","build/test/runtime pack","sin inferir","MIT","NuGet:Microsoft.NETCore.App.Runtime.win-x64/10.0.12/microsoft.netcore.app.runtime.win-x64.nuspec","https://www.nuget.org/packages/Microsoft.NETCore.App.Runtime.win-x64/10.0.12","PENDIENTE REVISION","Inferencia desde assets restaurados: confirmar con publicacion limpia y archivos del paquete."
"NuGet","Microsoft.OpenApi","2.7.5","backend/src/Druse.Host.LocalApi;backend/tests/Druse.IntegrationTests","grafo host","grafo host inferido","MIT","NuGet:Microsoft.OpenApi/2.7.5/microsoft.openapi.nuspec","https://www.nuget.org/packages/Microsoft.OpenApi/2.7.5","PENDIENTE REVISION","Inferencia desde assets restaurados: confirmar con publicacion limpia y archivos del paquete."
"NuGet","Microsoft.SqlServer.Server","1.0.0","backend/src/Druse.Host.LocalApi;backend/src/Druse.Provider.SqlServer;backend/tests/Druse.IntegrationTests;backend/tests/Druse.ProviderContractTests;backend/tests/Druse.UnitTests","grafo host","grafo host inferido","MIT","NuGet:Microsoft.SqlServer.Server/1.0.0/microsoft.sqlserver.server.nuspec","https://www.nuget.org/packages/Microsoft.SqlServer.Server/1.0.0","PENDIENTE REVISION","Inferencia desde assets restaurados: confirmar con publicacion limpia y archivos del paquete."
"NuGet","Microsoft.TestPlatform.ObjectModel","17.14.1","backend/tests/Druse.IntegrationTests;backend/tests/Druse.ProviderContractTests;backend/tests/Druse.UnitTests","build/test/runtime pack","sin inferir","MIT","NuGet:Microsoft.TestPlatform.ObjectModel/17.14.1/microsoft.testplatform.objectmodel.nuspec","https://www.nuget.org/packages/Microsoft.TestPlatform.ObjectModel/17.14.1","PENDIENTE REVISION","Inferencia desde assets restaurados: confirmar con publicacion limpia y archivos del paquete."
"NuGet","Microsoft.TestPlatform.TestHost","17.14.1","backend/tests/Druse.IntegrationTests;backend/tests/Druse.ProviderContractTests;backend/tests/Druse.UnitTests","build/test/runtime pack","sin inferir","MIT","NuGet:Microsoft.TestPlatform.TestHost/17.14.1/microsoft.testplatform.testhost.nuspec","https://www.nuget.org/packages/Microsoft.TestPlatform.TestHost/17.14.1","PENDIENTE REVISION","Inferencia desde assets restaurados: confirmar con publicacion limpia y archivos del paquete."
"NuGet","Microsoft.WindowsDesktop.App.Runtime.win-x64","10.0.12","runtime pack de restauracion","build/test/runtime pack","sin inferir","MIT","NuGet:Microsoft.WindowsDesktop.App.Runtime.win-x64/10.0.12/microsoft.windowsdesktop.app.runtime.win-x64.nuspec","https://www.nuget.org/packages/Microsoft.WindowsDesktop.App.Runtime.win-x64/10.0.12","PENDIENTE REVISION","Inferencia desde assets restaurados: confirmar con publicacion limpia y archivos del paquete."
"NuGet","MySqlConnector","2.6.2","backend/src/Druse.Host.LocalApi;backend/src/Druse.Provider.MySql;backend/tests/Druse.IntegrationTests;backend/tests/Druse.ProviderContractTests;backend/tests/Druse.UnitTests","grafo host","grafo host inferido","MIT","NuGet:MySqlConnector/2.6.2/mysqlconnector.nuspec","https://www.nuget.org/packages/MySqlConnector/2.6.2","PENDIENTE REVISION","Inferencia desde assets restaurados: confirmar con publicacion limpia y archivos del paquete."
"NuGet","Net.IBM.Data.Db2","10.0.0.200","backend/src/Druse.Host.LocalApi;backend/src/Druse.Provider.Informix;backend/tests/Druse.IntegrationTests;backend/tests/Druse.ProviderContractTests;backend/tests/Druse.UnitTests","grafo host","excluido del grafo inferido","IBM IPLA / License Information","NuGet:Net.IBM.Data.Db2/10.0.0.200/Lic_en.txt","https://www.nuget.org/packages/Net.IBM.Data.Db2/10.0.0.200","PENDIENTE REVISION","Inferencia desde assets restaurados: confirmar con publicacion limpia y archivos del paquete."
"NuGet","Newtonsoft.Json","13.0.3","backend/tests/Druse.IntegrationTests;backend/tests/Druse.ProviderContractTests;backend/tests/Druse.UnitTests","build/test/runtime pack","sin inferir","MIT","NuGet:Newtonsoft.Json/13.0.3/newtonsoft.json.nuspec","https://www.nuget.org/packages/Newtonsoft.Json/13.0.3","PENDIENTE REVISION","Inferencia desde assets restaurados: confirmar con publicacion limpia y archivos del paquete."
"NuGet","Npgsql","10.0.3","backend/src/Druse.Host.LocalApi;backend/src/Druse.Provider.PostgreSql;backend/tests/Druse.IntegrationTests;backend/tests/Druse.ProviderContractTests;backend/tests/Druse.UnitTests","grafo host","grafo host inferido","PostgreSQL","NuGet:Npgsql/10.0.3/npgsql.nuspec","https://www.nuget.org/packages/Npgsql/10.0.3","PENDIENTE REVISION","Inferencia desde assets restaurados: confirmar con publicacion limpia y archivos del paquete."
"NuGet","Oracle.ManagedDataAccess.Core","23.26.301","backend/src/Druse.Host.LocalApi;backend/src/Druse.Provider.Oracle;backend/tests/Druse.IntegrationTests;backend/tests/Druse.ProviderContractTests;backend/tests/Druse.UnitTests","grafo host","grafo host inferido","Oracle Free Distribution, Hosting, and Use Terms and Conditions","NuGet:Oracle.ManagedDataAccess.Core/23.26.301/LICENSE.txt","https://www.nuget.org/packages/Oracle.ManagedDataAccess.Core/23.26.301","PENDIENTE REVISION","Inferencia desde assets restaurados: confirmar con publicacion limpia y archivos del paquete."
"NuGet","RBush.Signed","4.0.0","backend/src/Druse.Host.LocalApi;backend/src/Druse.Infrastructure;backend/tests/Druse.IntegrationTests;backend/tests/Druse.UnitTests","grafo host","grafo host inferido","MIT","NuGet:RBush.Signed/4.0.0/rbush.signed.nuspec","https://www.nuget.org/packages/RBush.Signed/4.0.0","PENDIENTE REVISION","Inferencia desde assets restaurados: confirmar con publicacion limpia y archivos del paquete."
"NuGet","SixLabors.Fonts","1.0.0","backend/src/Druse.Host.LocalApi;backend/src/Druse.Infrastructure;backend/tests/Druse.IntegrationTests;backend/tests/Druse.UnitTests","grafo host","grafo host inferido","Apache-2.0","NuGet:SixLabors.Fonts/1.0.0/sixlabors.fonts.nuspec","https://www.nuget.org/packages/SixLabors.Fonts/1.0.0","PENDIENTE REVISION","Inferencia desde assets restaurados: confirmar con publicacion limpia y archivos del paquete."
"NuGet","SQLitePCLRaw.bundle_e_sqlite3","2.1.12","backend/src/Druse.Host.LocalApi;backend/src/Druse.Persistence.Sqlite;backend/src/Druse.Provider.Sqlite;backend/tests/Druse.IntegrationTests;backend/tests/Druse.ProviderContractTests;backend/tests/Druse.UnitTests","grafo host","grafo host inferido","Apache-2.0","NuGet:SQLitePCLRaw.bundle_e_sqlite3/2.1.12/sqlitepclraw.bundle_e_sqlite3.nuspec","https://www.nuget.org/packages/SQLitePCLRaw.bundle_e_sqlite3/2.1.12","PENDIENTE REVISION","Inferencia desde assets restaurados: confirmar con publicacion limpia y archivos del paquete."
"NuGet","SQLitePCLRaw.core","2.1.12","backend/src/Druse.Host.LocalApi;backend/src/Druse.Persistence.Sqlite;backend/src/Druse.Provider.Sqlite;backend/tests/Druse.IntegrationTests;backend/tests/Druse.ProviderContractTests;backend/tests/Druse.UnitTests","grafo host","grafo host inferido","Apache-2.0","NuGet:SQLitePCLRaw.core/2.1.12/sqlitepclraw.core.nuspec","https://www.nuget.org/packages/SQLitePCLRaw.core/2.1.12","PENDIENTE REVISION","Inferencia desde assets restaurados: confirmar con publicacion limpia y archivos del paquete."
"NuGet","SQLitePCLRaw.lib.e_sqlite3","2.1.12","backend/src/Druse.Host.LocalApi;backend/src/Druse.Persistence.Sqlite;backend/src/Druse.Provider.Sqlite;backend/tests/Druse.IntegrationTests;backend/tests/Druse.ProviderContractTests;backend/tests/Druse.UnitTests","grafo host","grafo host inferido","Apache-2.0","NuGet:SQLitePCLRaw.lib.e_sqlite3/2.1.12/sqlitepclraw.lib.e_sqlite3.nuspec","https://www.nuget.org/packages/SQLitePCLRaw.lib.e_sqlite3/2.1.12","PENDIENTE REVISION","Inferencia desde assets restaurados: confirmar con publicacion limpia y archivos del paquete."
"NuGet","SQLitePCLRaw.provider.e_sqlite3","2.1.12","backend/src/Druse.Host.LocalApi;backend/src/Druse.Persistence.Sqlite;backend/src/Druse.Provider.Sqlite;backend/tests/Druse.IntegrationTests;backend/tests/Druse.ProviderContractTests;backend/tests/Druse.UnitTests","grafo host","grafo host inferido","Apache-2.0","NuGet:SQLitePCLRaw.provider.e_sqlite3/2.1.12/sqlitepclraw.provider.e_sqlite3.nuspec","https://www.nuget.org/packages/SQLitePCLRaw.provider.e_sqlite3/2.1.12","PENDIENTE REVISION","Inferencia desde assets restaurados: confirmar con publicacion limpia y archivos del paquete."
"NuGet","SSH.NET","2026.0.0","backend/src/Druse.Host.LocalApi;backend/src/Druse.Ssh;backend/tests/Druse.IntegrationTests","grafo host","grafo host inferido","MIT","NuGet:SSH.NET/2026.0.0/ssh.net.nuspec","https://www.nuget.org/packages/SSH.NET/2026.0.0","PENDIENTE REVISION","Inferencia desde assets restaurados: confirmar con publicacion limpia y archivos del paquete."
"NuGet","System.Configuration.ConfigurationManager","8.0.0","backend/src/Druse.Provider.Oracle","build/test/runtime pack","sin inferir","MIT","NuGet:System.Configuration.ConfigurationManager/8.0.0/system.configuration.configurationmanager.nuspec","https://www.nuget.org/packages/System.Configuration.ConfigurationManager/8.0.0","PENDIENTE REVISION","Inferencia desde assets restaurados: confirmar con publicacion limpia y archivos del paquete."
"NuGet","System.Configuration.ConfigurationManager","9.0.13","backend/src/Druse.Host.LocalApi;backend/src/Druse.Provider.SqlServer;backend/tests/Druse.IntegrationTests;backend/tests/Druse.ProviderContractTests;backend/tests/Druse.UnitTests","grafo host","grafo host inferido","MIT","NuGet:System.Configuration.ConfigurationManager/9.0.13/system.configuration.configurationmanager.nuspec","https://www.nuget.org/packages/System.Configuration.ConfigurationManager/9.0.13","PENDIENTE REVISION","Inferencia desde assets restaurados: confirmar con publicacion limpia y archivos del paquete."
"NuGet","System.Data.Odbc","8.0.0","backend/src/Druse.Host.LocalApi;backend/src/Druse.Jdbc;backend/src/Druse.Provider.Informix;backend/tests/Druse.IntegrationTests;backend/tests/Druse.ProviderContractTests;backend/tests/Druse.UnitTests","grafo host","excluido del grafo inferido","MIT","NuGet:System.Data.Odbc/8.0.0/system.data.odbc.nuspec","https://www.nuget.org/packages/System.Data.Odbc/8.0.0","PENDIENTE REVISION","Inferencia desde assets restaurados: confirmar con publicacion limpia y archivos del paquete."
"NuGet","System.Diagnostics.EventLog","10.0.11","backend/tests/Druse.IntegrationTests","build/test/runtime pack","sin inferir","MIT","NuGet:System.Diagnostics.EventLog/10.0.11/system.diagnostics.eventlog.nuspec","https://www.nuget.org/packages/System.Diagnostics.EventLog/10.0.11","PENDIENTE REVISION","Inferencia desde assets restaurados: confirmar con publicacion limpia y archivos del paquete."
"NuGet","System.Diagnostics.EventLog","8.0.0","backend/src/Druse.Provider.Oracle","build/test/runtime pack","sin inferir","MIT","NuGet:System.Diagnostics.EventLog/8.0.0/system.diagnostics.eventlog.nuspec","https://www.nuget.org/packages/System.Diagnostics.EventLog/8.0.0","PENDIENTE REVISION","Inferencia desde assets restaurados: confirmar con publicacion limpia y archivos del paquete."
"NuGet","System.Diagnostics.EventLog","9.0.13","backend/src/Druse.Provider.SqlServer;backend/tests/Druse.ProviderContractTests;backend/tests/Druse.UnitTests","build/test/runtime pack","sin inferir","MIT","NuGet:System.Diagnostics.EventLog/9.0.13/system.diagnostics.eventlog.nuspec","https://www.nuget.org/packages/System.Diagnostics.EventLog/9.0.13","PENDIENTE REVISION","Inferencia desde assets restaurados: confirmar con publicacion limpia y archivos del paquete."
"NuGet","System.Diagnostics.PerformanceCounter","8.0.0","backend/src/Druse.Host.LocalApi;backend/src/Druse.Provider.Oracle;backend/tests/Druse.IntegrationTests;backend/tests/Druse.ProviderContractTests;backend/tests/Druse.UnitTests","grafo host","grafo host inferido","MIT","NuGet:System.Diagnostics.PerformanceCounter/8.0.0/system.diagnostics.performancecounter.nuspec","https://www.nuget.org/packages/System.Diagnostics.PerformanceCounter/8.0.0","PENDIENTE REVISION","Inferencia desde assets restaurados: confirmar con publicacion limpia y archivos del paquete."
"NuGet","System.DirectoryServices.Protocols","8.0.2","backend/src/Druse.Host.LocalApi;backend/src/Druse.Provider.Oracle;backend/tests/Druse.IntegrationTests;backend/tests/Druse.ProviderContractTests;backend/tests/Druse.UnitTests","grafo host","grafo host inferido","MIT","NuGet:System.DirectoryServices.Protocols/8.0.2/system.directoryservices.protocols.nuspec","https://www.nuget.org/packages/System.DirectoryServices.Protocols/8.0.2","PENDIENTE REVISION","Inferencia desde assets restaurados: confirmar con publicacion limpia y archivos del paquete."
"NuGet","System.IdentityModel.Tokens.Jwt","8.16.0","backend/src/Druse.Host.LocalApi;backend/src/Druse.Provider.SqlServer;backend/tests/Druse.IntegrationTests;backend/tests/Druse.ProviderContractTests;backend/tests/Druse.UnitTests","grafo host","grafo host inferido","MIT","NuGet:System.IdentityModel.Tokens.Jwt/8.16.0/system.identitymodel.tokens.jwt.nuspec","https://www.nuget.org/packages/System.IdentityModel.Tokens.Jwt/8.16.0","PENDIENTE REVISION","Inferencia desde assets restaurados: confirmar con publicacion limpia y archivos del paquete."
"NuGet","System.IO.Packaging","8.0.1","backend/src/Druse.Host.LocalApi;backend/src/Druse.Infrastructure;backend/tests/Druse.IntegrationTests;backend/tests/Druse.UnitTests","grafo host","grafo host inferido","MIT","NuGet:System.IO.Packaging/8.0.1/system.io.packaging.nuspec","https://www.nuget.org/packages/System.IO.Packaging/8.0.1","PENDIENTE REVISION","Inferencia desde assets restaurados: confirmar con publicacion limpia y archivos del paquete."
"NuGet","System.Security.Cryptography.Pkcs","8.0.1","backend/src/Druse.Provider.Oracle","build/test/runtime pack","sin inferir","MIT","NuGet:System.Security.Cryptography.Pkcs/8.0.1/system.security.cryptography.pkcs.nuspec","https://www.nuget.org/packages/System.Security.Cryptography.Pkcs/8.0.1","PENDIENTE REVISION","Inferencia desde assets restaurados: confirmar con publicacion limpia y archivos del paquete."
"NuGet","System.Security.Cryptography.Pkcs","9.0.13","backend/src/Druse.Host.LocalApi;backend/src/Druse.Provider.SqlServer;backend/tests/Druse.IntegrationTests;backend/tests/Druse.ProviderContractTests;backend/tests/Druse.UnitTests","grafo host","grafo host inferido","MIT","NuGet:System.Security.Cryptography.Pkcs/9.0.13/system.security.cryptography.pkcs.nuspec","https://www.nuget.org/packages/System.Security.Cryptography.Pkcs/9.0.13","PENDIENTE REVISION","Inferencia desde assets restaurados: confirmar con publicacion limpia y archivos del paquete."
"NuGet","System.Security.Cryptography.ProtectedData","8.0.0","backend/src/Druse.Provider.Oracle","build/test/runtime pack","sin inferir","MIT","NuGet:System.Security.Cryptography.ProtectedData/8.0.0/system.security.cryptography.protecteddata.nuspec","https://www.nuget.org/packages/System.Security.Cryptography.ProtectedData/8.0.0","PENDIENTE REVISION","Inferencia desde assets restaurados: confirmar con publicacion limpia y archivos del paquete."
"NuGet","System.Security.Cryptography.ProtectedData","9.0.13","backend/src/Druse.Host.LocalApi;backend/src/Druse.Provider.SqlServer;backend/tests/Druse.IntegrationTests;backend/tests/Druse.ProviderContractTests;backend/tests/Druse.UnitTests","grafo host","grafo host inferido","MIT","NuGet:System.Security.Cryptography.ProtectedData/9.0.13/system.security.cryptography.protecteddata.nuspec","https://www.nuget.org/packages/System.Security.Cryptography.ProtectedData/9.0.13","PENDIENTE REVISION","Inferencia desde assets restaurados: confirmar con publicacion limpia y archivos del paquete."
"NuGet","xunit.abstractions","2.0.3","backend/tests/Druse.IntegrationTests;backend/tests/Druse.ProviderContractTests;backend/tests/Druse.UnitTests","build/test/runtime pack","sin inferir","https://raw.githubusercontent.com/xunit/xunit/master/license.txt","NuGet:xunit.abstractions/2.0.3","https://www.nuget.org/packages/xunit.abstractions/2.0.3","PENDIENTE REVISION","Inferencia desde assets restaurados: confirmar con publicacion limpia y archivos del paquete."
"NuGet","xunit.analyzers","1.18.0","backend/tests/Druse.IntegrationTests;backend/tests/Druse.ProviderContractTests;backend/tests/Druse.UnitTests","build/test/runtime pack","sin inferir","Apache-2.0","NuGet:xunit.analyzers/1.18.0/xunit.analyzers.nuspec","https://www.nuget.org/packages/xunit.analyzers/1.18.0","PENDIENTE REVISION","Inferencia desde assets restaurados: confirmar con publicacion limpia y archivos del paquete."
"NuGet","xunit.assert","2.9.3","backend/tests/Druse.IntegrationTests;backend/tests/Druse.ProviderContractTests;backend/tests/Druse.UnitTests","build/test/runtime pack","sin inferir","Apache-2.0","NuGet:xunit.assert/2.9.3/xunit.assert.nuspec","https://www.nuget.org/packages/xunit.assert/2.9.3","PENDIENTE REVISION","Inferencia desde assets restaurados: confirmar con publicacion limpia y archivos del paquete."
"NuGet","xunit.core","2.9.3","backend/tests/Druse.IntegrationTests;backend/tests/Druse.ProviderContractTests;backend/tests/Druse.UnitTests","build/test/runtime pack","sin inferir","Apache-2.0","NuGet:xunit.core/2.9.3/xunit.core.nuspec","https://www.nuget.org/packages/xunit.core/2.9.3","PENDIENTE REVISION","Inferencia desde assets restaurados: confirmar con publicacion limpia y archivos del paquete."
"NuGet","xunit.extensibility.core","2.9.3","backend/tests/Druse.IntegrationTests;backend/tests/Druse.ProviderContractTests;backend/tests/Druse.UnitTests","build/test/runtime pack","sin inferir","Apache-2.0","NuGet:xunit.extensibility.core/2.9.3/xunit.extensibility.core.nuspec","https://www.nuget.org/packages/xunit.extensibility.core/2.9.3","PENDIENTE REVISION","Inferencia desde assets restaurados: confirmar con publicacion limpia y archivos del paquete."
"NuGet","xunit.extensibility.execution","2.9.3","backend/tests/Druse.IntegrationTests;backend/tests/Druse.ProviderContractTests;backend/tests/Druse.UnitTests","build/test/runtime pack","sin inferir","Apache-2.0","NuGet:xunit.extensibility.execution/2.9.3/xunit.extensibility.execution.nuspec","https://www.nuget.org/packages/xunit.extensibility.execution/2.9.3","PENDIENTE REVISION","Inferencia desde assets restaurados: confirmar con publicacion limpia y archivos del paquete."
"NuGet","xunit.runner.visualstudio","3.1.4","backend/tests/Druse.IntegrationTests;backend/tests/Druse.ProviderContractTests;backend/tests/Druse.UnitTests","build/test/runtime pack","sin inferir","Apache-2.0","NuGet:xunit.runner.visualstudio/3.1.4/xunit.runner.visualstudio.nuspec","https://www.nuget.org/packages/xunit.runner.visualstudio/3.1.4","PENDIENTE REVISION","Inferencia desde assets restaurados: confirmar con publicacion limpia y archivos del paquete."
"NuGet","xunit","2.9.3","backend/tests/Druse.IntegrationTests;backend/tests/Druse.ProviderContractTests;backend/tests/Druse.UnitTests","build/test/runtime pack","sin inferir","Apache-2.0","NuGet:xunit/2.9.3/xunit.nuspec","https://www.nuget.org/packages/xunit/2.9.3","PENDIENTE REVISION","Inferencia desde assets restaurados: confirmar con publicacion limpia y archivos del paquete."
"runtime","WebView2","Evergreen: variable","runtime Windows externo","verificar bootstrapper y terminos","igual","NO DETERMINADA","shells/desktop-tauri/tauri.conf.json","https://developer.microsoft.com/en-us/microsoft-edge/webview2/","PENDIENTE REVISION","No clasificar como OSI sin revisar excepcion de biblioteca de sistema con SignPath."
